time_s altitude_m v_r_mps v_target_mps throttle
0 9999.98 0 -200.5 0
0.1 9999.93 -0.371467 -200.499 0
0.2 9999.83 -0.742935 -200.497 0
0.3 9999.7 -1.1144 -200.494 0
0.4 9999.54 -1.48586 -200.491 0
0.5 9999.33 -1.85732 -200.487 0
0.6 9999.09 -2.22877 -200.482 0
0.7 9998.81 -2.60022 -200.476 0
0.8 9998.5 -2.97165 -200.47 0
0.9 9998.14 -3.34308 -200.463 0
1 9997.75 -3.71449 -200.455 0
1.1 9997.33 -4.0859 -200.447 0
1.2 9996.86 -4.45728 -200.437 0
1.3 9996.36 -4.82865 -200.427 0
1.4 9995.82 -5.2 -200.416 0
1.5 9995.25 -5.57134 -200.405 0
1.6 9994.63 -5.94265 -200.393 0
1.7 9993.98 -6.31394 -200.38 0
1.8 9993.3 -6.6852 -200.366 0
1.9 9992.57 -7.05645 -200.351 0
2 9991.81 -7.42766 -200.336 0
2.1 9991.01 -7.79885 -200.32 0
2.2 9990.18 -8.17 -200.304 0
2.3 9989.3 -8.54113 -200.286 0
2.4 9988.39 -8.91222 -200.268 0
2.5 9987.45 -9.28328 -200.249 0
2.6 9986.46 -9.65431 -200.229 0
2.7 9985.44 -10.0253 -200.209 0
2.8 9984.38 -10.3962 -200.188 0
2.9 9983.29 -10.7672 -200.166 0
3 9982.16 -11.138 -200.143 0
3.1 9980.99 -11.5088 -200.12 0
3.2 9979.78 -11.8796 -200.096 0
3.3 9978.54 -12.2504 -200.071 0
3.4 9977.26 -12.621 -200.045 0
3.5 9975.94 -12.9917 -200.019 0
3.6 9974.58 -13.3623 -199.992 0
3.7 9973.19 -13.7328 -199.964 0
3.8 9971.76 -14.1033 -199.935 0
3.9 9970.3 -14.4737 -199.906 0
4 9968.79 -14.8441 -199.876 0
4.1 9967.25 -15.2144 -199.845 0
4.2 9965.68 -15.5847 -199.814 0
4.3 9964.06 -15.9549 -199.781 0
4.4 9962.41 -16.325 -199.748 0
4.5 9960.72 -16.6951 -199.714 0
4.6 9959 -17.0651 -199.68 0
4.7 9957.24 -17.435 -199.645 0
4.8 9955.44 -17.8049 -199.609 0
4.9 9953.6 -18.1747 -199.572 0
5 9951.73 -18.5444 -199.535 0
5.1 9949.82 -18.9141 -199.496 0
5.2 9947.87 -19.2836 -199.457 0
5.3 9945.89 -19.6532 -199.418 0
5.4 9943.87 -20.0226 -199.377 0
5.5 9941.81 -20.3919 -199.336 0
5.6 9939.72 -20.7612 -199.294 0
5.7 9937.58 -21.1304 -199.252 0
5.8 9935.42 -21.4995 -199.208 0
5.9 9933.21 -21.8685 -199.164 0
6 9930.97 -22.2375 -199.119 0
6.1 9928.69 -22.6063 -199.074 0
6.2 9926.37 -22.9751 -199.027 0
6.3 9924.02 -23.3437 -198.98 0
6.4 9921.63 -23.7123 -198.933 0
6.5 9919.2 -24.0808 -198.884 0
6.6 9916.74 -24.4492 -198.835 0
6.7 9914.24 -24.8175 -198.785 0
6.8 9911.7 -25.1857 -198.734 0
6.9 9909.13 -25.5538 -198.683 0
7 9906.52 -25.9218 -198.63 0
7.1 9903.87 -26.2897 -198.577 0
7.2 9901.19 -26.6575 -198.524 0
7.3 9898.47 -27.0252 -198.469 0
7.4 9895.71 -27.3927 -198.414 0
7.5 9892.91 -27.7602 -198.358 0
7.6 9890.08 -28.1276 -198.302 0
7.7 9887.22 -28.4948 -198.244 0
7.8 9884.31 -28.8619 -198.186 0
7.9 9881.37 -29.229 -198.127 0
8 9878.39 -29.5959 -198.068 0
8.1 9875.38 -29.9627 -198.008 0
8.2 9872.33 -30.3293 -197.947 0
8.3 9869.24 -30.6959 -197.885 0
8.4 9866.11 -31.0623 -197.822 0
8.5 9862.95 -31.4286 -197.759 0
8.6 9859.75 -31.7948 -197.695 0
8.7 9856.52 -32.1608 -197.63 0
8.8 9853.25 -32.5268 -197.565 0
8.9 9849.94 -32.8926 -197.499 0
9 9846.6 -33.2582 -197.432 0
9.1 9843.22 -33.6238 -197.364 0
9.2 9839.8 -33.9892 -197.296 0
9.3 9836.35 -34.3544 -197.227 0
9.4 9832.86 -34.7196 -197.157 0
9.5 9829.33 -35.0846 -197.087 0
9.6 9825.77 -35.4494 -197.015 0
9.7 9822.17 -35.8141 -196.943 0
9.8 9818.53 -36.1787 -196.871 0
9.9 9814.86 -36.5431 -196.797 0
10 9811.15 -36.9074 -196.723 0
10.1 9807.4 -37.2715 -196.648 0
10.2 9803.62 -37.6355 -196.572 0
10.3 9799.8 -37.9993 -196.496 0
10.4 9795.95 -38.363 -196.419 0
10.5 9792.06 -38.7265 -196.341 0
10.6 9788.13 -39.0899 -196.263 0
10.7 9784.17 -39.4531 -196.183 0
10.8 9780.17 -39.8162 -196.103 0
10.9 9776.13 -40.179 -196.023 0
11 9772.06 -40.5418 -195.941 0
11.1 9767.95 -40.9044 -195.859 0
11.2 9763.81 -41.2668 -195.776 0
11.3 9759.63 -41.629 -195.693 0
11.4 9755.41 -41.9911 -195.608 0
11.5 9751.15 -42.353 -195.523 0
11.6 9746.87 -42.7147 -195.437 0
11.7 9742.54 -43.0763 -195.351 0
11.8 9738.18 -43.4377 -195.264 0
11.9 9733.78 -43.7989 -195.176 0
12 9729.35 -44.1599 -195.087 0
12.1 9724.88 -44.5208 -194.998 0
12.2 9720.37 -44.8815 -194.907 0
12.3 9715.83 -45.242 -194.817 0
12.4 9711.25 -45.6023 -194.725 0
12.5 9706.63 -45.9625 -194.633 0
12.6 9701.98 -46.3224 -194.54 0
12.7 9697.3 -46.6822 -194.446 0
12.8 9692.58 -47.0418 -194.352 0
12.9 9687.82 -47.4011 -194.256 0
13 9683.02 -47.7603 -194.16 0
13.1 9678.19 -48.1194 -194.064 0
13.2 9673.33 -48.4782 -193.967 0
13.3 9668.43 -48.8368 -193.869 0
13.4 9663.49 -49.1952 -193.77 0
13.5 9658.52 -49.5534 -193.67 0
13.6 9653.51 -49.9114 -193.57 0
13.7 9648.46 -50.2692 -193.469 0
13.8 9643.38 -50.6269 -193.368 0
13.9 9638.27 -50.9843 -193.265 0
14 9633.11 -51.3415 -193.162 0
14.1 9627.93 -51.6985 -193.059 0
14.2 9622.7 -52.0552 -192.954 0
14.3 9617.44 -52.4118 -192.849 0
14.4 9612.15 -52.7682 -192.743 0
14.5 9606.82 -53.1243 -192.636 0
14.6 9601.45 -53.4802 -192.529 0
14.7 9596.05 -53.8359 -192.421 0
14.8 9590.61 -54.1914 -192.312 0
14.9 9585.14 -54.5467 -192.203 0
15 9579.63 -54.9018 -192.093 0
15.1 9574.09 -55.2566 -191.982 0
15.2 9568.51 -55.6112 -191.87 0
15.3 9562.9 -55.9656 -191.758 0
15.4 9557.25 -56.3197 -191.645 0
15.5 9551.56 -56.6736 -191.531 0
15.6 9545.84 -57.0273 -191.417 0
15.7 9540.09 -57.3808 -191.302 0
15.8 9534.3 -57.734 -191.186 0
15.9 9528.47 -58.087 -191.069 0
16 9522.61 -58.4397 -190.952 0
16.1 9516.71 -58.7922 -190.834 0
16.2 9510.78 -59.1445 -190.716 0
16.3 9504.81 -59.4965 -190.596 0
16.4 9498.81 -59.8483 -190.476 0
16.5 9492.77 -60.1998 -190.355 0
16.6 9486.7 -60.5511 -190.234 0
16.7 9480.59 -60.9021 -190.112 0
16.8 9474.45 -61.2529 -189.989 0
16.9 9468.27 -61.6035 -189.865 0
17 9462.06 -61.9537 -189.741 0
17.1 9455.81 -62.3038 -189.616 0
17.2 9449.53 -62.6536 -189.491 0
17.3 9443.21 -63.0031 -189.364 0
17.4 9436.86 -63.3523 -189.237 0
17.5 9430.47 -63.7013 -189.109 0
17.6 9424.05 -64.0501 -188.981 0
17.7 9417.59 -64.3985 -188.852 0
17.8 9411.1 -64.7467 -188.722 0
17.9 9404.57 -65.0947 -188.591 0
18 9398.01 -65.4423 -188.46 0
18.1 9391.41 -65.7897 -188.328 0
18.2 9384.78 -66.1369 -188.196 0
18.3 9378.12 -66.4837 -188.062 0
18.4 9371.42 -66.8303 -187.928 0
18.5 9364.68 -67.1766 -187.794 0
18.6 9357.91 -67.5226 -187.658 0
18.7 9351.11 -67.8684 -187.522 0
18.8 9344.27 -68.2139 -187.385 0
18.9 9337.39 -68.559 -187.248 0
19 9330.49 -68.9039 -187.11 0
19.1 9323.55 -69.2486 -186.971 0
19.2 9316.57 -69.5929 -186.831 0
19.3 9309.56 -69.9369 -186.691 0
19.4 9302.51 -70.2807 -186.55 0
19.5 9295.43 -70.6241 -186.409 0
19.6 9288.32 -70.9673 -186.266 0
19.7 9281.17 -71.3102 -186.123 0
19.8 9273.99 -71.6527 -185.98 0
19.9 9266.77 -71.995 -185.835 0
20 9259.52 -72.337 -185.69 0
20.1 9252.24 -72.6787 -185.545 0
20.2 9244.92 -73.02 -185.398 0
20.3 9237.56 -73.3611 -185.251 0
20.4 9230.18 -73.7019 -185.104 0
20.5 9222.76 -74.0423 -184.955 0
20.6 9215.3 -74.3824 -184.806 0
20.7 9207.81 -74.7223 -184.656 0
20.8 9200.29 -75.0618 -184.506 0
20.9 9192.73 -75.401 -184.355 0
21 9185.14 -75.7399 -184.203 0
21.1 9177.52 -76.0785 -184.05 0
21.2 9169.86 -76.4167 -183.897 0
21.3 9162.16 -76.7547 -183.743 0
21.4 9154.44 -77.0923 -183.589 0
21.5 9146.68 -77.4296 -183.434 0
21.6 9138.88 -77.7665 -183.278 0
21.7 9131.06 -78.1032 -183.121 0
21.8 9123.2 -78.4395 -182.964 0
21.9 9115.3 -78.7755 -182.806 0
22 9107.37 -79.1111 -182.647 0
22.1 9099.41 -79.4464 -182.488 0
22.2 9091.42 -79.7814 -182.328 0
22.3 9083.39 -80.1161 -182.168 0
22.4 9075.33 -80.4504 -182.007 0
22.5 9067.23 -80.7843 -181.845 0
22.6 9059.1 -81.118 -181.682 0
22.7 9050.94 -81.4512 -181.519 0
22.8 9042.75 -81.7842 -181.355 0
22.9 9034.52 -82.1168 -181.19 0
23 9026.26 -82.449 -181.025 0
23.1 9017.96 -82.7809 -180.859 0
23.2 9009.64 -83.1125 -180.693 0
23.3 9001.27 -83.4437 -180.525 0
23.4 8992.88 -83.7745 -180.358 0
23.5 8984.45 -84.105 -180.189 0
23.6 8975.99 -84.4352 -180.02 0
23.7 8967.5 -84.765 -179.85 0
23.8 8958.97 -85.0944 -179.679 0
23.9 8950.42 -85.4234 -179.508 0
24 8941.82 -85.7521 -179.336 0
24.1 8933.2 -86.0805 -179.164 0
24.2 8924.54 -86.4084 -178.991 0
24.3 8915.85 -86.736 -178.817 0
24.4 8907.13 -87.0633 -178.643 0
24.5 8898.37 -87.3901 -178.467 0
24.6 8889.59 -87.7166 -178.292 0
24.7 8880.77 -88.0427 -178.115 0
24.8 8871.91 -88.3684 -177.938 0
24.9 8863.03 -88.6938 -177.761 0
25 8854.11 -89.0188 -177.582 0
25.1 8845.16 -89.3434 -177.403 0
25.2 8836.18 -89.6676 -177.224 0
25.3 8827.16 -89.9914 -177.043 0
25.4 8818.11 -90.3149 -176.862 0
25.5 8809.03 -90.638 -176.681 0
25.6 8799.92 -90.9606 -176.498 0
25.7 8790.78 -91.2829 -176.316 0
25.8 8781.6 -91.6048 -176.132 0
25.9 8772.39 -91.9263 -175.948 0
26 8763.15 -92.2474 -175.763 0
26.1 8753.88 -92.5681 -175.578 0
26.2 8744.57 -92.8885 -175.391 0
26.3 8735.24 -93.2084 -175.205 0
26.4 8725.87 -93.5279 -175.017 0
26.5 8716.47 -93.847 -174.829 0
26.6 8707.03 -94.1657 -174.641 0
26.7 8697.57 -94.484 -174.451 0
26.8 8688.07 -94.8019 -174.261 0
26.9 8678.55 -95.1194 -174.071 0
27 8668.99 -95.4365 -173.88 0
27.1 8659.39 -95.7532 -173.688 0
27.2 8649.77 -96.0694 -173.495 0
27.3 8640.12 -96.3853 -173.302 0
27.4 8630.43 -96.7007 -173.109 0
27.5 8620.71 -97.0157 -172.914 0
27.6 8610.97 -97.3303 -172.719 0
27.7 8601.19 -97.6444 -172.524 0
27.8 8591.37 -97.9582 -172.327 0
27.9 8581.53 -98.2715 -172.131 0
28 8571.66 -98.5844 -171.933 0
28.1 8561.75 -98.8968 -171.735 0
28.2 8551.82 -99.2089 -171.536 0
28.3 8541.85 -99.5205 -171.337 0
28.4 8531.85 -99.8317 -171.137 0
28.5 8521.82 -100.142 -170.936 0
28.6 8511.76 -100.453 -170.735 0
28.7 8501.67 -100.763 -170.533 0
28.8 8491.54 -101.072 -170.331 0
28.9 8481.39 -101.381 -170.128 0
29 8471.21 -101.69 -169.924 0
29.1 8460.99 -101.998 -169.72 0
29.2 8450.75 -102.305 -169.515 0
29.3 8440.47 -102.613 -169.309 0
29.4 8430.16 -102.919 -169.103 0
29.5 8419.82 -103.226 -168.896 0
29.6 8409.46 -103.531 -168.689 0
29.7 8399.06 -103.837 -168.481 0
29.8 8388.63 -104.142 -168.273 0
29.9 8378.17 -104.446 -168.063 0
30 8367.68 -104.75 -167.854 0
30.1 8357.16 -105.054 -167.643 0
30.2 8346.61 -105.357 -167.432 0
30.3 8336.02 -105.66 -167.22 0
30.4 8325.41 -105.962 -167.008 0
30.5 8314.77 -106.264 -166.795 0
30.6 8304.1 -106.565 -166.582 0
30.7 8293.4 -106.866 -166.368 0
30.8 8282.67 -107.166 -166.153 0
30.9 8271.91 -107.466 -165.938 0
31 8261.11 -107.765 -165.722 0
31.1 8250.29 -108.064 -165.506 0
31.2 8239.44 -108.363 -165.289 0
31.3 8228.56 -108.661 -165.071 0
31.4 8217.65 -108.958 -164.853 0
31.5 8206.71 -109.255 -164.634 0
31.6 8195.74 -109.552 -164.415 0
31.7 8184.74 -109.848 -164.195 0
31.8 8173.71 -110.143 -163.974 0
31.9 8162.65 -110.438 -163.753 0
32 8151.56 -110.733 -163.531 0
32.1 8140.45 -111.027 -163.309 0
32.2 8129.3 -111.321 -163.086 0
32.3 8118.12 -111.614 -162.862 0
32.4 8106.92 -111.906 -162.638 0
32.5 8095.68 -112.198 -162.414 0
32.6 8084.42 -112.49 -162.188 0
32.7 8073.13 -112.781 -161.963 0
32.8 8061.81 -113.072 -161.736 0
32.9 8050.46 -113.362 -161.509 0
33 8039.08 -113.652 -161.282 0
33.1 8027.67 -113.941 -161.053 0
33.2 8016.23 -114.229 -160.825 0
33.3 8004.76 -114.517 -160.595 0
33.4 7993.27 -114.805 -160.365 0
33.5 7981.75 -115.092 -160.135 0
33.6 7970.19 -115.379 -159.904 0
33.7 7958.61 -115.665 -159.672 0
33.8 7947 -115.95 -159.44 0
33.9 7935.37 -116.235 -159.207 0
34 7923.7 -116.52 -158.974 0
34.1 7912 -116.804 -158.74 0
34.2 7900.28 -117.087 -158.506 0
34.3 7888.53 -117.37 -158.271 0
34.4 7876.75 -117.652 -158.035 0
34.5 7864.94 -117.934 -157.799 0
34.6 7853.11 -118.216 -157.562 0
34.7 7841.24 -118.496 -157.325 0
34.8 7829.35 -118.777 -157.087 0
34.9 7817.43 -119.057 -156.849 0
35 7805.49 -119.336 -156.61 0
35.1 7793.51 -119.614 -156.37 0
35.2 7781.51 -119.893 -156.13 0
35.3 7769.48 -120.17 -155.89 0
35.4 7757.42 -120.447 -155.648 0
35.5 7745.33 -120.724 -155.407 0
35.6 7733.22 -121 -155.164 0
35.7 7721.08 -121.275 -154.922 0
35.8 7708.91 -121.55 -154.678 0
35.9 7696.71 -121.825 -154.434 0
36 7684.49 -122.098 -154.19 0
36.1 7672.24 -122.372 -153.945 0
36.2 7659.96 -122.644 -153.699 0
36.3 7647.65 -122.917 -153.453 0
36.4 7635.32 -123.188 -153.206 0
36.5 7622.96 -123.459 -152.959 0
36.6 7610.58 -123.73 -152.712 0
36.7 7598.16 -124 -152.463 0
36.8 7585.72 -124.269 -152.214 0
36.9 7573.25 -124.538 -151.965 0
37 7560.76 -124.806 -151.715 0
37.1 7548.24 -125.074 -151.465 0
37.2 7535.69 -125.341 -151.214 0
37.3 7523.12 -125.607 -150.962 0
37.4 7510.52 -125.873 -150.71 0
37.5 7497.89 -126.139 -150.458 0
37.6 7485.24 -126.404 -150.205 0
37.7 7472.56 -126.668 -149.951 0
37.8 7459.85 -126.932 -149.697 0
37.9 7447.12 -127.195 -149.442 0
38 7434.36 -127.457 -149.187 0
38.1 7421.57 -127.719 -148.931 0
38.2 7408.76 -127.981 -148.675 0
38.3 7395.93 -128.242 -148.419 0
38.4 7383.06 -128.502 -148.161 0
38.5 7370.17 -128.761 -147.903 0
38.6 7357.26 -129.02 -147.645 0
38.7 7344.32 -129.279 -147.386 0
38.8 7331.35 -129.537 -147.127 0
38.9 7318.36 -129.794 -146.867 0
39 7305.34 -130.051 -146.607 0
39.1 7292.3 -130.307 -146.346 0
39.2 7279.23 -130.563 -146.085 0
39.3 7266.13 -130.817 -145.823 0
39.4 7253.01 -131.072 -145.56 0
39.5 7239.87 -131.326 -145.297 0
39.6 7226.7 -131.579 -145.034 0
39.7 7213.5 -131.831 -144.77 0
39.8 7200.28 -132.083 -144.506 0
39.9 7187.04 -132.334 -144.241 0
40 7173.77 -132.585 -143.975 0
40.1 7160.47 -132.835 -143.709 0
40.2 7147.15 -133.085 -143.443 0
40.3 7133.8 -133.334 -143.176 0
40.4 7120.43 -133.582 -142.909 0
40.5 7107.04 -133.83 -142.641 0
40.6 7093.62 -134.077 -142.372 0
40.7 7080.17 -134.323 -142.103 0
40.8 7066.7 -134.569 -141.834 0
40.9 7053.21 -134.814 -141.564 0
41 7039.69 -135.059 -141.294 0
41.1 7026.15 -135.303 -141.023 0
41.2 7012.58 -135.546 -140.752 0
41.3 6998.99 -135.789 -140.48 0
41.4 6985.38 -136.031 -140.208 0
41.5 6971.74 -136.273 -139.935 0
41.6 6958.07 -136.514 -139.661 0
41.7 6944.39 -136.754 -139.388 0
41.8 6930.67 -136.994 -139.113 0
41.9 6916.94 -137.233 -138.839 0.0287624
42 6903.18 -137.463 -138.564 0.129855
42.1 6889.41 -137.656 -138.288 0.22361
42.2 6875.62 -137.794 -138.012 0.30637
42.3 6861.83 -137.882 -137.737 0.37916
42.4 6848.04 -137.927 -137.461 0.443155
42.5 6834.24 -137.932 -137.185 0.49941
42.6 6820.46 -137.903 -136.909 0.548852
42.7 6806.68 -137.845 -136.634 0.592298
42.8 6792.9 -137.76 -136.358 0.630467
42.9 6779.14 -137.653 -136.083 0.66399
43 6765.4 -137.525 -135.808 0.693425
43.1 6751.67 -137.38 -135.533 0.719262
43.2 6737.96 -137.219 -135.259 0.741932
43.3 6724.26 -137.044 -134.985 0.761814
43.4 6710.58 -136.858 -134.712 0.779244
43.5 6696.93 -136.661 -134.439 0.794514
43.6 6683.29 -136.455 -134.166 0.807884
43.7 6669.68 -136.241 -133.894 0.819581
43.8 6656.09 -136.021 -133.622 0.829807
43.9 6642.52 -135.794 -133.35 0.838738
44 6628.98 -135.562 -133.08 0.84653
44.1 6615.46 -135.326 -132.809 0.853319
44.2 6601.96 -135.085 -132.539 0.859225
44.3 6588.49 -134.842 -132.27 0.864356
44.4 6575.04 -134.595 -132.001 0.868803
44.5 6561.62 -134.346 -131.732 0.87265
44.6 6548.22 -134.094 -131.464 0.875968
44.7 6534.85 -133.841 -131.197 0.878821
44.8 6521.5 -133.586 -130.93 0.881265
44.9 6508.18 -133.33 -130.664 0.883349
45 6494.89 -133.073 -130.398 0.885118
45.1 6481.62 -132.815 -130.132 0.886608
45.2 6468.38 -132.557 -129.868 0.887853
45.3 6455.16 -132.298 -129.603 0.888884
45.4 6441.97 -132.038 -129.339 0.889725
45.5 6428.81 -131.778 -129.076 0.890401
45.6 6415.67 -131.518 -128.813 0.89093
45.7 6402.55 -131.258 -128.551 0.891331
45.8 6389.47 -130.997 -128.289 0.891619
45.9 6376.41 -130.737 -128.028 0.891809
46 6363.37 -130.477 -127.767 0.891911
46.1 6350.36 -130.217 -127.507 0.891937
46.2 6337.38 -129.957 -127.248 0.891897
46.3 6324.42 -129.697 -126.988 0.891797
46.4 6311.49 -129.438 -126.73 0.891646
46.5 6298.59 -129.179 -126.472 0.891449
46.6 6285.71 -128.92 -126.214 0.891213
46.7 6272.86 -128.662 -125.957 0.890943
46.8 6260.03 -128.404 -125.701 0.890641
46.9 6247.23 -128.146 -125.445 0.890314
47 6234.45 -127.889 -125.189 0.889963
47.1 6221.7 -127.632 -124.934 0.889591
47.2 6208.98 -127.376 -124.68 0.889202
47.3 6196.28 -127.12 -124.426 0.888798
47.4 6183.6 -126.864 -124.172 0.88838
47.5 6170.95 -126.609 -123.919 0.88795
47.6 6158.33 -126.354 -123.667 0.887511
47.7 6145.73 -126.1 -123.415 0.887062
47.8 6133.16 -125.846 -123.163 0.886606
47.9 6120.62 -125.593 -122.912 0.886143
48 6108.09 -125.34 -122.662 0.885675
48.1 6095.6 -125.088 -122.412 0.885201
48.2 6083.13 -124.836 -122.163 0.884724
48.3 6070.68 -124.585 -121.914 0.884243
48.4 6058.26 -124.334 -121.665 0.883759
48.5 6045.86 -124.084 -121.417 0.883273
48.6 6033.49 -123.834 -121.17 0.882784
48.7 6021.15 -123.584 -120.923 0.882294
48.8 6008.83 -123.336 -120.677 0.881802
48.9 5996.53 -123.087 -120.431 0.88131
49 5984.26 -122.839 -120.185 0.880816
49.1 5972.01 -122.592 -119.94 0.880322
49.2 5959.79 -122.345 -119.696 0.879828
49.3 5947.59 -122.099 -119.452 0.879333
49.4 5935.42 -121.853 -119.208 0.878838
49.5 5923.27 -121.607 -118.965 0.878344
49.6 5911.15 -121.362 -118.723 0.877849
49.7 5899.05 -121.118 -118.481 0.877355
49.8 5886.97 -120.874 -118.239 0.87686
49.9 5874.92 -120.63 -117.998 0.876367
50 5862.89 -120.387 -117.758 0.875873
50.1 5850.89 -120.145 -117.518 0.875381
50.2 5838.91 -119.903 -117.278 0.874888
50.3 5826.96 -119.661 -117.039 0.874397
50.4 5815.03 -119.42 -116.801 0.873906
50.5 5803.12 -119.18 -116.562 0.873416
50.6 5791.24 -118.939 -116.325 0.872926
50.7 5779.38 -118.7 -116.088 0.872437
50.8 5767.55 -118.461 -115.851 0.871949
50.9 5755.74 -118.222 -115.615 0.871462
51 5743.95 -117.984 -115.379 0.870975
51.1 5732.19 -117.746 -115.144 0.870489
51.2 5720.45 -117.509 -114.909 0.870004
51.3 5708.74 -117.272 -114.675 0.86952
51.4 5697.04 -117.036 -114.441 0.869036
51.5 5685.38 -116.8 -114.208 0.868554
51.6 5673.73 -116.565 -113.975 0.868072
51.7 5662.11 -116.33 -113.742 0.867591
51.8 5650.51 -116.096 -113.51 0.867111
51.9 5638.94 -115.862 -113.279 0.866632
52 5627.39 -115.628 -113.048 0.866153
52.1 5615.86 -115.396 -112.817 0.865676
52.2 5604.35 -115.163 -112.587 0.865199
52.3 5592.87 -114.931 -112.357 0.864723
52.4 5581.41 -114.7 -112.128 0.864248
52.5 5569.98 -114.468 -111.9 0.863773
52.6 5558.57 -114.238 -111.671 0.8633
52.7 5547.18 -114.008 -111.444 0.862827
52.8 5535.81 -113.778 -111.216 0.862355
52.9 5524.47 -113.549 -110.989 0.861884
53 5513.15 -113.32 -110.763 0.861414
53.1 5501.85 -113.092 -110.537 0.860944
53.2 5490.57 -112.864 -110.311 0.860475
53.3 5479.32 -112.636 -110.086 0.860008
53.4 5468.09 -112.41 -109.862 0.85954
53.5 5456.88 -112.183 -109.638 0.859074
53.6 5445.7 -111.957 -109.414 0.858609
53.7 5434.54 -111.731 -109.191 0.858144
53.8 5423.4 -111.506 -108.968 0.85768
53.9 5412.28 -111.282 -108.746 0.857217
54 5401.19 -111.058 -108.524 0.856754
54.1 5390.12 -110.834 -108.302 0.856293
54.2 5379.07 -110.61 -108.081 0.855832
54.3 5368.04 -110.388 -107.861 0.855372
54.4 5357.03 -110.165 -107.641 0.854913
54.5 5346.05 -109.943 -107.421 0.854454
54.6 5335.09 -109.722 -107.202 0.853996
54.7 5324.15 -109.501 -106.983 0.853539
54.8 5313.23 -109.28 -106.765 0.853083
54.9 5302.34 -109.06 -106.547 0.852627
55 5291.46 -108.84 -106.329 0.852173
55.1 5280.61 -108.621 -106.112 0.851718
55.2 5269.78 -108.402 -105.896 0.851265
55.3 5258.98 -108.184 -105.68 0.850812
55.4 5248.19 -107.966 -105.464 0.850361
55.5 5237.43 -107.748 -105.249 0.849909
55.6 5226.68 -107.531 -105.034 0.849459
55.7 5215.96 -107.314 -104.819 0.849009
55.8 5205.26 -107.098 -104.605 0.84856
55.9 5194.59 -106.882 -104.392 0.848112
56 5183.93 -106.667 -104.179 0.847664
56.1 5173.3 -106.452 -103.966 0.847217
56.2 5162.68 -106.238 -103.754 0.846771
56.3 5152.09 -106.023 -103.542 0.846325
56.4 5141.52 -105.81 -103.33 0.845881
56.5 5130.97 -105.597 -103.119 0.845436
56.6 5120.45 -105.384 -102.909 0.844993
56.7 5109.94 -105.172 -102.699 0.84455
56.8 5099.45 -104.96 -102.489 0.844108
56.9 5088.99 -104.748 -102.28 0.843666
57 5078.55 -104.537 -102.071 0.843226
57.1 5068.12 -104.326 -101.862 0.842786
57.2 5057.72 -104.116 -101.654 0.842346
57.3 5047.34 -103.906 -101.447 0.841907
57.4 5036.98 -103.697 -101.24 0.841469
57.5 5026.64 -103.488 -101.033 0.841032
57.6 5016.33 -103.28 -100.827 0.840595
57.7 5006.03 -103.071 -100.621 0.840159
57.8 4995.75 -102.864 -100.415 0.839723
57.9 4985.5 -102.656 -100.21 0.839288
58 4975.26 -102.45 -100.005 0.838854
58.1 4965.05 -102.243 -99.801 0.83842
58.2 4954.86 -102.037 -99.5971 0.837987
58.3 4944.68 -101.831 -99.3937 0.837555
58.4 4934.53 -101.626 -99.1906 0.837123
58.5 4924.4 -101.421 -98.988 0.836692
58.6 4914.29 -101.217 -98.7858 0.836261
58.7 4904.2 -101.013 -98.5839 0.835832
58.8 4894.13 -100.81 -98.3825 0.835402
58.9 4884.08 -100.606 -98.1815 0.834974
59 4874.05 -100.404 -97.9809 0.834546
59.1 4864.04 -100.201 -97.7807 0.834118
59.2 4854.05 -99.9994 -97.5809 0.833691
59.3 4844.08 -99.7979 -97.3815 0.833265
59.4 4834.13 -99.5967 -97.1825 0.832839
59.5 4824.2 -99.396 -96.9839 0.832414
59.6 4814.29 -99.1957 -96.7857 0.83199
59.7 4804.4 -98.9958 -96.588 0.831566
59.8 4794.53 -98.7963 -96.3906 0.831143
59.9 4784.68 -98.5972 -96.1936 0.83072
60 4774.85 -98.3985 -95.997 0.830298
60.1 4765.04 -98.2002 -95.8008 0.829876
60.2 4755.25 -98.0022 -95.605 0.829455
60.3 4745.48 -97.8047 -95.4095 0.829035
60.4 4735.73 -97.6076 -95.2145 0.828615
60.5 4726 -97.4109 -95.0199 0.828196
60.6 4716.28 -97.2146 -94.8257 0.827777
60.7 4706.59 -97.0186 -94.6318 0.827359
60.8 4696.92 -96.8231 -94.4384 0.826941
60.9 4687.27 -96.6279 -94.2453 0.826524
61 4677.63 -96.4332 -94.0526 0.826108
61.1 4668.02 -96.2388 -93.8604 0.825692
61.2 4658.42 -96.0449 -93.6685 0.825277
61.3 4648.85 -95.8513 -93.477 0.824862
61.4 4639.29 -95.6581 -93.2858 0.824448
61.5 4629.75 -95.4653 -93.0951 0.824034
61.6 4620.24 -95.2728 -92.9047 0.823621
61.7 4610.74 -95.0808 -92.7148 0.823208
61.8 4601.26 -94.8892 -92.5252 0.822796
61.9 4591.8 -94.6979 -92.336 0.822384
62 4582.36 -94.507 -92.1472 0.821973
62.1 4572.94 -94.3165 -91.9587 0.821563
62.2 4563.53 -94.1264 -91.7707 0.821153
62.3 4554.15 -93.9367 -91.583 0.820743
62.4 4544.78 -93.7473 -91.3957 0.820334
62.5 4535.44 -93.5584 -91.2087 0.819926
62.6 4526.11 -93.3698 -91.0222 0.819518
62.7 4516.8 -93.1816 -90.836 0.819111
62.8 4507.51 -92.9937 -90.6502 0.818704
62.9 4498.24 -92.8063 -90.4648 0.818298
63 4488.99 -92.6192 -90.2797 0.817892
63.1 4479.75 -92.4325 -90.0951 0.817486
63.2 4470.54 -92.2462 -89.9107 0.817082
63.3 4461.34 -92.0602 -89.7268 0.816677
63.4 4452.16 -91.8746 -89.5433 0.816273
63.5 4443 -91.6894 -89.3601 0.81587
63.6 4433.86 -91.5046 -89.1772 0.815467
63.7 4424.74 -91.3201 -88.9948 0.815065
63.8 4415.63 -91.136 -88.8127 0.814663
63.9 4406.55 -90.9523 -88.631 0.814262
64 4397.48 -90.7689 -88.4496 0.813861
64.1 4388.43 -90.5859 -88.2686 0.81346
64.2 4379.4 -90.4033 -88.088 0.813061
64.3 4370.39 -90.221 -87.9077 0.812661
64.4 4361.39 -90.0392 -87.7278 0.812262
64.5 4352.42 -89.8576 -87.5483 0.811864
64.6 4343.46 -89.6765 -87.3691 0.811466
64.7 4334.52 -89.4957 -87.1903 0.811068
64.8 4325.59 -89.3152 -87.0119 0.810671
64.9 4316.69 -89.1352 -86.8338 0.810275
65 4307.8 -88.9554 -86.6561 0.809879
65.1 4298.93 -88.7761 -86.4787 0.809483
65.2 4290.08 -88.5971 -86.3017 0.809088
65.3 4281.25 -88.4185 -86.125 0.808693
65.4 4272.44 -88.2402 -85.9487 0.808299
65.5 4263.64 -88.0623 -85.7728 0.807905
65.6 4254.86 -87.8847 -85.5972 0.807512
65.7 4246.1 -87.7075 -85.4219 0.807119
65.8 4237.35 -87.5307 -85.247 0.806727
65.9 4228.63 -87.3542 -85.0725 0.806335
66 4219.92 -87.178 -84.8983 0.805943
66.1 4211.23 -87.0023 -84.7245 0.805552
66.2 4202.55 -86.8268 -84.551 0.805162
66.3 4193.89 -86.6518 -84.3779 0.804772
66.4 4185.26 -86.477 -84.2051 0.804382
66.5 4176.63 -86.3026 -84.0327 0.803993
66.6 4168.03 -86.1286 -83.8606 0.803604
66.7 4159.44 -85.9549 -83.6889 0.803216
66.8 4150.87 -85.7816 -83.5175 0.802828
66.9 4142.32 -85.6086 -83.3464 0.80244
67 4133.79 -85.436 -83.1757 0.802053
67.1 4125.27 -85.2637 -83.0054 0.801667
67.2 4116.77 -85.0918 -82.8354 0.80128
67.3 4108.28 -84.9202 -82.6657 0.800895
67.4 4099.82 -84.7489 -82.4964 0.800509
67.5 4091.37 -84.578 -82.3274 0.800124
67.6 4082.94 -84.4074 -82.1587 0.79974
67.7 4074.52 -84.2372 -81.9904 0.799356
67.8 4066.12 -84.0673 -81.8225 0.798972
67.9 4057.74 -83.8978 -81.6548 0.798589
68 4049.38 -83.7286 -81.4876 0.798206
68.1 4041.03 -83.5597 -81.3206 0.797824
68.2 4032.7 -83.3912 -81.154 0.797442
68.3 4024.39 -83.223 -80.9877 0.797061
68.4 4016.09 -83.0552 -80.8218 0.79668
68.5 4007.81 -82.8877 -80.6562 0.796299
68.6 3999.54 -82.7205 -80.4909 0.795919
68.7 3991.3 -82.5536 -80.3259 0.795539
68.8 3983.07 -82.3871 -80.1613 0.795159
68.9 3974.85 -82.221 -79.9971 0.79478
69 3966.66 -82.0551 -79.8331 0.794402
69.1 3958.48 -81.8896 -79.6695 0.794023
69.2 3950.31 -81.7244 -79.5062 0.793646
69.3 3942.16 -81.5596 -79.3433 0.793268
69.4 3934.03 -81.3951 -79.1806 0.792891
69.5 3925.92 -81.2309 -79.0183 0.792515
69.6 3917.82 -81.0671 -78.8564 0.792138
69.7 3909.74 -80.9035 -78.6947 0.791763
69.8 3901.67 -80.7403 -78.5334 0.791387
69.9 3893.62 -80.5775 -78.3724 0.791012
70 3885.59 -80.4149 -78.2118 0.790637
70.1 3877.57 -80.2527 -78.0514 0.790263
70.2 3869.57 -80.0908 -77.8914 0.789889
70.3 3861.58 -79.9293 -77.7317 0.789516
70.4 3853.62 -79.768 -77.5723 0.789143
70.5 3845.66 -79.6071 -77.4133 0.78877
70.6 3837.73 -79.4465 -77.2545 0.788398
70.7 3829.81 -79.2862 -77.0961 0.788026
70.8 3821.9 -79.1263 -76.938 0.787654
70.9 3814.01 -78.9667 -76.7803 0.787283
71 3806.14 -78.8074 -76.6228 0.786913
71.1 3798.28 -78.6484 -76.4657 0.786542
71.2 3790.44 -78.4897 -76.3088 0.786172
71.3 3782.62 -78.3313 -76.1523 0.785803
71.4 3774.81 -78.1733 -75.9961 0.785433
71.5 3767.01 -78.0156 -75.8403 0.785064
71.6 3759.24 -77.8582 -75.6847 0.784696
71.7 3751.47 -77.7011 -75.5295 0.784328
71.8 3743.73 -77.5443 -75.3745 0.78396
71.9 3736 -77.3879 -75.2199 0.783593
72 3728.28 -77.2317 -75.0656 0.783226
72.1 3720.58 -77.0759 -74.9116 0.782859
72.2 3712.9 -76.9204 -74.7579 0.782493
72.3 3705.23 -76.7652 -74.6045 0.782127
72.4 3697.57 -76.6103 -74.4515 0.781761
72.5 3689.94 -76.4557 -74.2987 0.781396
72.6 3682.31 -76.3014 -74.1463 0.781031
72.7 3674.71 -76.1475 -73.9941 0.780667
72.8 3667.12 -75.9938 -73.8423 0.780303
72.9 3659.54 -75.8405 -73.6908 0.779939
73 3651.98 -75.6874 -73.5396 0.779576
73.1 3644.43 -75.5347 -73.3886 0.779213
73.2 3636.9 -75.3823 -73.238 0.77885
73.3 3629.39 -75.2302 -73.0877 0.778488
73.4 3621.89 -75.0783 -72.9377 0.778126
73.5 3614.4 -74.9268 -72.788 0.777765
73.6 3606.93 -74.7756 -72.6386 0.777403
73.7 3599.48 -74.6247 -72.4895 0.777043
73.8 3592.04 -74.4741 -72.3407 0.776682
73.9 3584.61 -74.3238 -72.1922 0.776322
74 3577.2 -74.1738 -72.044 0.775962
74.1 3569.81 -74.0241 -71.8961 0.775603
74.2 3562.43 -73.8747 -71.7485 0.775244
74.3 3555.06 -73.7256 -71.6012 0.774885
74.4 3547.71 -73.5768 -71.4542 0.774527
74.5 3540.38 -73.4283 -71.3075 0.774168
74.6 3533.05 -73.2801 -71.1611 0.773811
74.7 3525.75 -73.1322 -71.015 0.773453
74.8 3518.46 -72.9846 -70.8692 0.773096
74.9 3511.18 -72.8373 -70.7236 0.77274
75 3503.92 -72.6903 -70.5784 0.772383
75.1 3496.67 -72.5436 -70.4334 0.772028
75.2 3489.44 -72.3972 -70.2888 0.771672
75.3 3482.22 -72.251 -70.1444 0.771317
75.4 3475.02 -72.1052 -70.0004 0.770962
75.5 3467.83 -71.9596 -69.8566 0.770607
75.6 3460.66 -71.8144 -69.7131 0.770253
75.7 3453.5 -71.6694 -69.5699 0.769899
75.8 3446.35 -71.5247 -69.427 0.769545
75.9 3439.22 -71.3804 -69.2844 0.769192
76 3432.1 -71.2363 -69.1421 0.768839
76.1 3425 -71.0925 -69 0.768486
76.2 3417.91 -70.949 -68.8583 0.768134
76.3 3410.84 -70.8057 -68.7168 0.767782
76.4 3403.78 -70.6628 -68.5756 0.767431
76.5 3396.74 -70.5201 -68.4347 0.767079
76.6 3389.71 -70.3778 -68.2941 0.766729
76.7 3382.69 -70.2357 -68.1538 0.766378
76.8 3375.69 -70.0939 -68.0137 0.766028
76.9 3368.7 -69.9524 -67.874 0.765678
77 3361.73 -69.8111 -67.7345 0.765328
77.1 3354.77 -69.6702 -67.5953 0.764979
77.2 3347.82 -69.5295 -67.4564 0.76463
77.3 3340.89 -69.3892 -67.3177 0.764281
77.4 3333.97 -69.2491 -67.1794 0.763933
77.5 3327.07 -69.1092 -67.0413 0.763585
77.6 3320.18 -68.9697 -66.9035 0.763237
77.7 3313.3 -68.8304 -66.766 0.76289
77.8 3306.44 -68.6915 -66.6287 0.762543
77.9 3299.59 -68.5528 -66.4918 0.762196
78 3292.75 -68.4143 -66.3551 0.76185
78.1 3285.93 -68.2762 -66.2187 0.761504
78.2 3279.13 -68.1383 -66.0825 0.761158
78.3 3272.33 -68.0007 -65.9467 0.760813
78.4 3265.55 -67.8634 -65.8111 0.760468
78.5 3258.79 -67.7264 -65.6758 0.760123
78.6 3252.04 -67.5896 -65.5407 0.759778
78.7 3245.3 -67.4531 -65.4059 0.759434
78.8 3238.57 -67.3169 -65.2715 0.75909
78.9 3231.86 -67.181 -65.1372 0.758747
79 3225.16 -67.0453 -65.0033 0.758404
79.1 3218.48 -66.9099 -64.8696 0.758061
79.2 3211.81 -66.7748 -64.7362 0.757718
79.3 3205.15 -66.6399 -64.603 0.757376
79.4 3198.51 -66.5053 -64.4701 0.757034
79.5 3191.88 -66.371 -64.3375 0.756693
79.6 3185.26 -66.237 -64.2052 0.756351
79.7 3178.66 -66.1032 -64.0731 0.75601
79.8 3172.07 -65.9697 -63.9413 0.75567
79.9 3165.49 -65.8364 -63.8098 0.755329
80 3158.93 -65.7035 -63.6785 0.754989
80.1 3152.38 -65.5707 -63.5475 0.754649
80.2 3145.84 -65.4383 -63.4168 0.75431
80.3 3139.31 -65.3061 -63.2863 0.753971
80.4 3132.8 -65.1742 -63.1561 0.753632
80.5 3126.31 -65.0426 -63.0261 0.753293
80.6 3119.82 -64.9112 -62.8964 0.752955
80.7 3113.35 -64.7801 -62.767 0.752617
80.8 3106.89 -64.6492 -62.6378 0.75228
80.9 3100.45 -64.5186 -62.5089 0.751942
81 3094.01 -64.3883 -62.3803 0.751605
81.1 3087.59 -64.2582 -62.2519 0.751269
81.2 3081.19 -64.1284 -62.1238 0.750932
81.3 3074.79 -63.9989 -61.9959 0.750596
81.4 3068.41 -63.8696 -61.8683 0.75026
81.5 3062.05 -63.7405 -61.7409 0.749925
81.6 3055.69 -63.6118 -61.6138 0.74959
81.7 3049.35 -63.4833 -61.487 0.749255
81.8 3043.02 -63.355 -61.3604 0.74892
81.9 3036.7 -63.227 -61.2341 0.748586
82 3030.4 -63.0993 -61.108 0.748252
82.1 3024.11 -62.9718 -60.9822 0.747918
82.2 3017.83 -62.8446 -60.8566 0.747585
82.3 3011.57 -62.7176 -60.7313 0.747252
82.4 3005.31 -62.5909 -60.6063 0.746919
82.5 2999.07 -62.4644 -60.4815 0.746587
82.6 2992.85 -62.3382 -60.3569 0.746254
82.7 2986.63 -62.2122 -60.2326 0.745923
82.8 2980.43 -62.0865 -60.1086 0.745591
82.9 2974.24 -61.9611 -59.9848 0.74526
83 2968.06 -61.8359 -59.8612 0.744929
83.1 2961.9 -61.7109 -59.7379 0.744598
83.2 2955.74 -61.5862 -59.6149 0.744268
83.3 2949.6 -61.4618 -59.4921 0.743937
83.4 2943.48 -61.3376 -59.3695 0.743608
83.5 2937.36 -61.2136 -59.2472 0.743278
83.6 2931.26 -61.0899 -59.1252 0.742949
83.7 2925.17 -60.9665 -59.0034 0.74262
83.8 2919.09 -60.8433 -58.8818 0.742291
83.9 2913.02 -60.7203 -58.7605 0.741963
84 2906.97 -60.5976 -58.6394 0.741635
84.1 2900.93 -60.4751 -58.5186 0.741307
84.2 2894.9 -60.3529 -58.398 0.740979
84.3 2888.88 -60.2309 -58.2777 0.740652
84.4 2882.88 -60.1092 -58.1576 0.740325
84.5 2876.89 -59.9877 -58.0377 0.739999
84.6 2870.9 -59.8665 -57.9181 0.739672
84.7 2864.94 -59.7455 -57.7987 0.739346
84.8 2858.98 -59.6247 -57.6796 0.739021
84.9 2853.04 -59.5042 -57.5607 0.738695
85 2847.1 -59.3839 -57.4421 0.73837
85.1 2841.18 -59.2639 -57.3236 0.738045
85.2 2835.27 -59.1441 -57.2055 0.73772
85.3 2829.38 -59.0245 -57.0876 0.737396
85.4 2823.49 -58.9052 -56.9699 0.737072
85.5 2817.62 -58.7861 -56.8524 0.736748
85.6 2811.76 -58.6673 -56.7352 0.736425
85.7 2805.91 -58.5487 -56.6182 0.736102
85.8 2800.07 -58.4304 -56.5015 0.735779
85.9 2794.25 -58.3122 -56.385 0.735456
86 2788.43 -58.1944 -56.2687 0.735134
86.1 2782.63 -58.0767 -56.1527 0.734812
86.2 2776.84 -57.9593 -56.0369 0.73449
86.3 2771.06 -57.8421 -55.9213 0.734169
86.4 2765.3 -57.7252 -55.806 0.733848
86.5 2759.54 -57.6085 -55.6909 0.733527
86.6 2753.8 -57.492 -55.576 0.733206
86.7 2748.07 -57.3758 -55.4614 0.732886
86.8 2742.35 -57.2598 -55.3469 0.732566
86.9 2736.64 -57.144 -55.2328 0.732246
87 2730.94 -57.0285 -55.1188 0.731926
87.1 2725.26 -56.9132 -55.0051 0.731607
87.2 2719.58 -56.7981 -54.8916 0.731288
87.3 2713.92 -56.6832 -54.7784 0.73097
87.4 2708.27 -56.5686 -54.6654 0.730651
87.5 2702.63 -56.4542 -54.5526 0.730333
87.6 2697 -56.3401 -54.44 0.730015
87.7 2691.38 -56.2262 -54.3277 0.729698
87.8 2685.78 -56.1125 -54.2156 0.729381
87.9 2680.18 -55.999 -54.1037 0.729064
88 2674.6 -55.8857 -53.992 0.728747
88.1 2669.03 -55.7727 -53.8806 0.72843
88.2 2663.47 -55.6599 -53.7694 0.728114
88.3 2657.92 -55.5474 -53.6584 0.727798
88.4 2652.38 -55.435 -53.5476 0.727483
88.5 2646.85 -55.3229 -53.4371 0.727168
88.6 2641.34 -55.2111 -53.3268 0.726853
88.7 2635.84 -55.0994 -53.2167 0.726538
88.8 2630.34 -54.988 -53.1068 0.726223
88.9 2624.86 -54.8767 -52.9972 0.725909
89 2619.39 -54.7658 -52.8878 0.725595
89.1 2613.93 -54.655 -52.7786 0.725282
89.2 2608.48 -54.5444 -52.6696 0.724968
89.3 2603.04 -54.4341 -52.5608 0.724655
89.4 2597.62 -54.324 -52.4523 0.724342
89.5 2592.2 -54.2141 -52.344 0.72403
89.6 2586.79 -54.1045 -52.2359 0.723717
89.7 2581.4 -53.995 -52.128 0.723405
89.8 2576.02 -53.8858 -52.0203 0.723094
89.9 2570.64 -53.7768 -51.9129 0.722782
90 2565.28 -53.668 -51.8057 0.722471
90.1 2559.93 -53.5595 -51.6987 0.72216
90.2 2554.59 -53.4511 -51.5919 0.72185
90.3 2549.26 -53.343 -51.4853 0.721539
90.4 2543.95 -53.2351 -51.3789 0.721229
90.5 2538.64 -53.1274 -51.2728 0.720919
90.6 2533.34 -53.0199 -51.1668 0.72061
90.7 2528.06 -52.9126 -51.0611 0.720301
90.8 2522.78 -52.8056 -50.9556 0.719992
90.9 2517.52 -52.6987 -50.8503 0.719683
91 2512.26 -52.5921 -50.7453 0.719374
91.1 2507.02 -52.4857 -50.6404 0.719066
91.2 2501.79 -52.3795 -50.5357 0.718758
91.3 2496.56 -52.2735 -50.4313 0.718451
91.4 2491.35 -52.1678 -50.3271 0.718143
91.5 2486.15 -52.0622 -50.223 0.717836
91.6 2480.96 -51.9569 -50.1192 0.717529
91.7 2475.78 -51.8518 -50.0156 0.717223
91.8 2470.61 -51.7468 -49.9122 0.716916
91.9 2465.45 -51.6421 -49.8091 0.71661
92 2460.3 -51.5376 -49.7061 0.716305
92.1 2455.17 -51.4333 -49.6033 0.715999
92.2 2450.04 -51.3293 -49.5008 0.715694
92.3 2444.92 -51.2254 -49.3984 0.715389
92.4 2439.81 -51.1217 -49.2963 0.715084
92.5 2434.72 -51.0183 -49.1944 0.71478
92.6 2429.63 -50.915 -49.0926 0.714476
92.7 2424.56 -50.812 -48.9911 0.714172
92.8 2419.49 -50.7091 -48.8898 0.713868
92.9 2414.43 -50.6065 -48.7887 0.713565
93 2409.39 -50.5041 -48.6878 0.713262
93.1 2404.35 -50.4019 -48.5871 0.712959
93.2 2399.33 -50.2999 -48.4866 0.712657
93.3 2394.31 -50.1981 -48.3863 0.712354
93.4 2389.31 -50.0965 -48.2862 0.712052
93.5 2384.32 -49.9951 -48.1863 0.711751
93.6 2379.33 -49.8939 -48.0866 0.711449
93.7 2374.36 -49.7929 -47.9871 0.711148
93.8 2369.39 -49.6921 -47.8879 0.710847
93.9 2364.44 -49.5915 -47.7888 0.710546
94 2359.49 -49.4911 -47.6899 0.710246
94.1 2354.56 -49.3909 -47.5912 0.709946
94.2 2349.64 -49.291 -47.4927 0.709646
94.3 2344.72 -49.1912 -47.3944 0.709346
94.4 2339.82 -49.0916 -47.2964 0.709047
94.5 2334.92 -48.9922 -47.1985 0.708748
94.6 2330.04 -48.893 -47.1008 0.708449
94.7 2325.16 -48.794 -47.0033 0.70815
94.8 2320.3 -48.6953 -46.906 0.707852
94.9 2315.45 -48.5967 -46.8089 0.707554
95 2310.6 -48.4983 -46.712 0.707256
95.1 2305.77 -48.4001 -46.6153 0.706959
95.2 2300.94 -48.3021 -46.5188 0.706661
95.3 2296.12 -48.2043 -46.4225 0.706364
95.4 2291.32 -48.1067 -46.3264 0.706068
95.5 2286.52 -48.0093 -46.2305 0.705771
95.6 2281.74 -47.9121 -46.1347 0.705475
95.7 2276.96 -47.8151 -46.0392 0.705179
95.8 2272.19 -47.7183 -45.9439 0.704883
95.9 2267.44 -47.6216 -45.8487 0.704588
96 2262.69 -47.5252 -45.7538 0.704293
96.1 2257.95 -47.429 -45.659 0.703998
96.2 2253.22 -47.3329 -45.5644 0.703703
96.3 2248.5 -47.2371 -45.47 0.703409
96.4 2243.79 -47.1414 -45.3759 0.703115
96.5 2239.09 -47.046 -45.2819 0.702821
96.6 2234.4 -46.9507 -45.1881 0.702527
96.7 2229.72 -46.8556 -45.0944 0.702234
96.8 2225.05 -46.7607 -45.001 0.701941
96.9 2220.39 -46.666 -44.9078 0.701648
97 2215.74 -46.5715 -44.8147 0.701356
97.1 2211.09 -46.4772 -44.7219 0.701063
97.2 2206.46 -46.383 -44.6292 0.700771
97.3 2201.84 -46.2891 -44.5367 0.70048
97.4 2197.22 -46.1954 -44.4444 0.700188
97.5 2192.62 -46.1018 -44.3523 0.699897
97.6 2188.02 -46.0084 -44.2604 0.699606
97.7 2183.43 -45.9152 -44.1686 0.699315
97.8 2178.85 -45.8222 -44.0771 0.699025
97.9 2174.29 -45.7294 -43.9857 0.698735
98 2169.73 -45.6368 -43.8945 0.698445
98.1 2165.18 -45.5443 -43.8035 0.698155
98.2 2160.64 -45.4521 -43.7127 0.697865
98.3 2156.11 -45.36 -43.6221 0.697576
98.4 2151.58 -45.2681 -43.5317 0.697287
98.5 2147.07 -45.1764 -43.4414 0.696999
98.6 2142.57 -45.0849 -43.3513 0.69671
98.7 2138.07 -44.9935 -43.2614 0.696422
98.8 2133.59 -44.9024 -43.1717 0.696134
98.9 2129.11 -44.8114 -43.0822 0.695847
99 2124.64 -44.7206 -42.9928 0.695559
99.1 2120.18 -44.63 -42.9037 0.695272
99.2 2115.73 -44.5396 -42.8147 0.694985
99.3 2111.29 -44.4494 -42.7259 0.694699
99.4 2106.86 -44.3593 -42.6372 0.694412
99.5 2102.44 -44.2694 -42.5488 0.694126
99.6 2098.03 -44.1797 -42.4605 0.69384
99.7 2093.62 -44.0902 -42.3724 0.693555
99.8 2089.23 -44.0009 -42.2845 0.69327
99.9 2084.84 -43.9117 -42.1968 0.692985
100 2080.46 -43.8227 -42.1092 0.6927
100.1 2076.09 -43.7339 -42.0218 0.692415
100.2 2071.73 -43.6453 -41.9346 0.692131
100.3 2067.38 -43.5568 -41.8476 0.691847
100.4 2063.04 -43.4686 -41.7608 0.691563
100.5 2058.7 -43.3805 -41.6741 0.691279
100.6 2054.38 -43.2926 -41.5876 0.690996
100.7 2050.06 -43.2048 -41.5013 0.690713
100.8 2045.76 -43.1173 -41.4151 0.69043
100.9 2041.46 -43.0299 -41.3292 0.690148
101 2037.17 -42.9427 -41.2434 0.689866
101.1 2032.89 -42.8556 -41.1577 0.689584
101.2 2028.61 -42.7688 -41.0723 0.689302
101.3 2024.35 -42.6821 -40.987 0.68902
101.4 2020.09 -42.5956 -40.9019 0.688739
101.5 2015.85 -42.5093 -40.817 0.688458
101.6 2011.61 -42.4231 -40.7322 0.688177
101.7 2007.38 -42.3371 -40.6476 0.687897
101.8 2003.16 -42.2513 -40.5632 0.687617
101.9 1998.95 -42.1656 -40.479 0.687337
102 1994.74 -42.0802 -40.3949 0.687057
102.1 1990.55 -41.9949 -40.311 0.686778
102.2 1986.36 -41.9097 -40.2272 0.686498
102.3 1982.18 -41.8248 -40.1437 0.686219
102.4 1978.01 -41.74 -40.0603 0.685941
102.5 1973.85 -41.6554 -39.9771 0.685662
102.6 1969.7 -41.5709 -39.894 0.685384
102.7 1965.56 -41.4866 -39.8111 0.685106
102.8 1961.42 -41.4025 -39.7284 0.684828
102.9 1957.29 -41.3186 -39.6458 0.684551
103 1953.17 -41.2348 -39.5634 0.684274
103.1 1949.06 -41.1512 -39.4812 0.683997
103.2 1944.96 -41.0678 -39.3992 0.68372
103.3 1940.86 -40.9845 -39.3173 0.683444
103.4 1936.78 -40.9014 -39.2356 0.683167
103.5 1932.7 -40.8185 -39.154 0.682891
103.6 1928.63 -40.7357 -39.0726 0.682616
103.7 1924.57 -40.6531 -38.9914 0.68234
103.8 1920.52 -40.5707 -38.9103 0.682065
103.9 1916.47 -40.4884 -38.8294 0.68179
104 1912.44 -40.4063 -38.7487 0.681516
104.1 1908.41 -40.3244 -38.6682 0.681241
104.2 1904.39 -40.2426 -38.5877 0.680967
104.3 1900.38 -40.161 -38.5075 0.680693
104.4 1896.37 -40.0795 -38.4274 0.680419
104.5 1892.38 -39.9982 -38.3475 0.680146
104.6 1888.39 -39.9171 -38.2678 0.679873
104.7 1884.41 -39.8362 -38.1882 0.6796
104.8 1880.44 -39.7554 -38.1087 0.679327
104.9 1876.47 -39.6747 -38.0295 0.679055
105 1872.52 -39.5943 -37.9504 0.678782
105.1 1868.57 -39.514 -37.8714 0.67851
105.2 1864.63 -39.4338 -37.7926 0.678239
105.3 1860.7 -39.3538 -37.714 0.677967
105.4 1856.78 -39.274 -37.6355 0.677696
105.5 1852.86 -39.1943 -37.5572 0.677425
105.6 1848.95 -39.1148 -37.4791 0.677154
105.7 1845.05 -39.0355 -37.4011 0.676884
105.8 1841.16 -38.9563 -37.3232 0.676614
105.9 1837.28 -38.8773 -37.2456 0.676344
106 1833.4 -38.7984 -37.1681 0.676074
106.1 1829.53 -38.7197 -37.0907 0.675805
106.2 1825.67 -38.6412 -37.0135 0.675535
106.3 1821.82 -38.5628 -36.9364 0.675266
106.4 1817.98 -38.4845 -36.8596 0.674998
106.5 1814.14 -38.4065 -36.7828 0.674729
106.6 1810.31 -38.3285 -36.7062 0.674461
106.7 1806.49 -38.2508 -36.6298 0.674193
106.8 1802.68 -38.1732 -36.5535 0.673925
106.9 1798.87 -38.0957 -36.4774 0.673658
107 1795.07 -38.0184 -36.4015 0.67339
107.1 1791.28 -37.9413 -36.3257 0.673123
107.2 1787.5 -37.8643 -36.25 0.672857
107.3 1783.73 -37.7875 -36.1745 0.67259
107.4 1779.96 -37.7108 -36.0992 0.672324
107.5 1776.2 -37.6343 -36.024 0.672058
107.6 1772.45 -37.5579 -35.9489 0.671792
107.7 1768.7 -37.4817 -35.8741 0.671527
107.8 1764.97 -37.4056 -35.7993 0.671261
107.9 1761.24 -37.3297 -35.7247 0.670996
108 1757.52 -37.254 -35.6503 0.670732
108.1 1753.8 -37.1784 -35.576 0.670467
108.2 1750.09 -37.1029 -35.5019 0.670203
108.3 1746.4 -37.0276 -35.4279 0.669939
108.4 1742.7 -36.9525 -35.3541 0.669675
108.5 1739.02 -36.8775 -35.2804 0.669411
108.6 1735.34 -36.8026 -35.2069 0.669148
108.7 1731.67 -36.7279 -35.1335 0.668885
108.8 1728.01 -36.6534 -35.0603 0.668622
108.9 1724.36 -36.579 -34.9872 0.668359
109 1720.71 -36.5047 -34.9142 0.668097
109.1 1717.07 -36.4306 -34.8414 0.667835
109.2 1713.44 -36.3567 -34.7688 0.667573
109.3 1709.82 -36.2829 -34.6963 0.667311
109.4 1706.2 -36.2092 -34.624 0.66705
109.5 1702.59 -36.1357 -34.5518 0.666789
109.6 1698.99 -36.0624 -34.4797 0.666528
109.7 1695.39 -35.9892 -34.4078 0.666267
109.8 1691.8 -35.9161 -34.3361 0.666007
109.9 1688.22 -35.8432 -34.2644 0.665747
110 1684.65 -35.7704 -34.193 0.665487
110.1 1681.08 -35.6978 -34.1217 0.665227
110.2 1677.52 -35.6253 -34.0505 0.664968
110.3 1673.97 -35.553 -33.9794 0.664709
110.4 1670.43 -35.4808 -33.9086 0.66445
110.5 1666.89 -35.4088 -33.8378 0.664191
110.6 1663.36 -35.3369 -33.7672 0.663932
110.7 1659.84 -35.2651 -33.6967 0.663674
110.8 1656.32 -35.1935 -33.6264 0.663416
110.9 1652.81 -35.1221 -33.5563 0.663159
111 1649.31 -35.0507 -33.4862 0.662901
111.1 1645.82 -34.9796 -33.4163 0.662644
111.2 1642.33 -34.9085 -33.3466 0.662387
111.3 1638.85 -34.8376 -33.277 0.66213
111.4 1635.38 -34.7669 -33.2075 0.661873
111.5 1631.91 -34.6963 -33.1382 0.661617
111.6 1628.45 -34.6258 -33.069 0.661361
111.7 1625 -34.5555 -33 0.661105
111.8 1621.55 -34.4853 -32.9311 0.66085
111.9 1618.12 -34.4153 -32.8623 0.660594
112 1614.69 -34.3454 -32.7937 0.660339
112.1 1611.26 -34.2756 -32.7252 0.660084
112.2 1607.84 -34.206 -32.6569 0.65983
112.3 1604.43 -34.1365 -32.5887 0.659575
112.4 1601.03 -34.0672 -32.5206 0.659321
112.5 1597.63 -33.998 -32.4527 0.659067
112.6 1594.24 -33.929 -32.3849 0.658814
112.7 1590.86 -33.86 -32.3172 0.65856
112.8 1587.49 -33.7913 -32.2497 0.658307
112.9 1584.12 -33.7226 -32.1823 0.658054
113 1580.76 -33.6541 -32.1151 0.657801
113.1 1577.4 -33.5858 -32.048 0.657549
113.2 1574.05 -33.5175 -31.981 0.657297
113.3 1570.71 -33.4494 -31.9142 0.657045
113.4 1567.38 -33.3815 -31.8475 0.656793
113.5 1564.05 -33.3137 -31.781 0.656541
113.6 1560.73 -33.246 -31.7145 0.65629
113.7 1557.41 -33.1784 -31.6482 0.656039
113.8 1554.1 -33.111 -31.5821 0.655788
113.9 1550.8 -33.0438 -31.5161 0.655537
114 1547.51 -32.9766 -31.4502 0.655287
114.1 1544.22 -32.9096 -31.3844 0.655037
114.2 1540.94 -32.8427 -31.3188 0.654787
114.3 1537.67 -32.776 -31.2533 0.654538
114.4 1534.4 -32.7094 -31.188 0.654288
114.5 1531.14 -32.6429 -31.1228 0.654039
114.6 1527.88 -32.5766 -31.0577 0.65379
114.7 1524.64 -32.5104 -30.9927 0.653541
114.8 1521.39 -32.4444 -30.9279 0.653293
114.9 1518.16 -32.3784 -30.8632 0.653045
115 1514.93 -32.3126 -30.7986 0.652797
115.1 1511.71 -32.247 -30.7342 0.652549
115.2 1508.5 -32.1814 -30.6699 0.652301
115.3 1505.29 -32.116 -30.6057 0.652054
115.4 1502.09 -32.0507 -30.5417 0.651807
115.5 1498.89 -31.9856 -30.4778 0.65156
115.6 1495.7 -31.9206 -30.414 0.651314
115.7 1492.52 -31.8557 -30.3504 0.651067
115.8 1489.34 -31.791 -30.2869 0.650821
115.9 1486.17 -31.7264 -30.2235 0.650575
116 1483.01 -31.6619 -30.1602 0.65033
116.1 1479.85 -31.5975 -30.0971 0.650084
116.2 1476.7 -31.5333 -30.0341 0.649839
116.3 1473.56 -31.4692 -29.9712 0.649594
116.4 1470.42 -31.4052 -29.9085 0.649349
116.5 1467.29 -31.3414 -29.8458 0.649105
116.6 1464.17 -31.2777 -29.7833 0.648861
116.7 1461.05 -31.2141 -29.721 0.648617
116.8 1457.94 -31.1506 -29.6587 0.648373
116.9 1454.83 -31.0873 -29.5966 0.648129
117 1451.73 -31.0241 -29.5347 0.647886
117.1 1448.64 -30.961 -29.4728 0.647643
117.2 1445.55 -30.8981 -29.4111 0.6474
117.3 1442.47 -30.8352 -29.3495 0.647157
117.4 1439.4 -30.7725 -29.288 0.646915
117.5 1436.33 -30.71 -29.2266 0.646673
117.6 1433.27 -30.6475 -29.1654 0.646431
117.7 1430.21 -30.5852 -29.1043 0.646189
117.8 1427.16 -30.523 -29.0433 0.645948
117.9 1424.12 -30.461 -28.9824 0.645707
118 1421.08 -30.399 -28.9217 0.645466
118.1 1418.05 -30.3372 -28.8611 0.645225
118.2 1415.03 -30.2755 -28.8006 0.644984
118.3 1412.01 -30.2139 -28.7402 0.644744
118.4 1409 -30.1525 -28.68 0.644504
118.5 1405.99 -30.0912 -28.6199 0.644264
118.6 1402.99 -30.03 -28.5599 0.644024
118.7 1400 -29.9689 -28.5 0.643785
118.8 1397.01 -29.908 -28.4402 0.643546
118.9 1394.03 -29.8471 -28.3806 0.643307
119 1391.05 -29.7864 -28.3211 0.643068
119.1 1388.08 -29.7258 -28.2617 0.64283
119.2 1385.12 -29.6654 -28.2024 0.642591
119.3 1382.16 -29.605 -28.1433 0.642353
119.4 1379.21 -29.5448 -28.0842 0.642116
119.5 1376.27 -29.4847 -28.0253 0.641878
119.6 1373.33 -29.4247 -27.9665 0.641641
119.7 1370.39 -29.3649 -27.9079 0.641404
119.8 1367.47 -29.3052 -27.8493 0.641167
119.9 1364.54 -29.2455 -27.7909 0.64093
120 1361.63 -29.186 -27.7326 0.640694
120.1 1358.72 -29.1267 -27.6744 0.640457
120.2 1355.82 -29.0674 -27.6163 0.640221
120.3 1352.92 -29.0083 -27.5583 0.639986
120.4 1350.03 -28.9493 -27.5005 0.63975
120.5 1347.14 -28.8904 -27.4428 0.639515
120.6 1344.26 -28.8316 -27.3852 0.63928
120.7 1341.38 -28.7729 -27.3277 0.639045
120.8 1338.52 -28.7144 -27.2703 0.63881
120.9 1335.65 -28.656 -27.2131 0.638576
121 1332.8 -28.5976 -27.1559 0.638342
121.1 1329.95 -28.5395 -27.0989 0.638108
121.2 1327.1 -28.4814 -27.042 0.637874
121.3 1324.26 -28.4234 -26.9852 0.637641
121.4 1321.43 -28.3656 -26.9285 0.637407
121.5 1318.6 -28.3079 -26.872 0.637174
121.6 1315.78 -28.2503 -26.8155 0.636942
121.7 1312.96 -28.1928 -26.7592 0.636709
121.8 1310.15 -28.1354 -26.703 0.636477
121.9 1307.35 -28.0781 -26.6469 0.636244
122 1304.55 -28.021 -26.5909 0.636013
122.1 1301.75 -27.964 -26.535 0.635781
122.2 1298.96 -27.907 -26.4793 0.635549
122.3 1296.18 -27.8502 -26.4236 0.635318
122.4 1293.41 -27.7936 -26.3681 0.635087
122.5 1290.64 -27.737 -26.3127 0.634856
122.6 1287.87 -27.6805 -26.2574 0.634626
122.7 1285.11 -27.6242 -26.2022 0.634395
122.8 1282.36 -27.568 -26.1471 0.634165
122.9 1279.61 -27.5118 -26.0922 0.633935
123 1276.87 -27.4558 -26.0373 0.633706
123.1 1274.13 -27.3999 -25.9826 0.633476
123.2 1271.4 -27.3442 -25.9279 0.633247
123.3 1268.67 -27.2885 -25.8734 0.633018
123.4 1265.95 -27.2329 -25.819 0.632789
123.5 1263.23 -27.1775 -25.7647 0.632561
123.6 1260.53 -27.1222 -25.7105 0.632332
123.7 1257.82 -27.0669 -25.6564 0.632104
123.8 1255.12 -27.0118 -25.6025 0.631876
123.9 1252.43 -26.9568 -25.5486 0.631648
124 1249.74 -26.902 -25.4948 0.631421
124.1 1247.06 -26.8472 -25.4412 0.631194
124.2 1244.38 -26.7925 -25.3877 0.630967
124.3 1241.71 -26.738 -25.3343 0.63074
124.4 1239.05 -26.6835 -25.2809 0.630513
124.5 1236.39 -26.6292 -25.2277 0.630287
124.6 1233.73 -26.5749 -25.1746 0.630061
124.7 1231.08 -26.5208 -25.1217 0.629835
124.8 1228.44 -26.4668 -25.0688 0.629609
124.9 1225.8 -26.4129 -25.016 0.629384
125 1223.17 -26.3591 -24.9633 0.629158
125.1 1220.54 -26.3055 -24.9108 0.628933
125.2 1217.92 -26.2519 -24.8583 0.628708
125.3 1215.3 -26.1984 -24.806 0.628484
125.4 1212.69 -26.1451 -24.7538 0.628259
125.5 1210.08 -26.0918 -24.7016 0.628035
125.6 1207.48 -26.0387 -24.6496 0.627811
125.7 1204.88 -25.9856 -24.5977 0.627588
125.8 1202.29 -25.9327 -24.5459 0.627364
125.9 1199.71 -25.8799 -24.4942 0.627141
126 1197.13 -25.8271 -24.4426 0.626918
126.1 1194.55 -25.7745 -24.3911 0.626695
126.2 1191.98 -25.722 -24.3397 0.626472
126.3 1189.42 -25.6696 -24.2884 0.62625
126.4 1186.86 -25.6173 -24.2372 0.626027
126.5 1184.31 -25.5652 -24.1861 0.625805
126.6 1181.76 -25.5131 -24.1351 0.625584
126.7 1179.21 -25.4611 -24.0843 0.625362
126.8 1176.68 -25.4092 -24.0335 0.625141
126.9 1174.14 -25.3574 -23.9828 0.624919
127 1171.61 -25.3058 -23.9323 0.624699
127.1 1169.09 -25.2542 -23.8818 0.624478
127.2 1166.57 -25.2028 -23.8315 0.624257
127.3 1164.06 -25.1514 -23.7812 0.624037
127.4 1161.55 -25.1002 -23.7311 0.623817
127.5 1159.05 -25.049 -23.681 0.623597
127.6 1156.55 -24.998 -23.6311 0.623377
127.7 1154.06 -24.947 -23.5812 0.623158
127.8 1151.58 -24.8962 -23.5315 0.622939
127.9 1149.09 -24.8455 -23.4819 0.62272
128 1146.62 -24.7948 -23.4323 0.622501
128.1 1144.14 -24.7443 -23.3829 0.622282
128.2 1141.68 -24.6939 -23.3335 0.622064
128.3 1139.22 -24.6435 -23.2843 0.621846
128.4 1136.76 -24.5933 -23.2352 0.621628
128.5 1134.31 -24.5432 -23.1861 0.62141
128.6 1131.86 -24.4932 -23.1372 0.621193
128.7 1129.42 -24.4432 -23.0884 0.620975
128.8 1126.98 -24.3934 -23.0396 0.620758
128.9 1124.55 -24.3437 -22.991 0.620541
129 1122.12 -24.2941 -22.9425 0.620325
129.1 1119.7 -24.2446 -22.894 0.620108
129.2 1117.28 -24.1951 -22.8457 0.619892
129.3 1114.87 -24.1458 -22.7974 0.619676
129.4 1112.46 -24.0966 -22.7493 0.61946
129.5 1110.06 -24.0475 -22.7012 0.619245
129.6 1107.66 -23.9984 -22.6533 0.619029
129.7 1105.27 -23.9495 -22.6054 0.618814
129.8 1102.88 -23.9007 -22.5577 0.618599
129.9 1100.5 -23.852 -22.51 0.618384
130 1098.12 -23.8033 -22.4625 0.61817
130.1 1095.75 -23.7548 -22.415 0.617955
130.2 1093.38 -23.7064 -22.3676 0.617741
130.3 1091.02 -23.658 -22.3204 0.617527
130.4 1088.66 -23.6098 -22.2732 0.617313
130.5 1086.31 -23.5616 -22.2261 0.6171
130.6 1083.96 -23.5136 -22.1792 0.616887
130.7 1081.61 -23.4656 -22.1323 0.616674
130.8 1079.27 -23.4178 -22.0855 0.616461
130.9 1076.94 -23.37 -22.0388 0.616248
131 1074.61 -23.3224 -21.9922 0.616036
131.1 1072.28 -23.2748 -21.9457 0.615823
131.2 1069.96 -23.2273 -21.8993 0.615611
131.3 1067.65 -23.18 -21.853 0.615399
131.4 1065.34 -23.1327 -21.8068 0.615188
131.5 1063.03 -23.0855 -21.7606 0.614976
131.6 1060.73 -23.0384 -21.7146 0.614765
131.7 1058.43 -22.9914 -21.6687 0.614554
131.8 1056.14 -22.9445 -21.6228 0.614343
131.9 1053.85 -22.8977 -21.5771 0.614133
132 1051.57 -22.851 -21.5314 0.613922
132.1 1049.29 -22.8044 -21.4859 0.613712
132.2 1047.02 -22.7579 -21.4404 0.613502
132.3 1044.75 -22.7115 -21.395 0.613292
132.4 1042.49 -22.6651 -21.3497 0.613083
132.5 1040.23 -22.6189 -21.3045 0.612873
132.6 1037.97 -22.5728 -21.2594 0.612664
132.7 1035.72 -22.5267 -21.2144 0.612455
132.8 1033.48 -22.4807 -21.1695 0.612246
132.9 1031.23 -22.4349 -21.1247 0.612038
133 1029 -22.3891 -21.08 0.611829
133.1 1026.77 -22.3434 -21.0353 0.611621
133.2 1024.54 -22.2978 -20.9908 0.611413
133.3 1022.32 -22.2523 -20.9463 0.611205
133.4 1020.1 -22.2069 -20.9019 0.610998
133.5 1017.88 -22.1616 -20.8577 0.610791
133.6 1015.67 -22.1164 -20.8135 0.610583
133.7 1013.47 -22.0713 -20.7694 0.610376
133.8 1011.27 -22.0262 -20.7254 0.61017
133.9 1009.07 -21.9813 -20.6814 0.609963
134 1006.88 -21.9364 -20.6376 0.609757
134.1 1004.69 -21.8916 -20.5939 0.609551
134.2 1002.51 -21.847 -20.5502 0.609345
134.3 1000.33 -21.8024 -20.5067 0.609139
134.4 998.16 -21.7579 -20.4632 0.608934
134.5 995.991 -21.7135 -20.4198 0.608728
134.6 993.826 -21.6691 -20.3765 0.608523
134.7 991.666 -21.6249 -20.3333 0.608318
134.8 989.51 -21.5808 -20.2902 0.608113
134.9 987.359 -21.5367 -20.2472 0.607909
135 985.212 -21.4928 -20.2042 0.607705
135.1 983.069 -21.4489 -20.1614 0.6075
135.2 980.931 -21.4051 -20.1186 0.607297
135.3 978.797 -21.3614 -20.0759 0.607093
135.4 976.667 -21.3178 -20.0333 0.606889
135.5 974.542 -21.2743 -19.9908 0.606686
135.6 972.421 -21.2308 -19.9484 0.606483
135.7 970.304 -21.1875 -19.9061 0.60628
135.8 968.192 -21.1442 -19.8638 0.606077
135.9 966.084 -21.1011 -19.8217 0.605875
136 963.98 -21.058 -19.7796 0.605672
136.1 961.881 -21.015 -19.7376 0.60547
136.2 959.786 -20.9721 -19.6957 0.605268
136.3 957.695 -20.9292 -19.6539 0.605066
136.4 955.609 -20.8865 -19.6122 0.604865
136.5 953.526 -20.8438 -19.5705 0.604664
136.6 951.448 -20.8013 -19.529 0.604462
136.7 949.375 -20.7588 -19.4875 0.604262
136.8 947.305 -20.7164 -19.4461 0.604061
136.9 945.24 -20.6741 -19.4048 0.60386
137 943.179 -20.6319 -19.3636 0.60366
137.1 941.122 -20.5897 -19.3224 0.60346
137.2 939.069 -20.5477 -19.2814 0.60326
137.3 937.021 -20.5057 -19.2404 0.60306
137.4 934.976 -20.4638 -19.1995 0.60286
137.5 932.936 -20.422 -19.1587 0.602661
137.6 930.9 -20.3803 -19.118 0.602462
137.7 928.869 -20.3387 -19.0774 0.602263
137.8 926.841 -20.2971 -19.0368 0.602064
137.9 924.817 -20.2557 -18.9963 0.601865
138 922.798 -20.2143 -18.956 0.601667
138.1 920.783 -20.173 -18.9157 0.601469
138.2 918.772 -20.1318 -18.8754 0.601271
138.3 916.765 -20.0907 -18.8353 0.601073
138.4 914.762 -20.0496 -18.7952 0.600875
138.5 912.763 -20.0086 -18.7553 0.600678
138.6 910.768 -19.9678 -18.7154 0.60048
138.7 908.778 -19.927 -18.6756 0.600283
138.8 906.791 -19.8863 -18.6358 0.600087
138.9 904.808 -19.8456 -18.5962 0.59989
139 902.83 -19.8051 -18.5566 0.599693
139.1 900.856 -19.7646 -18.5171 0.599497
139.2 898.885 -19.7242 -18.4777 0.599301
139.3 896.919 -19.6839 -18.4384 0.599105
139.4 894.956 -19.6437 -18.3991 0.598909
139.5 892.998 -19.6035 -18.36 0.598714
139.6 891.044 -19.5635 -18.3209 0.598518
139.7 889.093 -19.5235 -18.2819 0.598323
139.8 887.147 -19.4836 -18.2429 0.598128
139.9 885.205 -19.4438 -18.2041 0.597934
140 883.266 -19.404 -18.1653 0.597739
140.1 881.332 -19.3644 -18.1266 0.597545
140.2 879.401 -19.3248 -18.088 0.59735
140.3 877.475 -19.2853 -18.0495 0.597156
140.4 875.552 -19.2459 -18.011 0.596963
140.5 873.633 -19.2065 -17.9727 0.596769
140.6 871.719 -19.1673 -17.9344 0.596576
140.7 869.808 -19.1281 -17.8962 0.596382
140.8 867.901 -19.089 -17.858 0.596189
140.9 865.998 -19.0499 -17.82 0.595996
141 864.099 -19.011 -17.782 0.595804
141.1 862.203 -18.9721 -17.7441 0.595611
141.2 860.312 -18.9333 -17.7062 0.595419
141.3 858.424 -18.8946 -17.6685 0.595227
141.4 856.541 -18.856 -17.6308 0.595035
141.5 854.661 -18.8174 -17.5932 0.594843
141.6 852.785 -18.779 -17.5557 0.594651
141.7 850.913 -18.7406 -17.5183 0.59446
141.8 849.045 -18.7022 -17.4809 0.594269
141.9 847.18 -18.664 -17.4436 0.594078
142 845.319 -18.6258 -17.4064 0.593887
142.1 843.462 -18.5877 -17.3692 0.593696
142.2 841.609 -18.5497 -17.3322 0.593506
142.3 839.76 -18.5118 -17.2952 0.593316
142.4 837.915 -18.4739 -17.2583 0.593126
142.5 836.073 -18.4361 -17.2215 0.592936
142.6 834.235 -18.3984 -17.1847 0.592746
142.7 832.401 -18.3608 -17.148 0.592556
142.8 830.57 -18.3232 -17.1114 0.592367
142.9 828.744 -18.2858 -17.0749 0.592178
143 826.921 -18.2484 -17.0384 0.591989
143.1 825.101 -18.211 -17.002 0.5918
143.2 823.286 -18.1738 -16.9657 0.591612
143.3 821.474 -18.1366 -16.9295 0.591423
143.4 819.666 -18.0995 -16.8933 0.591235
143.5 817.862 -18.0625 -16.8572 0.591047
143.6 816.061 -18.0255 -16.8212 0.590859
143.7 814.264 -17.9886 -16.7853 0.590671
143.8 812.471 -17.9518 -16.7494 0.590484
143.9 810.681 -17.9151 -16.7136 0.590296
144 808.895 -17.8784 -16.6779 0.590109
144.1 807.112 -17.8419 -16.6422 0.589922
144.2 805.334 -17.8054 -16.6067 0.589736
144.3 803.559 -17.7689 -16.5712 0.589549
144.4 801.787 -17.7326 -16.5357 0.589363
144.5 800.019 -17.6963 -16.5004 0.589176
144.6 798.255 -17.6601 -16.4651 0.58899
144.7 796.495 -17.6239 -16.4299 0.588804
144.8 794.738 -17.5878 -16.3948 0.588619
144.9 792.984 -17.5519 -16.3597 0.588433
145 791.234 -17.5159 -16.3247 0.588248
145.1 789.488 -17.4801 -16.2898 0.588063
145.2 787.746 -17.4443 -16.2549 0.587878
145.3 786.007 -17.4086 -16.2201 0.587693
145.4 784.271 -17.373 -16.1854 0.587508
145.5 782.539 -17.3374 -16.1508 0.587324
145.6 780.811 -17.3019 -16.1162 0.587139
145.7 779.086 -17.2665 -16.0817 0.586955
145.8 777.364 -17.2311 -16.0473 0.586771
145.9 775.647 -17.1959 -16.0129 0.586588
146 773.932 -17.1607 -15.9786 0.586404
146.1 772.221 -17.1255 -15.9444 0.586221
146.2 770.514 -17.0905 -15.9103 0.586038
146.3 768.81 -17.0555 -15.8762 0.585855
146.4 767.11 -17.0206 -15.8422 0.585672
146.5 765.413 -16.9857 -15.8083 0.585489
146.6 763.72 -16.9509 -15.7744 0.585307
146.7 762.03 -16.9162 -15.7406 0.585124
146.8 760.344 -16.8816 -15.7069 0.584942
146.9 758.661 -16.847 -15.6732 0.58476
147 756.981 -16.8125 -15.6396 0.584578
147.1 755.305 -16.7781 -15.6061 0.584397
147.2 753.632 -16.7437 -15.5726 0.584215
147.3 751.963 -16.7094 -15.5393 0.584034
147.4 750.297 -16.6752 -15.5059 0.583853
147.5 748.635 -16.6411 -15.4727 0.583672
147.6 746.976 -16.607 -15.4395 0.583491
147.7 745.32 -16.573 -15.4064 0.583311
147.8 743.668 -16.539 -15.3734 0.58313
147.9 742.019 -16.5051 -15.3404 0.58295
148 740.374 -16.4713 -15.3075 0.58277
148.1 738.732 -16.4376 -15.2746 0.58259
148.2 737.093 -16.4039 -15.2419 0.58241
148.3 735.458 -16.3703 -15.2092 0.582231
148.4 733.826 -16.3368 -15.1765 0.582052
148.5 732.197 -16.3033 -15.1439 0.581872
148.6 730.572 -16.2699 -15.1114 0.581693
148.7 728.95 -16.2366 -15.079 0.581515
148.8 727.331 -16.2033 -15.0466 0.581336
148.9 725.716 -16.1701 -15.0143 0.581157
149 724.104 -16.137 -14.9821 0.580979
149.1 722.495 -16.1039 -14.9499 0.580801
149.2 720.889 -16.0709 -14.9178 0.580623
149.3 719.287 -16.038 -14.8857 0.580445
149.4 717.688 -16.0051 -14.8538 0.580267
149.5 716.093 -15.9723 -14.8219 0.58009
149.6 714.501 -15.9396 -14.79 0.579913
149.7 712.911 -15.9069 -14.7582 0.579736
149.8 711.326 -15.8743 -14.7265 0.579559
149.9 709.743 -15.8418 -14.6949 0.579382
150 708.164 -15.8093 -14.6633 0.579205
150.1 706.588 -15.7769 -14.6318 0.579029
150.2 705.015 -15.7446 -14.6003 0.578852
150.3 703.445 -15.7123 -14.5689 0.578676
150.4 701.879 -15.6801 -14.5376 0.5785
150.5 700.316 -15.6479 -14.5063 0.578325
150.6 698.756 -15.6159 -14.4751 0.578149
150.7 697.199 -15.5838 -14.444 0.577973
150.8 695.645 -15.5519 -14.4129 0.577798
150.9 694.095 -15.52 -14.3819 0.577623
151 692.548 -15.4882 -14.351 0.577448
151.1 691.004 -15.4564 -14.3201 0.577273
151.2 689.463 -15.4247 -14.2893 0.577099
151.3 687.925 -15.3931 -14.2585 0.576924
151.4 686.39 -15.3616 -14.2278 0.57675
151.5 684.859 -15.3301 -14.1972 0.576576
151.6 683.331 -15.2986 -14.1666 0.576402
151.7 681.806 -15.2673 -14.1361 0.576228
151.8 680.284 -15.2359 -14.1057 0.576055
151.9 678.765 -15.2047 -14.0753 0.575881
152 677.249 -15.1735 -14.045 0.575708
152.1 675.736 -15.1424 -14.0147 0.575535
152.2 674.227 -15.1113 -13.9845 0.575362
152.3 672.72 -15.0803 -13.9544 0.575189
152.4 671.217 -15.0494 -13.9243 0.575016
152.5 669.716 -15.0185 -13.8943 0.574844
152.6 668.219 -14.9877 -13.8644 0.574672
152.7 666.725 -14.957 -13.8345 0.5745
152.8 665.234 -14.9263 -13.8047 0.574328
152.9 663.746 -14.8957 -13.7749 0.574156
153 662.261 -14.8651 -13.7452 0.573984
153.1 660.779 -14.8346 -13.7156 0.573813
153.2 659.3 -14.8042 -13.686 0.573641
153.3 657.824 -14.7738 -13.6565 0.57347
153.4 656.351 -14.7435 -13.627 0.573299
153.5 654.881 -14.7133 -13.5976 0.573128
153.6 653.415 -14.6831 -13.5683 0.572958
153.7 651.951 -14.653 -13.539 0.572787
153.8 650.49 -14.6229 -13.5098 0.572617
153.9 649.032 -14.5929 -13.4806 0.572447
154 647.577 -14.5629 -13.4515 0.572277
154.1 646.126 -14.533 -13.4225 0.572107
154.2 644.677 -14.5032 -13.3935 0.571937
154.3 643.231 -14.4735 -13.3646 0.571767
154.4 641.788 -14.4438 -13.3358 0.571598
154.5 640.348 -14.4141 -13.307 0.571429
154.6 638.911 -14.3845 -13.2782 0.57126
154.7 637.477 -14.355 -13.2495 0.571091
154.8 636.046 -14.3255 -13.2209 0.570922
154.9 634.618 -14.2961 -13.1924 0.570754
155 633.193 -14.2668 -13.1639 0.570585
155.1 631.77 -14.2375 -13.1354 0.570417
155.2 630.351 -14.2083 -13.107 0.570249
155.3 628.935 -14.1791 -13.0787 0.570081
155.4 627.521 -14.15 -13.0504 0.569913
155.5 626.11 -14.1209 -13.0222 0.569745
155.6 624.703 -14.0919 -12.9941 0.569578
155.7 623.298 -14.063 -12.966 0.569411
155.8 621.896 -14.0341 -12.9379 0.569243
155.9 620.497 -14.0053 -12.9099 0.569076
156 619.101 -13.9766 -12.882 0.56891
156.1 617.707 -13.9479 -12.8541 0.568743
156.2 616.317 -13.9192 -12.8263 0.568576
156.3 614.929 -13.8906 -12.7986 0.56841
156.4 613.544 -13.8621 -12.7709 0.568244
156.5 612.162 -13.8336 -12.7432 0.568078
156.6 610.783 -13.8052 -12.7157 0.567912
156.7 609.407 -13.7769 -12.6881 0.567746
156.8 608.034 -13.7486 -12.6607 0.56758
156.9 606.663 -13.7203 -12.6333 0.567415
157 605.295 -13.6922 -12.6059 0.56725
157.1 603.93 -13.664 -12.5786 0.567085
157.2 602.568 -13.636 -12.5514 0.56692
157.3 601.209 -13.6079 -12.5242 0.566755
157.4 599.852 -13.58 -12.497 0.56659
157.5 598.498 -13.5521 -12.47 0.566426
157.6 597.147 -13.5242 -12.4429 0.566261
157.7 595.799 -13.4965 -12.416 0.566097
157.8 594.453 -13.4687 -12.3891 0.565933
157.9 593.111 -13.4411 -12.3622 0.565769
158 591.771 -13.4134 -12.3354 0.565605
158.1 590.433 -13.3859 -12.3087 0.565442
158.2 589.099 -13.3584 -12.282 0.565278
158.3 587.767 -13.3309 -12.2553 0.565115
158.4 586.438 -13.3035 -12.2288 0.564952
158.5 585.112 -13.2762 -12.2022 0.564789
158.6 583.788 -13.2489 -12.1758 0.564626
158.7 582.468 -13.2217 -12.1494 0.564463
158.8 581.15 -13.1945 -12.123 0.564301
158.9 579.834 -13.1674 -12.0967 0.564138
159 578.522 -13.1403 -12.0704 0.563976
159.1 577.212 -13.1133 -12.0442 0.563814
159.2 575.904 -13.0863 -12.0181 0.563652
159.3 574.6 -13.0594 -11.992 0.56349
159.4 573.298 -13.0326 -11.966 0.563329
159.5 571.998 -13.0058 -11.94 0.563167
159.6 570.702 -12.9791 -11.914 0.563006
159.7 569.408 -12.9524 -11.8882 0.562845
159.8 568.117 -12.9258 -11.8623 0.562684
159.9 566.828 -12.8992 -11.8366 0.562523
160 565.542 -12.8727 -11.8108 0.562362
160.1 564.259 -12.8462 -11.7852 0.562201
160.2 562.978 -12.8198 -11.7596 0.562041
160.3 561.7 -12.7934 -11.734 0.561881
160.4 560.425 -12.7671 -11.7085 0.561721
160.5 559.152 -12.7408 -11.683 0.561561
160.6 557.882 -12.7146 -11.6576 0.561401
160.7 556.614 -12.6885 -11.6323 0.561241
160.8 555.349 -12.6624 -11.607 0.561081
160.9 554.087 -12.6364 -11.5817 0.560922
161 552.827 -12.6104 -11.5565 0.560763
161.1 551.57 -12.5844 -11.5314 0.560604
161.2 550.316 -12.5585 -11.5063 0.560445
161.3 549.064 -12.5327 -11.4813 0.560286
161.4 547.814 -12.5069 -11.4563 0.560127
161.5 546.567 -12.4812 -11.4313 0.559969
161.6 545.323 -12.4555 -11.4065 0.55981
161.7 544.081 -12.4299 -11.3816 0.559652
161.8 542.842 -12.4043 -11.3568 0.559494
161.9 541.606 -12.3788 -11.3321 0.559336
162 540.372 -12.3533 -11.3074 0.559178
162.1 539.14 -12.3279 -11.2828 0.559021
162.2 537.911 -12.3025 -11.2582 0.558863
162.3 536.685 -12.2772 -11.2337 0.558706
162.4 535.461 -12.252 -11.2092 0.558548
162.5 534.239 -12.2267 -11.1848 0.558391
162.6 533.02 -12.2016 -11.1604 0.558234
162.7 531.804 -12.1765 -11.1361 0.558078
162.8 530.59 -12.1514 -11.1118 0.557921
162.9 529.379 -12.1264 -11.0876 0.557764
163 528.17 -12.1014 -11.0634 0.557608
163.1 526.963 -12.0765 -11.0393 0.557452
163.2 525.76 -12.0517 -11.0152 0.557296
163.3 524.558 -12.0269 -10.9912 0.55714
163.4 523.359 -12.0021 -10.9672 0.556984
163.5 522.163 -11.9774 -10.9433 0.556828
163.6 520.969 -11.9527 -10.9194 0.556673
163.7 519.777 -11.9281 -10.8955 0.556518
163.8 518.588 -11.9036 -10.8718 0.556362
163.9 517.401 -11.8791 -10.848 0.556207
164 516.217 -11.8546 -10.8243 0.556052
164.1 515.035 -11.8302 -10.8007 0.555897
164.2 513.856 -11.8058 -10.7771 0.555743
164.3 512.679 -11.7815 -10.7536 0.555588
164.4 511.504 -11.7573 -10.7301 0.555434
164.5 510.332 -11.733 -10.7066 0.55528
164.6 509.163 -11.7089 -10.6833 0.555126
164.7 507.995 -11.6848 -10.6599 0.554972
164.8 506.83 -11.6607 -10.6366 0.554818
164.9 505.668 -11.6367 -10.6134 0.554664
165 504.508 -11.6127 -10.5902 0.55451
165.1 503.35 -11.5888 -10.567 0.554357
165.2 502.195 -11.5649 -10.5439 0.554204
165.3 501.042 -11.5411 -10.5208 0.554051
165.4 499.891 -11.5173 -10.4978 0.553898
165.5 498.743 -11.4936 -10.4749 0.553745
165.6 497.597 -11.4699 -10.4519 0.553592
165.7 496.454 -11.4463 -10.4291 0.553439
165.8 495.313 -11.4227 -10.4063 0.553287
165.9 494.174 -11.3992 -10.3835 0.553135
166 493.038 -11.3757 -10.3608 0.552983
166.1 491.904 -11.3522 -10.3381 0.552831
166.2 490.772 -11.3288 -10.3154 0.552679
166.3 489.643 -11.3055 -10.2929 0.552527
166.4 488.516 -11.2822 -10.2703 0.552375
166.5 487.391 -11.2589 -10.2478 0.552224
166.6 486.268 -11.2357 -10.2254 0.552072
166.7 485.148 -11.2126 -10.203 0.551921
166.8 484.031 -11.1895 -10.1806 0.55177
166.9 482.915 -11.1664 -10.1583 0.551619
167 481.802 -11.1434 -10.136 0.551468
167.1 480.691 -11.1204 -10.1138 0.551318
167.2 479.582 -11.0975 -10.0916 0.551167
167.3 478.476 -11.0746 -10.0695 0.551017
167.4 477.372 -11.0518 -10.0474 0.550866
167.5 476.27 -11.029 -10.0254 0.550716
167.6 475.171 -11.0062 -10.0034 0.550566
167.7 474.074 -10.9836 -9.98147 0.550416
167.8 472.979 -10.9609 -9.95957 0.550267
167.9 471.886 -10.9383 -9.93772 0.550117
168 470.795 -10.9157 -9.91591 0.549968
168.1 469.707 -10.8932 -9.89414 0.549818
168.2 468.621 -10.8708 -9.87243 0.549669
168.3 467.538 -10.8484 -9.85075 0.54952
168.4 466.456 -10.826 -9.82912 0.549371
168.5 465.377 -10.8036 -9.80754 0.549222
168.6 464.3 -10.7814 -9.786 0.549073
168.7 463.225 -10.7591 -9.7645 0.548925
168.8 462.152 -10.7369 -9.74305 0.548777
168.9 461.082 -10.7148 -9.72164 0.548628
169 460.014 -10.6927 -9.70028 0.54848
169.1 458.948 -10.6706 -9.67896 0.548332
169.2 457.884 -10.6486 -9.65768 0.548184
169.3 456.823 -10.6266 -9.63645 0.548036
169.4 455.763 -10.6047 -9.61526 0.547889
169.5 454.706 -10.5828 -9.59412 0.547741
169.6 453.651 -10.561 -9.57302 0.547594
169.7 452.598 -10.5392 -9.55196 0.547447
169.8 451.548 -10.5174 -9.53095 0.5473
169.9 450.499 -10.4957 -9.50998 0.547153
170 449.453 -10.4741 -9.48905 0.547006
170.1 448.409 -10.4525 -9.46817 0.546859
170.2 447.367 -10.4309 -9.44733 0.546712
170.3 446.327 -10.4094 -9.42653 0.546566
170.4 445.289 -10.3879 -9.40578 0.54642
170.5 444.253 -10.3664 -9.38507 0.546273
170.6 443.22 -10.345 -9.3644 0.546127
170.7 442.189 -10.3237 -9.34377 0.545981
170.8 441.159 -10.3024 -9.32319 0.545836
170.9 440.132 -10.2811 -9.30265 0.54569
171 439.107 -10.2599 -9.28215 0.545544
171.1 438.085 -10.2387 -9.26169 0.545399
171.2 437.064 -10.2175 -9.24128 0.545254
171.3 436.045 -10.1964 -9.22091 0.545108
171.4 435.029 -10.1754 -9.20058 0.544963
171.5 434.015 -10.1544 -9.18029 0.544818
171.6 433.002 -10.1334 -9.16004 0.544674
171.7 431.992 -10.1125 -9.13984 0.544529
171.8 430.984 -10.0916 -9.11968 0.544384
171.9 429.978 -10.0708 -9.09956 0.54424
172 428.974 -10.05 -9.07948 0.544096
172.1 427.972 -10.0292 -9.05944 0.543951
172.2 426.972 -10.0085 -9.03944 0.543807
172.3 425.974 -9.98781 -9.01949 0.543663
172.4 424.979 -9.96717 -8.99958 0.54352
172.5 423.985 -9.94658 -8.9797 0.543376
172.6 422.994 -9.92603 -8.95987 0.543232
172.7 422.004 -9.90553 -8.94008 0.543089
172.8 421.017 -9.88506 -8.92033 0.542946
172.9 420.031 -9.86463 -8.90062 0.542802
173 419.048 -9.84425 -8.88095 0.542659
173.1 418.066 -9.82391 -8.86133 0.542516
173.2 417.087 -9.80361 -8.84174 0.542374
173.3 416.11 -9.78335 -8.82219 0.542231
173.4 415.134 -9.76313 -8.80269 0.542088
173.5 414.161 -9.74295 -8.78322 0.541946
173.6 413.19 -9.72281 -8.7638 0.541804
173.7 412.221 -9.70272 -8.74441 0.541661
173.8 411.253 -9.68266 -8.72507 0.541519
173.9 410.288 -9.66265 -8.70576 0.541377
174 409.325 -9.64267 -8.68649 0.541236
174.1 408.363 -9.62274 -8.66727 0.541094
174.2 407.404 -9.60284 -8.64808 0.540952
174.3 406.447 -9.58299 -8.62894 0.540811
174.4 405.492 -9.56318 -8.60983 0.54067
174.5 404.538 -9.5434 -8.59076 0.540528
174.6 403.587 -9.52367 -8.57174 0.540387
174.7 402.637 -9.50398 -8.55275 0.540246
174.8 401.69 -9.48433 -8.5338 0.540105
174.9 400.744 -9.46471 -8.51489 0.539965
175 399.801 -9.44514 -8.49602 0.539824
175.1 398.859 -9.4256 -8.47719 0.539683
175.2 397.92 -9.40611 -8.45839 0.539543
175.3 396.982 -9.38665 -8.43964 0.539403
175.4 396.046 -9.36724 -8.42092 0.539263
175.5 395.112 -9.34786 -8.40225 0.539123
175.6 394.181 -9.32852 -8.38361 0.538983
175.7 393.251 -9.30923 -8.36501 0.538843
175.8 392.323 -9.28997 -8.34645 0.538703
175.9 391.396 -9.27075 -8.32793 0.538564
176 390.472 -9.25157 -8.30944 0.538424
176.1 389.55 -9.23242 -8.291 0.538285
176.2 388.63 -9.21332 -8.27259 0.538146
176.3 387.711 -9.19426 -8.25422 0.538007
176.4 386.795 -9.17523 -8.23589 0.537868
176.5 385.88 -9.15624 -8.2176 0.537729
176.6 384.967 -9.13729 -8.19934 0.53759
176.7 384.056 -9.11838 -8.18112 0.537452
176.8 383.147 -9.09951 -8.16294 0.537313
176.9 382.24 -9.08067 -8.1448 0.537175
177 381.335 -9.06188 -8.1267 0.537037
177.1 380.431 -9.04312 -8.10863 0.536898
177.2 379.53 -9.0244 -8.0906 0.53676
177.3 378.63 -9.00572 -8.07261 0.536623
177.4 377.732 -8.98707 -8.05465 0.536485
177.5 376.837 -8.96847 -8.03673 0.536347
177.6 375.942 -8.9499 -8.01885 0.53621
177.7 375.05 -8.93137 -8.00101 0.536072
177.8 374.16 -8.91287 -7.9832 0.535935
177.9 373.271 -8.89442 -7.96543 0.535798
178 372.385 -8.876 -7.94769 0.53566
178.1 371.5 -8.85762 -7.93 0.535524
178.2 370.617 -8.83927 -7.91234 0.535387
178.3 369.736 -8.82096 -7.89471 0.53525
178.4 368.856 -8.80269 -7.87713 0.535113
178.5 367.979 -8.78446 -7.85958 0.534977
178.6 367.103 -8.76626 -7.84206 0.53484
178.7 366.229 -8.7481 -7.82458 0.534704
178.8 365.357 -8.72998 -7.80714 0.534568
178.9 364.487 -8.71189 -7.78974 0.534432
179 363.618 -8.69385 -7.77237 0.534296
179.1 362.752 -8.67583 -7.75503 0.53416
179.2 361.887 -8.65786 -7.73773 0.534024
179.3 361.024 -8.63992 -7.72047 0.533889
179.4 360.162 -8.62201 -7.70325 0.533753
179.5 359.303 -8.60415 -7.68606 0.533618
179.6 358.445 -8.58631 -7.6689 0.533483
179.7 357.589 -8.56852 -7.65178 0.533347
179.8 356.735 -8.55076 -7.6347 0.533212
179.9 355.883 -8.53304 -7.61765 0.533077
180 355.032 -8.51535 -7.60064 0.532943
180.1 354.183 -8.4977 -7.58366 0.532808
180.2 353.336 -8.48008 -7.56672 0.532673
180.3 352.49 -8.4625 -7.54981 0.532539
180.4 351.647 -8.44496 -7.53294 0.532404
180.5 350.805 -8.42745 -7.5161 0.53227
180.6 349.965 -8.40998 -7.4993 0.532136
180.7 349.126 -8.39254 -7.48253 0.532002
180.8 348.29 -8.37514 -7.4658 0.531868
180.9 347.455 -8.35777 -7.4491 0.531734
181 346.622 -8.34044 -7.43243 0.5316
181.1 345.79 -8.32314 -7.41581 0.531467
181.2 344.961 -8.30588 -7.39921 0.531333
181.3 344.133 -8.28865 -7.38265 0.5312
181.4 343.306 -8.27146 -7.36613 0.531067
181.5 342.482 -8.2543 -7.34963 0.530933
181.6 341.659 -8.23718 -7.33318 0.5308
181.7 340.838 -8.22009 -7.31675 0.530667
181.8 340.018 -8.20304 -7.30036 0.530534
181.9 339.2 -8.18602 -7.28401 0.530402
182 338.384 -8.16903 -7.26769 0.530269
182.1 337.57 -8.15208 -7.2514 0.530137
182.2 336.757 -8.13517 -7.23515 0.530004
182.3 335.946 -8.11829 -7.21893 0.529872
182.4 335.137 -8.10144 -7.20274 0.52974
182.5 334.329 -8.08463 -7.18659 0.529608
182.6 333.524 -8.06785 -7.17047 0.529476
182.7 332.719 -8.0511 -7.15439 0.529344
182.8 331.917 -8.03439 -7.13833 0.529212
182.9 331.116 -8.01772 -7.12231 0.52908
183 330.316 -8.00107 -7.10633 0.528949
183.1 329.519 -7.98446 -7.09038 0.528817
183.2 328.723 -7.96789 -7.07446 0.528686
183.3 327.929 -7.95134 -7.05857 0.528555
183.4 327.136 -7.93484 -7.04272 0.528424
183.5 326.345 -7.91836 -7.0269 0.528293
183.6 325.556 -7.90192 -7.01111 0.528162
183.7 324.768 -7.88551 -6.99536 0.528031
183.8 323.982 -7.86913 -6.97963 0.5279
183.9 323.197 -7.85279 -6.96394 0.527769
184 322.414 -7.83648 -6.94829 0.527639
184.1 321.633 -7.82021 -6.93266 0.527509
184.2 320.854 -7.80396 -6.91707 0.527378
184.3 320.076 -7.78775 -6.90151 0.527248
184.4 319.299 -7.77158 -6.88599 0.527118
184.5 318.525 -7.75543 -6.87049 0.526988
184.6 317.751 -7.73932 -6.85503 0.526858
184.7 316.98 -7.72324 -6.8396 0.526728
184.8 316.21 -7.70719 -6.8242 0.526599
184.9 315.442 -7.69118 -6.80883 0.526469
185 314.675 -7.6752 -6.7935 0.52634
185.1 313.91 -7.65925 -6.7782 0.52621
185.2 313.146 -7.64333 -6.76293 0.526081
185.3 312.384 -7.62745 -6.74769 0.525952
185.4 311.624 -7.61159 -6.73248 0.525823
185.5 310.865 -7.59577 -6.7173 0.525694
185.6 310.108 -7.57998 -6.70216 0.525565
185.7 309.352 -7.56423 -6.68705 0.525436
185.8 308.598 -7.5485 -6.67197 0.525308
185.9 307.846 -7.53281 -6.65692 0.525179
186 307.095 -7.51715 -6.6419 0.525051
186.1 306.345 -7.50152 -6.62691 0.524922
186.2 305.598 -7.48592 -6.61195 0.524794
186.3 304.851 -7.47036 -6.59703 0.524666
186.4 304.107 -7.45482 -6.58213 0.524538
186.5 303.364 -7.43932 -6.56727 0.52441
186.6 302.622 -7.42385 -6.55244 0.524282
186.7 301.882 -7.40841 -6.53764 0.524154
186.8 301.143 -7.393 -6.52287 0.524027
186.9 300.406 -7.37762 -6.50813 0.523899
187 299.671 -7.36228 -6.49342 0.523772
187.1 298.937 -7.34696 -6.47874 0.523645
187.2 298.205 -7.33168 -6.46409 0.523517
187.3 297.474 -7.31642 -6.44947 0.52339
187.4 296.744 -7.3012 -6.43489 0.523263
187.5 296.016 -7.28601 -6.42033 0.523136
187.6 295.29 -7.27085 -6.4058 0.523009
187.7 294.565 -7.25572 -6.39131 0.522883
187.8 293.842 -7.24062 -6.37684 0.522756
187.9 293.12 -7.22555 -6.3624 0.52263
188 292.4 -7.21051 -6.348 0.522503
188.1 291.681 -7.19551 -6.33362 0.522377
188.2 290.964 -7.18053 -6.31928 0.522251
188.3 290.248 -7.16558 -6.30496 0.522124
188.4 289.534 -7.15066 -6.29067 0.521998
188.5 288.821 -7.13578 -6.27642 0.521872
188.6 288.109 -7.12092 -6.26219 0.521747
188.7 287.4 -7.1061 -6.24799 0.521621
188.8 286.691 -7.0913 -6.23382 0.521495
188.9 285.984 -7.07653 -6.21969 0.52137
189 285.279 -7.0618 -6.20558 0.521244
189.1 284.575 -7.04709 -6.1915 0.521119
189.2 283.872 -7.03241 -6.17745 0.520994
189.3 283.171 -7.01777 -6.16343 0.520868
189.4 282.472 -7.00315 -6.14943 0.520743
189.5 281.774 -6.98856 -6.13547 0.520618
189.6 281.077 -6.97401 -6.12154 0.520493
189.7 280.382 -6.95948 -6.10763 0.520369
189.8 279.688 -6.94498 -6.09376 0.520244
189.9 278.996 -6.93051 -6.07991 0.520119
190 278.305 -6.91607 -6.06609 0.519995
190.1 277.615 -6.90166 -6.05231 0.519871
190.2 276.927 -6.88728 -6.03855 0.519746
190.3 276.241 -6.87292 -6.02481 0.519622
190.4 275.556 -6.8586 -6.01111 0.519498
190.5 274.872 -6.84431 -5.99744 0.519374
190.6 274.19 -6.83004 -5.98379 0.51925
190.7 273.509 -6.8158 -5.97017 0.519126
190.8 272.829 -6.8016 -5.95658 0.519002
190.9 272.151 -6.78742 -5.94302 0.518879
191 271.475 -6.77327 -5.92949 0.518755
191.1 270.799 -6.75915 -5.91599 0.518632
191.2 270.126 -6.74505 -5.90251 0.518508
191.3 269.453 -6.73099 -5.88906 0.518385
191.4 268.782 -6.71695 -5.87564 0.518262
191.5 268.113 -6.70295 -5.86225 0.518139
191.6 267.444 -6.68897 -5.84889 0.518016
191.7 266.778 -6.67502 -5.83555 0.517893
191.8 266.112 -6.66109 -5.82224 0.51777
191.9 265.448 -6.6472 -5.80896 0.517648
192 264.785 -6.63333 -5.79571 0.517525
192.1 264.124 -6.6195 -5.78248 0.517402
192.2 263.464 -6.60569 -5.76929 0.51728
192.3 262.806 -6.59191 -5.75612 0.517158
192.4 262.149 -6.57815 -5.74297 0.517035
192.5 261.493 -6.56443 -5.72986 0.516913
192.6 260.839 -6.55073 -5.71677 0.516791
192.7 260.186 -6.53706 -5.70371 0.516669
192.8 259.534 -6.52341 -5.69068 0.516547
192.9 258.884 -6.5098 -5.67767 0.516426
193 258.235 -6.49621 -5.66469 0.516304
193.1 257.587 -6.48265 -5.65174 0.516182
193.2 256.941 -6.46912 -5.63882 0.516061
193.3 256.296 -6.45562 -5.62592 0.515939
193.4 255.652 -6.44214 -5.61305 0.515818
193.5 255.01 -6.42869 -5.6002 0.515697
193.6 254.369 -6.41527 -5.58739 0.515576
193.7 253.73 -6.40187 -5.5746 0.515455
193.8 253.092 -6.3885 -5.56183 0.515334
193.9 252.455 -6.37516 -5.5491 0.515213
194 251.819 -6.36185 -5.53639 0.515092
194.1 251.185 -6.34856 -5.5237 0.514971
194.2 250.552 -6.3353 -5.51104 0.514851
194.3 249.921 -6.32206 -5.49841 0.51473
194.4 249.29 -6.30886 -5.48581 0.51461
194.5 248.662 -6.29568 -5.47323 0.51449
194.6 248.034 -6.28252 -5.46068 0.514369
194.7 247.408 -6.2694 -5.44815 0.514249
194.8 246.783 -6.2563 -5.43565 0.514129
194.9 246.159 -6.24323 -5.42318 0.514009
195 245.537 -6.23018 -5.41073 0.513889
195.1 244.916 -6.21716 -5.39831 0.513769
195.2 244.296 -6.20416 -5.38592 0.51365
195.3 243.677 -6.1912 -5.37355 0.51353
195.4 243.06 -6.17826 -5.3612 0.513411
195.5 242.444 -6.16534 -5.34889 0.513291
195.6 241.83 -6.15245 -5.33659 0.513172
195.7 241.216 -6.13959 -5.32433 0.513052
195.8 240.604 -6.12675 -5.31209 0.512933
195.9 239.994 -6.11394 -5.29987 0.512814
196 239.384 -6.10116 -5.28768 0.512695
196.1 238.776 -6.0884 -5.27552 0.512576
196.2 238.169 -6.07567 -5.26338 0.512457
196.3 237.563 -6.06296 -5.25127 0.512339
196.4 236.959 -6.05028 -5.23918 0.51222
196.5 236.356 -6.03762 -5.22712 0.512101
196.6 235.754 -6.02499 -5.21508 0.511983
196.7 235.153 -6.01239 -5.20307 0.511864
196.8 234.554 -5.99981 -5.19108 0.511746
196.9 233.956 -5.98726 -5.17912 0.511628
197 233.359 -5.97473 -5.16718 0.51151
197.1 232.763 -5.96223 -5.15527 0.511392
197.2 232.169 -5.94975 -5.14338 0.511274
197.3 231.576 -5.9373 -5.13152 0.511156
197.4 230.984 -5.92487 -5.11968 0.511038
197.5 230.393 -5.91247 -5.10787 0.51092
197.6 229.804 -5.90009 -5.09608 0.510803
197.7 229.216 -5.88774 -5.08432 0.510685
197.8 228.629 -5.87542 -5.07258 0.510568
197.9 228.043 -5.86312 -5.06087 0.51045
198 227.459 -5.85084 -5.04918 0.510333
198.1 226.876 -5.83859 -5.03751 0.510216
198.2 226.294 -5.82636 -5.02587 0.510099
198.3 225.713 -5.81416 -5.01425 0.509981
198.4 225.133 -5.80198 -5.00266 0.509865
198.5 224.555 -5.78983 -4.99109 0.509748
198.6 223.978 -5.77771 -4.97955 0.509631
198.7 223.402 -5.7656 -4.96803 0.509514
198.8 222.827 -5.75352 -4.95654 0.509398
198.9 222.253 -5.74147 -4.94507 0.509281
199 221.681 -5.72944 -4.93362 0.509164
199.1 221.11 -5.71744 -4.9222 0.509048
199.2 220.54 -5.70546 -4.9108 0.508932
199.3 219.971 -5.6935 -4.89942 0.508816
199.4 219.404 -5.68157 -4.88807 0.508699
199.5 218.837 -5.66966 -4.87674 0.508583
199.6 218.272 -5.65778 -4.86544 0.508467
199.7 217.708 -5.64592 -4.85416 0.508352
199.8 217.145 -5.63408 -4.8429 0.508236
199.9 216.584 -5.62227 -4.83167 0.50812
200 216.023 -5.61048 -4.82046 0.508004
200.1 215.464 -5.59872 -4.80928 0.507889
200.2 214.906 -5.58698 -4.79811 0.507773
200.3 214.349 -5.57527 -4.78698 0.507658
200.4 213.793 -5.56357 -4.77586 0.507543
200.5 213.238 -5.5519 -4.76477 0.507427
200.6 212.685 -5.54026 -4.7537 0.507312
200.7 212.133 -5.52864 -4.74265 0.507197
200.8 211.582 -5.51704 -4.73163 0.507082
200.9 211.032 -5.50547 -4.72063 0.506967
201 210.483 -5.49392 -4.70965 0.506852
201.1 209.935 -5.48239 -4.6987 0.506738
201.2 209.389 -5.47089 -4.68777 0.506623
201.3 208.843 -5.45941 -4.67686 0.506508
201.4 208.299 -5.44795 -4.66598 0.506394
201.5 207.756 -5.43652 -4.65512 0.50628
201.6 207.214 -5.42511 -4.64428 0.506165
201.7 206.673 -5.41372 -4.63346 0.506051
201.8 206.133 -5.40235 -4.62267 0.505937
201.9 205.595 -5.39101 -4.6119 0.505823
202 205.058 -5.37969 -4.60115 0.505709
202.1 204.521 -5.3684 -4.59043 0.505595
202.2 203.986 -5.35713 -4.57972 0.505481
202.3 203.452 -5.34588 -4.56904 0.505367
202.4 202.919 -5.33465 -4.55838 0.505253
202.5 202.387 -5.32345 -4.54775 0.50514
202.6 201.857 -5.31226 -4.53713 0.505026
202.7 201.327 -5.30111 -4.52654 0.504913
202.8 200.799 -5.28997 -4.51597 0.504799
202.9 200.271 -5.27886 -4.50543 0.504686
203 199.745 -5.26777 -4.4949 0.504573
203.1 199.22 -5.2567 -4.4844 0.504459
203.2 198.696 -5.24565 -4.47392 0.504346
203.3 198.173 -5.23463 -4.46346 0.504233
203.4 197.651 -5.22363 -4.45303 0.50412
203.5 197.131 -5.21265 -4.44261 0.504007
203.6 196.611 -5.20169 -4.43222 0.503895
203.7 196.092 -5.19076 -4.42185 0.503782
203.8 195.575 -5.17985 -4.4115 0.503669
203.9 195.059 -5.16896 -4.40117 0.503557
204 194.543 -5.15809 -4.39087 0.503444
204.1 194.029 -5.14724 -4.38058 0.503332
204.2 193.516 -5.13642 -4.37032 0.50322
204.3 193.004 -5.12562 -4.36008 0.503107
204.4 192.493 -5.11484 -4.34986 0.502995
204.5 191.983 -5.10408 -4.33967 0.502883
204.6 191.474 -5.09335 -4.32949 0.502771
204.7 190.967 -5.08263 -4.31934 0.502659
204.8 190.46 -5.07194 -4.3092 0.502547
204.9 189.955 -5.06127 -4.29909 0.502436
205 189.45 -5.05062 -4.289 0.502324
205.1 188.947 -5.03999 -4.27893 0.502212
205.2 188.444 -5.02939 -4.26888 0.502101
205.3 187.943 -5.0188 -4.25886 0.501989
205.4 187.442 -5.00824 -4.24885 0.501878
205.5 186.943 -4.9977 -4.23886 0.501766
205.6 186.445 -4.98718 -4.2289 0.501655
205.7 185.948 -4.97668 -4.21896 0.501544
205.8 185.452 -4.9662 -4.20904 0.501433
205.9 184.957 -4.95574 -4.19913 0.501322
206 184.463 -4.94531 -4.18925 0.501211
206.1 183.97 -4.93489 -4.17939 0.5011
206.2 183.478 -4.9245 -4.16956 0.500989
206.3 182.987 -4.91413 -4.15974 0.500878
206.4 182.497 -4.90378 -4.14994 0.500768
206.5 182.008 -4.89345 -4.14016 0.500657
206.6 181.52 -4.88314 -4.13041 0.500547
206.7 181.034 -4.87285 -4.12067 0.500436
206.8 180.548 -4.86259 -4.11096 0.500326
206.9 180.063 -4.85234 -4.10126 0.500215
207 179.579 -4.84212 -4.09159 0.500105
207.1 179.097 -4.83191 -4.08194 0.499995
207.2 178.615 -4.82173 -4.0723 0.499885
207.3 178.134 -4.81157 -4.06269 0.499775
207.4 177.655 -4.80142 -4.0531 0.499665
207.5 177.176 -4.7913 -4.04352 0.499555
207.6 176.699 -4.7812 -4.03397 0.499445
207.7 176.222 -4.77112 -4.02444 0.499336
207.8 175.746 -4.76106 -4.01493 0.499226
207.9 175.272 -4.75102 -4.00544 0.499117
208 174.798 -4.741 -3.99596 0.499007
208.1 174.326 -4.731 -3.98651 0.498898
208.2 173.854 -4.72102 -3.97708 0.498788
208.3 173.383 -4.71106 -3.96767 0.498679
208.4 172.914 -4.70112 -3.95828 0.49857
208.5 172.445 -4.69121 -3.9489 0.498461
208.6 171.978 -4.68131 -3.93955 0.498352
208.7 171.511 -4.67143 -3.93022 0.498243
208.8 171.045 -4.66157 -3.9209 0.498134
208.9 170.581 -4.65173 -3.91161 0.498025
209 170.117 -4.64192 -3.90234 0.497916
209.1 169.654 -4.63212 -3.89308 0.497807
209.2 169.192 -4.62234 -3.88385 0.497699
209.3 168.732 -4.61258 -3.87463 0.49759
209.4 168.272 -4.60284 -3.86544 0.497482
209.5 167.813 -4.59312 -3.85626 0.497373
209.6 167.355 -4.58343 -3.8471 0.497265
209.7 166.898 -4.57375 -3.83796 0.497156
209.8 166.442 -4.56409 -3.82885 0.497048
209.9 165.987 -4.55445 -3.81975 0.49694
210 165.533 -4.54483 -3.81067 0.496832
210.1 165.08 -4.53523 -3.80161 0.496724
210.2 164.628 -4.52564 -3.79256 0.496616
210.3 164.177 -4.51608 -3.78354 0.496508
210.4 163.727 -4.50654 -3.77454 0.4964
210.5 163.278 -4.49702 -3.76555 0.496293
210.6 162.829 -4.48751 -3.75659 0.496185
210.7 162.382 -4.47803 -3.74764 0.496077
210.8 161.936 -4.46856 -3.73871 0.49597
210.9 161.49 -4.45912 -3.7298 0.495862
211 161.046 -4.44969 -3.72091 0.495755
211.1 160.602 -4.44028 -3.71204 0.495648
211.2 160.16 -4.43089 -3.70319 0.49554
211.3 159.718 -4.42152 -3.69436 0.495433
211.4 159.277 -4.41217 -3.68554 0.495326
211.5 158.837 -4.40284 -3.67675 0.495219
211.6 158.398 -4.39353 -3.66797 0.495112
211.7 157.96 -4.38423 -3.65921 0.495005
211.8 157.523 -4.37496 -3.65047 0.494898
211.9 157.087 -4.3657 -3.64175 0.494791
212 156.652 -4.35647 -3.63304 0.494685
212.1 156.218 -4.34725 -3.62436 0.494578
212.2 155.785 -4.33805 -3.61569 0.494472
212.3 155.352 -4.32887 -3.60704 0.494365
212.4 154.921 -4.3197 -3.59841 0.494259
212.5 154.49 -4.31056 -3.5898 0.494152
212.6 154.06 -4.30144 -3.58121 0.494046
212.7 153.632 -4.29233 -3.57263 0.49394
212.8 153.204 -4.28324 -3.56407 0.493834
212.9 152.777 -4.27417 -3.55553 0.493727
213 152.351 -4.26512 -3.54701 0.493621
213.1 151.925 -4.25609 -3.53851 0.493515
213.2 151.501 -4.24707 -3.53002 0.49341
213.3 151.078 -4.23808 -3.52156 0.493304
213.4 150.655 -4.2291 -3.51311 0.493198
213.5 150.234 -4.22014 -3.50468 0.493092
213.6 149.813 -4.2112 -3.49626 0.492987
213.7 149.393 -4.20227 -3.48787 0.492881
213.8 148.974 -4.19337 -3.47949 0.492775
213.9 148.556 -4.18448 -3.47113 0.49267
214 148.139 -4.17561 -3.46279 0.492565
214.1 147.723 -4.16676 -3.45446 0.492459
214.2 147.308 -4.15793 -3.44616 0.492354
214.3 146.893 -4.14911 -3.43787 0.492249
214.4 146.48 -4.14031 -3.42959 0.492144
214.5 146.067 -4.13153 -3.42134 0.492039
214.6 145.655 -4.12277 -3.4131 0.491934
214.7 145.244 -4.11403 -3.40488 0.491829
214.8 144.834 -4.1053 -3.39668 0.491724
214.9 144.425 -4.09659 -3.3885 0.491619
215 144.017 -4.0879 -3.38033 0.491514
215.1 143.609 -4.07923 -3.37218 0.49141
215.2 143.202 -4.07057 -3.36405 0.491305
215.3 142.797 -4.06194 -3.35593 0.491201
215.4 142.392 -4.05332 -3.34783 0.491096
215.5 141.988 -4.04471 -3.33975 0.490992
215.6 141.585 -4.03613 -3.33169 0.490887
215.7 141.182 -4.02756 -3.32364 0.490783
215.8 140.781 -4.01901 -3.31561 0.490679
215.9 140.38 -4.01048 -3.3076 0.490575
216 139.98 -4.00196 -3.29961 0.490471
216.1 139.581 -3.99346 -3.29163 0.490367
216.2 139.183 -3.98498 -3.28367 0.490263
216.3 138.786 -3.97652 -3.27572 0.490159
216.4 138.39 -3.96807 -3.26779 0.490055
216.5 137.994 -3.95964 -3.25988 0.489951
216.6 137.599 -3.95123 -3.25199 0.489847
216.7 137.206 -3.94283 -3.24411 0.489744
216.8 136.813 -3.93445 -3.23625 0.48964
216.9 136.42 -3.92609 -3.22841 0.489537
217 136.029 -3.91775 -3.22058 0.489433
217.1 135.638 -3.90942 -3.21277 0.48933
217.2 135.249 -3.90111 -3.20498 0.489226
217.3 134.86 -3.89281 -3.1972 0.489123
217.4 134.472 -3.88454 -3.18944 0.48902
217.5 134.085 -3.87628 -3.18169 0.488917
217.6 133.698 -3.86803 -3.17397 0.488814
217.7 133.313 -3.85981 -3.16625 0.488711
217.8 132.928 -3.8516 -3.15856 0.488608
217.9 132.544 -3.8434 -3.15088 0.488505
218 132.161 -3.83523 -3.14322 0.488402
218.1 131.779 -3.82707 -3.13557 0.488299
218.2 131.397 -3.81893 -3.12794 0.488197
218.3 131.016 -3.8108 -3.12033 0.488094
218.4 130.637 -3.80269 -3.11273 0.487991
218.5 130.258 -3.79459 -3.10515 0.487889
218.6 129.879 -3.78652 -3.09759 0.487786
218.7 129.502 -3.77846 -3.09004 0.487684
218.8 129.125 -3.77041 -3.0825 0.487581
218.9 128.749 -3.76238 -3.07499 0.487479
219 128.374 -3.75437 -3.06749 0.487377
219.1 128 -3.74638 -3.06 0.487275
219.2 127.627 -3.7384 -3.05253 0.487173
219.3 127.254 -3.73043 -3.04508 0.487071
219.4 126.882 -3.72249 -3.03764 0.486969
219.5 126.511 -3.71456 -3.03022 0.486867
219.6 126.141 -3.70664 -3.02282 0.486765
219.7 125.771 -3.69874 -3.01543 0.486663
219.8 125.403 -3.69086 -3.00805 0.486561
219.9 125.035 -3.68299 -3.00069 0.48646
220 124.668 -3.67514 -2.99335 0.486358
220.1 124.301 -3.66731 -2.98603 0.486256
220.2 123.936 -3.65949 -2.97871 0.486155
220.3 123.571 -3.65169 -2.97142 0.486053
220.4 123.207 -3.6439 -2.96414 0.485952
220.5 122.844 -3.63613 -2.95687 0.485851
220.6 122.481 -3.62837 -2.94963 0.485749
220.7 122.12 -3.62063 -2.94239 0.485648
220.8 121.759 -3.61291 -2.93517 0.485547
220.9 121.399 -3.6052 -2.92797 0.485446
221 121.039 -3.59751 -2.92078 0.485345
221.1 120.681 -3.58983 -2.91361 0.485244
221.2 120.323 -3.58217 -2.90646 0.485143
221.3 119.966 -3.57452 -2.89931 0.485042
221.4 119.609 -3.56689 -2.89219 0.484941
221.5 119.254 -3.55928 -2.88508 0.484841
221.6 118.899 -3.55168 -2.87798 0.48474
221.7 118.545 -3.5441 -2.8709 0.484639
221.8 118.192 -3.53653 -2.86383 0.484539
221.9 117.839 -3.52898 -2.85678 0.484438
222 117.487 -3.52144 -2.84975 0.484338
222.1 117.136 -3.51392 -2.84273 0.484237
222.2 116.786 -3.50641 -2.83572 0.484137
222.3 116.437 -3.49892 -2.82873 0.484037
222.4 116.088 -3.49144 -2.82176 0.483936
222.5 115.74 -3.48398 -2.8148 0.483836
222.6 115.393 -3.47653 -2.80785 0.483736
222.7 115.046 -3.4691 -2.80092 0.483636
222.8 114.7 -3.46169 -2.794 0.483536
222.9 114.355 -3.45428 -2.7871 0.483436
223 114.011 -3.4469 -2.78022 0.483336
223.1 113.667 -3.43953 -2.77335 0.483236
223.2 113.324 -3.43217 -2.76649 0.483137
223.3 112.982 -3.42483 -2.75965 0.483037
223.4 112.641 -3.4175 -2.75282 0.482937
223.5 112.3 -3.41019 -2.74601 0.482838
223.6 111.96 -3.4029 -2.73921 0.482738
223.7 111.621 -3.39562 -2.73242 0.482639
223.8 111.283 -3.38835 -2.72565 0.482539
223.9 110.945 -3.3811 -2.7189 0.48244
224 110.608 -3.37386 -2.71216 0.482341
224.1 110.272 -3.36664 -2.70543 0.482241
224.2 109.936 -3.35943 -2.69872 0.482142
224.3 109.601 -3.35224 -2.69202 0.482043
224.4 109.267 -3.34506 -2.68534 0.481944
224.5 108.934 -3.3379 -2.67867 0.481845
224.6 108.601 -3.33075 -2.67202 0.481746
224.7 108.269 -3.32361 -2.66538 0.481647
224.8 107.938 -3.31649 -2.65875 0.481548
224.9 107.607 -3.30938 -2.65214 0.481449
225 107.277 -3.30229 -2.64554 0.48135
225.1 106.948 -3.29522 -2.63896 0.481252
225.2 106.619 -3.28815 -2.63239 0.481153
225.3 106.292 -3.28111 -2.62583 0.481054
225.4 105.965 -3.27407 -2.61929 0.480956
225.5 105.638 -3.26705 -2.61277 0.480857
225.6 105.313 -3.26005 -2.60625 0.480759
225.7 104.988 -3.25306 -2.59975 0.480661
225.8 104.663 -3.24608 -2.59327 0.480562
225.9 104.34 -3.23912 -2.5868 0.480464
226 104.017 -3.23217 -2.58034 0.480366
226.1 103.695 -3.22523 -2.5739 0.480268
226.2 103.373 -3.21831 -2.56747 0.480169
226.3 103.053 -3.21141 -2.56105 0.480071
226.4 102.732 -3.20452 -2.55465 0.479973
226.5 102.413 -3.19764 -2.54826 0.479875
226.6 102.094 -3.19077 -2.54189 0.479778
226.7 101.776 -3.18392 -2.53552 0.47968
226.8 101.459 -3.17709 -2.52918 0.479582
226.9 101.142 -3.17026 -2.52284 0.479484
227 100.826 -3.16346 -2.51652 0.479386
227.1 100.511 -3.15666 -2.51022 0.479289
227.2 100.196 -3.14988 -2.50392 0.479191
227.3 99.8822 -3.14311 -2.49764 0.479094
227.4 99.5689 -3.13636 -2.49138 0.478996
227.5 99.2563 -3.12962 -2.48513 0.478899
227.6 98.9443 -3.12289 -2.47889 0.478801
227.7 98.6331 -3.11618 -2.47266 0.478704
227.8 98.3224 -3.10948 -2.46645 0.478607
227.9 98.0125 -3.1028 -2.46025 0.47851
228 97.7032 -3.09613 -2.45406 0.478413
228.1 97.3946 -3.08947 -2.44789 0.478315
228.2 97.0866 -3.08282 -2.44173 0.478218
228.3 96.7794 -3.07619 -2.43559 0.478121
228.4 96.4727 -3.06958 -2.42945 0.478024
228.5 96.1668 -3.06297 -2.42334 0.477928
228.6 95.8615 -3.05638 -2.41723 0.477831
228.7 95.5568 -3.04981 -2.41114 0.477734
228.8 95.2528 -3.04324 -2.40506 0.477637
228.9 94.9495 -3.03669 -2.39899 0.477541
229 94.6468 -3.03016 -2.39294 0.477444
229.1 94.3447 -3.02363 -2.38689 0.477347
229.2 94.0434 -3.01712 -2.38087 0.477251
229.3 93.7426 -3.01062 -2.37485 0.477154
229.4 93.4425 -3.00414 -2.36885 0.477058
229.5 93.1431 -2.99767 -2.36286 0.476962
229.6 92.8443 -2.99121 -2.35689 0.476865
229.7 92.5461 -2.98477 -2.35092 0.476769
229.8 92.2486 -2.97834 -2.34497 0.476673
229.9 91.9517 -2.97192 -2.33903 0.476577
230 91.6555 -2.96551 -2.33311 0.47648
230.1 91.3599 -2.95912 -2.3272 0.476384
230.2 91.065 -2.95274 -2.3213 0.476288
230.3 90.7706 -2.94637 -2.31541 0.476192
230.4 90.477 -2.94002 -2.30954 0.476096
230.5 90.1839 -2.93368 -2.30368 0.476001
230.6 89.8915 -2.92735 -2.29783 0.475905
230.7 89.5997 -2.92104 -2.29199 0.475809
230.8 89.3085 -2.91474 -2.28617 0.475713
230.9 89.018 -2.90845 -2.28036 0.475618
231 88.7281 -2.90217 -2.27456 0.475522
231.1 88.4388 -2.89591 -2.26878 0.475426
231.2 88.1502 -2.88966 -2.263 0.475331
231.3 87.8621 -2.88342 -2.25724 0.475236
231.4 87.5747 -2.8772 -2.25149 0.47514
231.5 87.2879 -2.87098 -2.24576 0.475045
231.6 87.0018 -2.86478 -2.24004 0.474949
231.7 86.7162 -2.8586 -2.23432 0.474854
231.8 86.4313 -2.85242 -2.22863 0.474759
231.9 86.147 -2.84626 -2.22294 0.474664
232 85.8633 -2.84011 -2.21727 0.474569
232.1 85.5802 -2.83397 -2.2116 0.474474
232.2 85.2977 -2.82785 -2.20595 0.474379
232.3 85.0158 -2.82173 -2.20032 0.474284
232.4 84.7346 -2.81564 -2.19469 0.474189
232.5 84.4539 -2.80955 -2.18908 0.474094
232.6 84.1739 -2.80347 -2.18348 0.473999
232.7 83.8944 -2.79741 -2.17789 0.473904
232.8 83.6156 -2.79136 -2.17231 0.47381
232.9 83.3374 -2.78532 -2.16675 0.473715
233 83.0598 -2.7793 -2.1612 0.47362
233.1 82.7827 -2.77328 -2.15565 0.473526
233.2 82.5063 -2.76728 -2.15013 0.473431
233.3 82.2305 -2.76129 -2.14461 0.473337
233.4 81.9552 -2.75532 -2.1391 0.473242
233.5 81.6806 -2.74935 -2.13361 0.473148
233.6 81.4066 -2.7434 -2.12813 0.473054
233.7 81.1331 -2.73746 -2.12266 0.472959
233.8 80.8602 -2.73153 -2.1172 0.472865
233.9 80.588 -2.72561 -2.11176 0.472771
234 80.3163 -2.71971 -2.10633 0.472677
234.1 80.0452 -2.71382 -2.1009 0.472583
234.2 79.7747 -2.70794 -2.09549 0.472489
234.3 79.5048 -2.70207 -2.0901 0.472395
234.4 79.2355 -2.69621 -2.08471 0.472301
234.5 78.9667 -2.69037 -2.07933 0.472207
234.6 78.6986 -2.68454 -2.07397 0.472113
234.7 78.431 -2.67872 -2.06862 0.472019
234.8 78.164 -2.67291 -2.06328 0.471925
234.9 77.8976 -2.66711 -2.05795 0.471832
235 77.6317 -2.66132 -2.05263 0.471738
235.1 77.3665 -2.65555 -2.04733 0.471644
235.2 77.1018 -2.64979 -2.04204 0.471551
235.3 76.8376 -2.64404 -2.03675 0.471457
235.4 76.5741 -2.6383 -2.03148 0.471364
235.5 76.3111 -2.63257 -2.02622 0.47127
235.6 76.0487 -2.62686 -2.02097 0.471177
235.7 75.7869 -2.62116 -2.01574 0.471084
235.8 75.5256 -2.61546 -2.01051 0.47099
235.9 75.2649 -2.60978 -2.0053 0.470897
236 75.0048 -2.60412 -2.0001 0.470804
236.1 74.7453 -2.59846 -1.99491 0.470711
236.2 74.4863 -2.59281 -1.98973 0.470618
236.3 74.2278 -2.58718 -1.98456 0.470525
236.4 73.9699 -2.58156 -1.9794 0.470432
236.5 73.7126 -2.57595 -1.97425 0.470339
236.6 73.4559 -2.57035 -1.96912 0.470246
236.7 73.1997 -2.56476 -1.96399 0.470153
236.8 72.944 -2.55918 -1.95888 0.47006
236.9 72.689 -2.55362 -1.95378 0.469967
237 72.4344 -2.54806 -1.94869 0.469875
237.1 72.1804 -2.54252 -1.94361 0.469782
237.2 71.927 -2.53699 -1.93854 0.469689
237.3 71.6742 -2.53147 -1.93348 0.469597
237.4 71.4218 -2.52596 -1.92844 0.469504
237.5 71.1701 -2.52046 -1.9234 0.469412
237.6 70.9188 -2.51497 -1.91838 0.469319
237.7 70.6682 -2.5095 -1.91336 0.469227
237.8 70.418 -2.50403 -1.90836 0.469134
237.9 70.1684 -2.49858 -1.90337 0.469042
238 69.9194 -2.49314 -1.89839 0.46895
238.1 69.6709 -2.48771 -1.89342 0.468857
238.2 69.4229 -2.48229 -1.88846 0.468765
238.3 69.1755 -2.47688 -1.88351 0.468673
238.4 68.9287 -2.47148 -1.87857 0.468581
238.5 68.6823 -2.46609 -1.87365 0.468489
238.6 68.4365 -2.46072 -1.86873 0.468397
238.7 68.1912 -2.45535 -1.86382 0.468305
238.8 67.9465 -2.45 -1.85893 0.468213
238.9 67.7023 -2.44465 -1.85405 0.468121
239 67.4586 -2.43932 -1.84917 0.468029
239.1 67.2155 -2.434 -1.84431 0.467938
239.2 66.9729 -2.42869 -1.83946 0.467846
239.3 66.7308 -2.42339 -1.83462 0.467754
239.4 66.4893 -2.4181 -1.82979 0.467662
239.5 66.2483 -2.41282 -1.82497 0.467571
239.6 66.0078 -2.40755 -1.82016 0.467479
239.7 65.7678 -2.4023 -1.81536 0.467388
239.8 65.5284 -2.39705 -1.81057 0.467296
239.9 65.2895 -2.39181 -1.80579 0.467205
240 65.0511 -2.38659 -1.80102 0.467114
240.1 64.8132 -2.38137 -1.79626 0.467022
240.2 64.5758 -2.37617 -1.79152 0.466931
240.3 64.339 -2.37098 -1.78678 0.46684
240.4 64.1027 -2.3658 -1.78205 0.466748
240.5 63.8669 -2.36062 -1.77734 0.466657
240.6 63.6316 -2.35546 -1.77263 0.466566
240.7 63.3968 -2.35031 -1.76794 0.466475
240.8 63.1625 -2.34517 -1.76325 0.466384
240.9 62.9288 -2.34004 -1.75858 0.466293
241 62.6955 -2.33492 -1.75391 0.466202
241.1 62.4628 -2.32981 -1.74926 0.466111
241.2 62.2306 -2.32471 -1.74461 0.46602
241.3 61.9989 -2.31963 -1.73998 0.465929
241.4 61.7677 -2.31455 -1.73535 0.465839
241.5 61.537 -2.30948 -1.73074 0.465748
241.6 61.3068 -2.30442 -1.72614 0.465657
241.7 61.0771 -2.29938 -1.72154 0.465567
241.8 60.8479 -2.29434 -1.71696 0.465476
241.9 60.6193 -2.28931 -1.71239 0.465385
242 60.3911 -2.2843 -1.70782 0.465295
242.1 60.1634 -2.27929 -1.70327 0.465204
242.2 59.9362 -2.27429 -1.69872 0.465114
242.3 59.7095 -2.26931 -1.69419 0.465024
242.4 59.4834 -2.26433 -1.68967 0.464933
242.5 59.2577 -2.25937 -1.68515 0.464843
242.6 59.0325 -2.25441 -1.68065 0.464753
242.7 58.8078 -2.24947 -1.67616 0.464662
242.8 58.5836 -2.24453 -1.67167 0.464572
242.9 58.3599 -2.23961 -1.6672 0.464482
243 58.1366 -2.23469 -1.66273 0.464392
243.1 57.9139 -2.22979 -1.65828 0.464302
243.2 57.6917 -2.22489 -1.65383 0.464212
243.3 57.4699 -2.22001 -1.6494 0.464122
243.4 57.2486 -2.21513 -1.64497 0.464032
243.5 57.0278 -2.21027 -1.64056 0.463942
243.6 56.8075 -2.20541 -1.63615 0.463852
243.7 56.5877 -2.20057 -1.63175 0.463762
243.8 56.3684 -2.19573 -1.62737 0.463673
243.9 56.1495 -2.19091 -1.62299 0.463583
244 55.9312 -2.18609 -1.61862 0.463493
244.1 55.7133 -2.18128 -1.61427 0.463404
244.2 55.4959 -2.17649 -1.60992 0.463314
244.3 55.279 -2.1717 -1.60558 0.463224
244.4 55.0625 -2.16692 -1.60125 0.463135
244.5 54.8465 -2.16216 -1.59693 0.463045
244.6 54.631 -2.1574 -1.59262 0.462956
244.7 54.416 -2.15265 -1.58832 0.462867
244.8 54.2014 -2.14791 -1.58403 0.462777
244.9 53.9874 -2.14319 -1.57975 0.462688
245 53.7737 -2.13847 -1.57547 0.462599
245.1 53.5606 -2.13376 -1.57121 0.462509
245.2 53.3479 -2.12906 -1.56696 0.46242
245.3 53.1357 -2.12437 -1.56271 0.462331
245.4 52.924 -2.11969 -1.55848 0.462242
245.5 52.7127 -2.11502 -1.55425 0.462153
245.6 52.5019 -2.11036 -1.55004 0.462064
245.7 52.2916 -2.10571 -1.54583 0.461975
245.8 52.0817 -2.10106 -1.54163 0.461886
245.9 51.8723 -2.09643 -1.53745 0.461797
246 51.6633 -2.09181 -1.53327 0.461708
246.1 51.4549 -2.08719 -1.5291 0.461619
246.2 51.2468 -2.08259 -1.52494 0.46153
246.3 51.0393 -2.07799 -1.52079 0.461442
246.4 50.8321 -2.07341 -1.51664 0.461353
246.5 50.6255 -2.06883 -1.51251 0.461264
246.6 50.4193 -2.06426 -1.50839 0.461176
246.7 50.2136 -2.05971 -1.50427 0.461087
246.8 50.0083 -2.05516 -1.50017 0.460998
246.9 49.8034 -2.05062 -1.49607 0.46091
247 49.599 -2.04609 -1.49198 0.460821
247.1 49.3951 -2.04157 -1.4879 0.460733
247.2 49.1916 -2.03706 -1.48383 0.460645
247.3 48.9886 -2.03255 -1.47977 0.460556
247.4 48.786 -2.02806 -1.47572 0.460468
247.5 48.5839 -2.02358 -1.47168 0.46038
247.6 48.3822 -2.0191 -1.46764 0.460291
247.7 48.181 -2.01464 -1.46362 0.460203
247.8 47.9802 -2.01018 -1.4596 0.460115
247.9 47.7798 -2.00573 -1.4556 0.460027
248 47.5799 -2.00129 -1.4516 0.459939
248.1 47.3804 -1.99686 -1.44761 0.459851
248.2 47.1814 -1.99244 -1.44363 0.459763
248.3 46.9828 -1.98803 -1.43966 0.459675
248.4 46.7847 -1.98363 -1.43569 0.459587
248.5 46.587 -1.97923 -1.43174 0.459499
248.6 46.3897 -1.97485 -1.42779 0.459411
248.7 46.1929 -1.97047 -1.42386 0.459323
248.8 45.9965 -1.96611 -1.41993 0.459236
248.9 45.8005 -1.96175 -1.41601 0.459148
249 45.605 -1.9574 -1.4121 0.45906
249.1 45.4099 -1.95306 -1.4082 0.458972
249.2 45.2153 -1.94873 -1.40431 0.458885
249.3 45.0211 -1.94441 -1.40042 0.458797
249.4 44.8273 -1.94009 -1.39655 0.45871
249.5 44.6339 -1.93579 -1.39268 0.458622
249.6 44.441 -1.93149 -1.38882 0.458535
249.7 44.2485 -1.92721 -1.38497 0.458447
249.8 44.0564 -1.92293 -1.38113 0.45836
249.9 43.8647 -1.91866 -1.37729 0.458273
250 43.6735 -1.9144 -1.37347 0.458185
250.1 43.4827 -1.91014 -1.36965 0.458098
250.2 43.2923 -1.9059 -1.36585 0.458011
250.3 43.1024 -1.90166 -1.36205 0.457924
250.4 42.9128 -1.89744 -1.35826 0.457836
250.5 42.7237 -1.89322 -1.35447 0.457749
250.6 42.535 -1.88901 -1.3507 0.457662
250.7 42.3468 -1.88481 -1.34694 0.457575
250.8 42.1589 -1.88062 -1.34318 0.457488
250.9 41.9715 -1.87643 -1.33943 0.457401
251 41.7844 -1.87226 -1.33569 0.457314
251.1 41.5978 -1.86809 -1.33196 0.457227
251.2 41.4117 -1.86394 -1.32823 0.45714
251.3 41.2259 -1.85979 -1.32452 0.457054
251.4 41.0405 -1.85564 -1.32081 0.456967
251.5 40.8556 -1.85151 -1.31711 0.45688
251.6 40.6711 -1.84739 -1.31342 0.456793
251.7 40.4869 -1.84327 -1.30974 0.456707
251.8 40.3032 -1.83916 -1.30606 0.45662
251.9 40.1199 -1.83507 -1.3024 0.456533
252 39.937 -1.83097 -1.29874 0.456447
252.1 39.7545 -1.82689 -1.29509 0.45636
252.2 39.5725 -1.82282 -1.29145 0.456274
252.3 39.3908 -1.81875 -1.28782 0.456187
252.4 39.2095 -1.81469 -1.28419 0.456101
252.5 39.0287 -1.81065 -1.28057 0.456014
252.6 38.8482 -1.8066 -1.27696 0.455928
252.7 38.6681 -1.80257 -1.27336 0.455842
252.8 38.4885 -1.79855 -1.26977 0.455756
252.9 38.3092 -1.79453 -1.26618 0.455669
253 38.1304 -1.79052 -1.26261 0.455583
253.1 37.9519 -1.78652 -1.25904 0.455497
253.2 37.7739 -1.78253 -1.25548 0.455411
253.3 37.5962 -1.77855 -1.25192 0.455325
253.4 37.419 -1.77457 -1.24838 0.455239
253.5 37.2421 -1.77061 -1.24484 0.455153
253.6 37.0656 -1.76665 -1.24131 0.455067
253.7 36.8896 -1.76269 -1.23779 0.454981
253.8 36.7139 -1.75875 -1.23428 0.454895
253.9 36.5386 -1.75482 -1.23077 0.454809
254 36.3637 -1.75089 -1.22727 0.454723
254.1 36.1892 -1.74697 -1.22378 0.454637
254.2 36.0151 -1.74306 -1.2203 0.454551
254.3 35.8414 -1.73916 -1.21683 0.454466
254.4 35.668 -1.73526 -1.21336 0.45438
254.5 35.4951 -1.73137 -1.2099 0.454294
254.6 35.3225 -1.72749 -1.20645 0.454209
254.7 35.1504 -1.72362 -1.20301 0.454123
254.8 34.9786 -1.71976 -1.19957 0.454038
254.9 34.8072 -1.7159 -1.19614 0.453952
255 34.6362 -1.71206 -1.19272 0.453867
255.1 34.4656 -1.70822 -1.18931 0.453781
255.2 34.2953 -1.70438 -1.18591 0.453696
255.3 34.1254 -1.70056 -1.18251 0.45361
255.4 33.956 -1.69674 -1.17912 0.453525
255.5 33.7869 -1.69294 -1.17574 0.45344
255.6 33.6181 -1.68913 -1.17236 0.453354
255.7 33.4498 -1.68534 -1.169 0.453269
255.8 33.2818 -1.68156 -1.16564 0.453184
255.9 33.1142 -1.67778 -1.16228 0.453099
256 32.947 -1.67401 -1.15894 0.453014
256.1 32.7802 -1.67025 -1.1556 0.452928
256.2 32.6137 -1.66649 -1.15227 0.452843
256.3 32.4476 -1.66274 -1.14895 0.452758
256.4 32.2819 -1.65901 -1.14564 0.452673
256.5 32.1166 -1.65527 -1.14233 0.452588
256.6 31.9516 -1.65155 -1.13903 0.452503
256.7 31.787 -1.64783 -1.13574 0.452419
256.8 31.6228 -1.64412 -1.13246 0.452334
256.9 31.4589 -1.64042 -1.12918 0.452249
257 31.2954 -1.63673 -1.12591 0.452164
257.1 31.1323 -1.63304 -1.12265 0.452079
257.2 30.9696 -1.62936 -1.11939 0.451995
257.3 30.8072 -1.62569 -1.11614 0.45191
257.4 30.6452 -1.62203 -1.1129 0.451825
257.5 30.4835 -1.61837 -1.10967 0.451741
257.6 30.3222 -1.61472 -1.10644 0.451656
257.7 30.1613 -1.61108 -1.10323 0.451571
257.8 30.0007 -1.60745 -1.10001 0.451487
257.9 29.8405 -1.60382 -1.09681 0.451402
258 29.6807 -1.6002 -1.09361 0.451318
258.1 29.5212 -1.59659 -1.09042 0.451234
258.2 29.3621 -1.59299 -1.08724 0.451149
258.3 29.2033 -1.58939 -1.08407 0.451065
258.4 29.0449 -1.5858 -1.0809 0.45098
258.5 28.8869 -1.58222 -1.07774 0.450896
258.6 28.7292 -1.57864 -1.07458 0.450812
258.7 28.5719 -1.57508 -1.07144 0.450728
258.8 28.4149 -1.57152 -1.0683 0.450644
258.9 28.2583 -1.56796 -1.06517 0.450559
259 28.102 -1.56442 -1.06204 0.450475
259.1 27.9461 -1.56088 -1.05892 0.450391
259.2 27.7905 -1.55735 -1.05581 0.450307
259.3 27.6353 -1.55382 -1.05271 0.450223
259.4 27.4805 -1.55031 -1.04961 0.450139
259.5 27.326 -1.5468 -1.04652 0.450055
259.6 27.1718 -1.54329 -1.04344 0.449971
259.7 27.018 -1.5398 -1.04036 0.449887
259.8 26.8646 -1.53631 -1.03729 0.449803
259.9 26.7115 -1.53283 -1.03423 0.44972
260 26.5587 -1.52935 -1.03117 0.449636
260.1 26.4063 -1.52589 -1.02813 0.449552
260.2 26.2542 -1.52243 -1.02508 0.449468
260.3 26.1025 -1.51897 -1.02205 0.449385
260.4 25.9511 -1.51553 -1.01902 0.449301
260.5 25.8001 -1.51209 -1.016 0.449217
260.6 25.6494 -1.50866 -1.01299 0.449134
260.7 25.499 -1.50523 -1.00998 0.44905
260.8 25.349 -1.50181 -1.00698 0.448967
260.9 25.1993 -1.4984 -1.00399 0.448883
261 25.05 -1.495 -1.001 0.4488
261.1 24.901 -1.4916 -0.99802 0.448716
261.2 24.7524 -1.48821 -0.995047 0.448633
261.3 24.6041 -1.48483 -0.992081 0.44855
261.4 24.4561 -1.48145 -0.989122 0.448466
261.5 24.3084 -1.47808 -0.986169 0.448383
261.6 24.1611 -1.47472 -0.983223 0.4483
261.7 24.0142 -1.47137 -0.980283 0.448216
261.8 23.8675 -1.46802 -0.977351 0.448133
261.9 23.7212 -1.46467 -0.974425 0.44805
262 23.5753 -1.46134 -0.971505 0.447967
262.1 23.4296 -1.45801 -0.968593 0.447884
262.2 23.2843 -1.45469 -0.965686 0.447801
262.3 23.1394 -1.45138 -0.962787 0.447718
262.4 22.9947 -1.44807 -0.959894 0.447635
262.5 22.8504 -1.44477 -0.957008 0.447552
262.6 22.7064 -1.44147 -0.954128 0.447469
262.7 22.5628 -1.43818 -0.951255 0.447386
262.8 22.4194 -1.4349 -0.948389 0.447303
262.9 22.2764 -1.43163 -0.945529 0.44722
263 22.1338 -1.42836 -0.942675 0.447137
263.1 21.9914 -1.4251 -0.939828 0.447054
263.2 21.8494 -1.42185 -0.936988 0.446972
263.3 21.7077 -1.4186 -0.934154 0.446889
263.4 21.5663 -1.41536 -0.931326 0.446806
263.5 21.4253 -1.41212 -0.928505 0.446724
263.6 21.2845 -1.4089 -0.925691 0.446641
263.7 21.1441 -1.40567 -0.922883 0.446558
263.8 21.004 -1.40246 -0.920081 0.446476
263.9 20.8643 -1.39925 -0.917286 0.446393
264 20.7248 -1.39605 -0.914497 0.446311
264.1 20.5857 -1.39286 -0.911714 0.446228
264.2 20.4469 -1.38967 -0.908938 0.446146
264.3 20.3084 -1.38649 -0.906168 0.446063
264.4 20.1702 -1.38331 -0.903405 0.445981
264.5 20.0324 -1.38014 -0.900648 0.445899
264.6 19.8948 -1.37698 -0.897897 0.445816
264.7 19.7576 -1.37382 -0.895152 0.445734
264.8 19.6207 -1.37067 -0.892414 0.445652
264.9 19.4841 -1.36753 -0.889682 0.44557
265 19.3478 -1.36439 -0.886957 0.445487
265.1 19.2119 -1.36126 -0.884237 0.445405
265.2 19.0762 -1.35814 -0.881524 0.445323
265.3 18.9409 -1.35502 -0.878817 0.445241
265.4 18.8058 -1.35191 -0.876116 0.445159
265.5 18.6711 -1.34881 -0.873422 0.445077
265.6 18.5367 -1.34571 -0.870734 0.444995
265.7 18.4026 -1.34262 -0.868052 0.444913
265.8 18.2688 -1.33953 -0.865376 0.444831
265.9 18.1353 -1.33645 -0.862706 0.444749
266 18.0021 -1.33338 -0.860042 0.444667
266.1 17.8692 -1.33031 -0.857384 0.444585
266.2 17.7367 -1.32725 -0.854733 0.444503
266.3 17.6044 -1.3242 -0.852088 0.444422
266.4 17.4724 -1.32115 -0.849448 0.44434
266.5 17.3408 -1.31811 -0.846815 0.444258
266.6 17.2094 -1.31507 -0.844188 0.444176
266.7 17.0784 -1.31204 -0.841567 0.444095
266.8 16.9476 -1.30902 -0.838952 0.444013
266.9 16.8172 -1.306 -0.836343 0.443931
267 16.687 -1.30299 -0.83374 0.44385
267.1 16.5572 -1.29998 -0.831143 0.443768
267.2 16.4276 -1.29699 -0.828552 0.443687
267.3 16.2984 -1.29399 -0.825967 0.443605
267.4 16.1694 -1.29101 -0.823388 0.443524
267.5 16.0408 -1.28803 -0.820815 0.443442
267.6 15.9124 -1.28505 -0.818248 0.443361
267.7 15.7843 -1.28208 -0.815687 0.443279
267.8 15.6566 -1.27912 -0.813131 0.443198
267.9 15.5291 -1.27617 -0.810582 0.443117
268 15.4019 -1.27322 -0.808039 0.443035
268.1 15.2751 -1.27027 -0.805501 0.442954
268.2 15.1485 -1.26733 -0.802969 0.442873
268.3 15.0222 -1.2644 -0.800443 0.442792
268.4 14.8962 -1.26148 -0.797923 0.442711
268.5 14.7705 -1.25856 -0.795409 0.442629
268.6 14.645 -1.25564 -0.792901 0.442548
268.7 14.5199 -1.25273 -0.790398 0.442467
268.8 14.3951 -1.24983 -0.787901 0.442386
268.9 14.2705 -1.24694 -0.78541 0.442305
269 14.1463 -1.24405 -0.782925 0.442224
269.1 14.0223 -1.24116 -0.780446 0.442143
269.2 13.8986 -1.23828 -0.777972 0.442062
269.3 13.7752 -1.23541 -0.775504 0.441981
269.4 13.6521 -1.23254 -0.773042 0.4419
269.5 13.5293 -1.22968 -0.770585 0.44182
269.6 13.4067 -1.22683 -0.768135 0.441739
269.7 13.2845 -1.22398 -0.76569 0.441658
269.8 13.1625 -1.22114 -0.76325 0.441577
269.9 13.0408 -1.2183 -0.760816 0.441496
270 12.9194 -1.21547 -0.758388 0.441416
270.1 12.7983 -1.21264 -0.755966 0.441335
270.2 12.6774 -1.20982 -0.753549 0.441254
270.3 12.5569 -1.20701 -0.751138 0.441174
270.4 12.4366 -1.2042 -0.748732 0.441093
270.5 12.3166 -1.2014 -0.746332 0.441013
270.6 12.1969 -1.1986 -0.743938 0.440932
270.7 12.0774 -1.19581 -0.741549 0.440852
270.8 11.9583 -1.19302 -0.739166 0.440771
270.9 11.8394 -1.19024 -0.736788 0.440691
271 11.7208 -1.18747 -0.734416 0.44061
271.1 11.6025 -1.1847 -0.732049 0.44053
271.2 11.4844 -1.18194 -0.729688 0.440449
271.3 11.3666 -1.17918 -0.727332 0.440369
271.4 11.2491 -1.17643 -0.724982 0.440289
271.5 11.1319 -1.17368 -0.722638 0.440208
271.6 11.0149 -1.17094 -0.720299 0.440128
271.7 10.8982 -1.1682 -0.717965 0.440048
271.8 10.7818 -1.16548 -0.715637 0.439968
271.9 10.6657 -1.16275 -0.713314 0.439888
272 10.5498 -1.16003 -0.710997 0.439807
272.1 10.4342 -1.15732 -0.708685 0.439727
272.2 10.3189 -1.15461 -0.706378 0.439647
272.3 10.2039 -1.15191 -0.704077 0.439567
272.4 10.0891 -1.14922 -0.701781 0.439487
272.5 9.97455 -1.14653 -0.699491 0.439407
272.6 9.8603 -1.14384 -0.697206 0.439327
272.7 9.74631 -1.14116 -0.694926 0.439247
272.8 9.6326 -1.13849 -0.692652 0.439167
272.9 9.51915 -1.13582 -0.690383 0.439087
273 9.40597 -1.13316 -0.688119 0.439008
273.1 9.29305 -1.1305 -0.685861 0.438928
273.2 9.1804 -1.12785 -0.683608 0.438848
273.3 9.06801 -1.1252 -0.68136 0.438768
273.4 8.95588 -1.12256 -0.679118 0.438688
273.5 8.84402 -1.11992 -0.67688 0.438609
273.6 8.73243 -1.11729 -0.674649 0.438529
273.7 8.62109 -1.11467 -0.672422 0.438449
273.8 8.51002 -1.11205 -0.6702 0.43837
273.9 8.3992 -1.10943 -0.667984 0.43829
274 8.28865 -1.10683 -0.665773 0.43821
274.1 8.17836 -1.10422 -0.663567 0.438131
274.2 8.06833 -1.10162 -0.661367 0.438051
274.3 7.95855 -1.09903 -0.659171 0.437972
274.4 7.84904 -1.09644 -0.656981 0.437892
274.5 7.73978 -1.09386 -0.654796 0.437813
274.6 7.63078 -1.09128 -0.652616 0.437733
274.7 7.52204 -1.08871 -0.650441 0.437654
274.8 7.41355 -1.08614 -0.648271 0.437575
274.9 7.30532 -1.08358 -0.646106 0.437495
275 7.19735 -1.08103 -0.643947 0.437416
275.1 7.08963 -1.07848 -0.641793 0.437337
275.2 6.98216 -1.07593 -0.639643 0.437257
275.3 6.87495 -1.07339 -0.637499 0.437178
275.4 6.76799 -1.07085 -0.63536 0.437099
275.5 6.66128 -1.06832 -0.633226 0.43702
275.6 6.55483 -1.0658 -0.631097 0.436941
275.7 6.44863 -1.06328 -0.628973 0.436862
275.8 6.34268 -1.06077 -0.626854 0.436782
275.9 6.23698 -1.05826 -0.62474 0.436703
276 6.13153 -1.05575 -0.622631 0.436624
276.1 6.02633 -1.05325 -0.620527 0.436545
276.2 5.92138 -1.05076 -0.618428 0.436466
276.3 5.81667 -1.04827 -0.616333 0.436387
276.4 5.71222 -1.04579 -0.614244 0.436308
276.5 5.60801 -1.04331 -0.61216 0.436229
276.6 5.50405 -1.04083 -0.610081 0.436151
276.7 5.40034 -1.03837 -0.608007 0.436072
276.8 5.29687 -1.0359 -0.605937 0.435993
276.9 5.19365 -1.03344 -0.603873 0.435914
277 5.09067 -1.03099 -0.601813 0.435835
277.1 4.98794 -1.02854 -0.599759 0.435756
277.2 4.88545 -1.0261 -0.597709 0.435678
277.3 4.78321 -1.02366 -0.595664 0.435599
277.4 4.68121 -1.02123 -0.593624 0.43552
277.5 4.57945 -1.0188 -0.591589 0.435442
277.6 4.47793 -1.01637 -0.589559 0.435363
277.7 4.37666 -1.01396 -0.587533 0.435284
277.8 4.27563 -1.01154 -0.585513 0.435206
277.9 4.17483 -1.00913 -0.583497 0.435127
278 4.07428 -1.00673 -0.581486 0.435049
278.1 3.97397 -1.00433 -0.579479 0.43497
278.2 3.87389 -1.00194 -0.577478 0.434892
278.3 3.77406 -0.999548 -0.575481 0.434813
278.4 3.67446 -0.997164 -0.573489 0.434735
278.5 3.5751 -0.994785 -0.571502 0.434657
278.6 3.47598 -0.992411 -0.56952 0.434578
278.7 3.37709 -0.990041 -0.567542 0.4345
278.8 3.27844 -0.987677 -0.565569 0.434422
278.9 3.18003 -0.985317 -0.563601 0.434343
279 3.08185 -0.982962 -0.561637 0.434265
279.1 2.9839 -0.980612 -0.559678 0.434187
279.2 2.8862 -0.978267 -0.557724 0.434109
279.3 2.78872 -0.975926 -0.555774 0.43403
279.4 2.69148 -0.973591 -0.55383 0.433952
279.5 2.59447 -0.97126 -0.551889 0.433874
279.6 2.49769 -0.968934 -0.549954 0.433796
279.7 2.40115 -0.966613 -0.548023 0.433718
279.8 2.30483 -0.964296 -0.546097 0.43364
279.9 2.20875 -0.961984 -0.544175 0.433562
280 2.1129 -0.959677 -0.542258 0.433484
280.1 2.01727 -0.957375 -0.540345 0.433406
280.2 1.92188 -0.955077 -0.538438 0.433328
280.3 1.82672 -0.952784 -0.536534 0.43325
280.4 1.73178 -0.950496 -0.534636 0.433172
280.5 1.63707 -0.948212 -0.532741 0.433094
280.6 1.54259 -0.945933 -0.530852 0.433016
280.7 1.44834 -0.943659 -0.528967 0.432938
280.8 1.35432 -0.94139 -0.527086 0.432861
280.9 1.26052 -0.939125 -0.52521 0.432783
281 1.16694 -0.936865 -0.523339 0.432705
281.1 1.0736 -0.934609 -0.521472 0.432627
281.2 0.980472 -0.932358 -0.519609 0.43255
281.3 0.887573 -0.930112 -0.517751 0.432472
281.4 0.794898 -0.92787 -0.515898 0.432394
281.5 0.702447 -0.925633 -0.514049 0.432317
281.6 0.610218 -0.9234 -0.512204 0.432239
281.7 0.518212 -0.921172 -0.510364 0.432162
281.8 0.426428 -0.918949 -0.508529 0.432084
