time_s altitude_m v_r_mps v_target_mps throttle
0 9999.98 0 -180.5 0
0.1 9999.93 -0.371467 -180.499 0
0.2 9999.83 -0.742935 -180.497 0
0.3 9999.7 -1.1144 -180.495 0
0.4 9999.54 -1.48586 -180.492 0
0.5 9999.33 -1.85732 -180.488 0
0.6 9999.09 -2.22877 -180.484 0
0.7 9998.81 -2.60022 -180.479 0
0.8 9998.5 -2.97165 -180.473 0
0.9 9998.14 -3.34308 -180.467 0
1 9997.75 -3.71449 -180.46 0
1.1 9997.33 -4.0859 -180.452 0
1.2 9996.86 -4.45728 -180.444 0
1.3 9996.36 -4.82865 -180.434 0
1.4 9995.82 -5.2 -180.425 0
1.5 9995.25 -5.57134 -180.414 0
1.6 9994.63 -5.94265 -180.403 0
1.7 9993.98 -6.31394 -180.392 0
1.8 9993.3 -6.6852 -180.379 0
1.9 9992.57 -7.05645 -180.366 0
2 9991.81 -7.42766 -180.353 0
2.1 9991.01 -7.79885 -180.338 0
2.2 9990.18 -8.17 -180.323 0
2.3 9989.3 -8.54113 -180.307 0
2.4 9988.39 -8.91222 -180.291 0
2.5 9987.45 -9.28328 -180.274 0
2.6 9986.46 -9.65431 -180.256 0
2.7 9985.44 -10.0253 -180.238 0
2.8 9984.38 -10.3962 -180.219 0
2.9 9983.29 -10.7672 -180.199 0
3 9982.16 -11.138 -180.179 0
3.1 9980.99 -11.5088 -180.158 0
3.2 9979.78 -11.8796 -180.136 0
3.3 9978.54 -12.2504 -180.114 0
3.4 9977.26 -12.621 -180.091 0
3.5 9975.94 -12.9917 -180.067 0
3.6 9974.58 -13.3623 -180.043 0
3.7 9973.19 -13.7328 -180.017 0
3.8 9971.76 -14.1033 -179.992 0
3.9 9970.3 -14.4737 -179.965 0
4 9968.79 -14.8441 -179.938 0
4.1 9967.25 -15.2144 -179.911 0
4.2 9965.68 -15.5847 -179.882 0
4.3 9964.06 -15.9549 -179.853 0
4.4 9962.41 -16.325 -179.823 0
4.5 9960.72 -16.6951 -179.793 0
4.6 9959 -17.0651 -179.762 0
4.7 9957.24 -17.435 -179.73 0
4.8 9955.44 -17.8049 -179.698 0
4.9 9953.6 -18.1747 -179.665 0
5 9951.73 -18.5444 -179.631 0
5.1 9949.82 -18.9141 -179.597 0
5.2 9947.87 -19.2836 -179.562 0
5.3 9945.89 -19.6532 -179.526 0
5.4 9943.87 -20.0226 -179.49 0
5.5 9941.81 -20.3919 -179.453 0
5.6 9939.72 -20.7612 -179.415 0
5.7 9937.58 -21.1304 -179.377 0
5.8 9935.42 -21.4995 -179.337 0
5.9 9933.21 -21.8685 -179.298 0
6 9930.97 -22.2375 -179.257 0
6.1 9928.69 -22.6063 -179.216 0
6.2 9926.37 -22.9751 -179.175 0
6.3 9924.02 -23.3437 -179.132 0
6.4 9921.63 -23.7123 -179.089 0
6.5 9919.2 -24.0808 -179.046 0
6.6 9916.74 -24.4492 -179.001 0
6.7 9914.24 -24.8175 -178.956 0
6.8 9911.7 -25.1857 -178.911 0
6.9 9909.13 -25.5538 -178.864 0
7 9906.52 -25.9218 -178.817 0
7.1 9903.87 -26.2897 -178.77 0
7.2 9901.19 -26.6575 -178.721 0
7.3 9898.47 -27.0252 -178.672 0
7.4 9895.71 -27.3927 -178.623 0
7.5 9892.91 -27.7602 -178.572 0
7.6 9890.08 -28.1276 -178.522 0
7.7 9887.22 -28.4948 -178.47 0
7.8 9884.31 -28.8619 -178.418 0
7.9 9881.37 -29.229 -178.365 0
8 9878.39 -29.5959 -178.311 0
8.1 9875.38 -29.9627 -178.257 0
8.2 9872.33 -30.3293 -178.202 0
8.3 9869.24 -30.6959 -178.146 0
8.4 9866.11 -31.0623 -178.09 0
8.5 9862.95 -31.4286 -178.033 0
8.6 9859.75 -31.7948 -177.976 0
8.7 9856.52 -32.1608 -177.917 0
8.8 9853.25 -32.5268 -177.858 0
8.9 9849.94 -32.8926 -177.799 0
9 9846.6 -33.2582 -177.739 0
9.1 9843.22 -33.6238 -177.678 0
9.2 9839.8 -33.9892 -177.616 0
9.3 9836.35 -34.3544 -177.554 0
9.4 9832.86 -34.7196 -177.491 0
9.5 9829.33 -35.0846 -177.428 0
9.6 9825.77 -35.4494 -177.364 0
9.7 9822.17 -35.8141 -177.299 0
9.8 9818.53 -36.1787 -177.234 0
9.9 9814.86 -36.5431 -177.167 0
10 9811.15 -36.9074 -177.101 0
10.1 9807.4 -37.2715 -177.033 0
10.2 9803.62 -37.6355 -176.965 0
10.3 9799.8 -37.9993 -176.896 0
10.4 9795.95 -38.363 -176.827 0
10.5 9792.06 -38.7265 -176.757 0
10.6 9788.13 -39.0899 -176.686 0
10.7 9784.17 -39.4531 -176.615 0
10.8 9780.17 -39.8162 -176.543 0
10.9 9776.13 -40.179 -176.47 0
11 9772.06 -40.5418 -176.397 0
11.1 9767.95 -40.9044 -176.323 0
11.2 9763.81 -41.2668 -176.249 0
11.3 9759.63 -41.629 -176.173 0
11.4 9755.41 -41.9911 -176.097 0
11.5 9751.15 -42.353 -176.021 0
11.6 9746.87 -42.7147 -175.944 0
11.7 9742.54 -43.0763 -175.866 0
11.8 9738.18 -43.4377 -175.787 0
11.9 9733.78 -43.7989 -175.708 0
12 9729.35 -44.1599 -175.628 0
12.1 9724.88 -44.5208 -175.548 0
12.2 9720.37 -44.8815 -175.467 0
12.3 9715.83 -45.242 -175.385 0
12.4 9711.25 -45.6023 -175.302 0
12.5 9706.63 -45.9625 -175.219 0
12.6 9701.98 -46.3224 -175.136 0
12.7 9697.3 -46.6822 -175.051 0
12.8 9692.58 -47.0418 -174.966 0
12.9 9687.82 -47.4011 -174.881 0
13 9683.02 -47.7603 -174.794 0
13.1 9678.19 -48.1194 -174.707 0
13.2 9673.33 -48.4782 -174.62 0
13.3 9668.43 -48.8368 -174.532 0
13.4 9663.49 -49.1952 -174.443 0
13.5 9658.52 -49.5534 -174.353 0
13.6 9653.51 -49.9114 -174.263 0
13.7 9648.46 -50.2692 -174.172 0
13.8 9643.38 -50.6269 -174.081 0
13.9 9638.27 -50.9843 -173.989 0
14 9633.11 -51.3415 -173.896 0
14.1 9627.93 -51.6985 -173.803 0
14.2 9622.7 -52.0552 -173.709 0
14.3 9617.44 -52.4118 -173.614 0
14.4 9612.15 -52.7682 -173.519 0
14.5 9606.82 -53.1243 -173.423 0
14.6 9601.45 -53.4802 -173.326 0
14.7 9596.05 -53.8359 -173.229 0
14.8 9590.61 -54.1914 -173.131 0
14.9 9585.14 -54.5467 -173.033 0
15 9579.63 -54.9018 -172.933 0
15.1 9574.09 -55.2566 -172.834 0
15.2 9568.51 -55.6112 -172.733 0
15.3 9562.9 -55.9656 -172.632 0
15.4 9557.25 -56.3197 -172.53 0
15.5 9551.56 -56.6736 -172.428 0
15.6 9545.84 -57.0273 -172.325 0
15.7 9540.09 -57.3808 -172.222 0
15.8 9534.3 -57.734 -172.117 0
15.9 9528.47 -58.087 -172.012 0
16 9522.61 -58.4397 -171.907 0
16.1 9516.71 -58.7922 -171.801 0
16.2 9510.78 -59.1445 -171.694 0
16.3 9504.81 -59.4965 -171.587 0
16.4 9498.81 -59.8483 -171.479 0
16.5 9492.77 -60.1998 -171.37 0
16.6 9486.7 -60.5511 -171.261 0
16.7 9480.59 -60.9021 -171.151 0
16.8 9474.45 -61.2529 -171.04 0
16.9 9468.27 -61.6035 -170.929 0
17 9462.06 -61.9537 -170.817 0
17.1 9455.81 -62.3038 -170.705 0
17.2 9449.53 -62.6536 -170.591 0
17.3 9443.21 -63.0031 -170.478 0
17.4 9436.86 -63.3523 -170.363 0
17.5 9430.47 -63.7013 -170.248 0
17.6 9424.05 -64.0501 -170.133 0
17.7 9417.59 -64.3985 -170.017 0
17.8 9411.1 -64.7467 -169.9 0
17.9 9404.57 -65.0947 -169.782 0
18 9398.01 -65.4423 -169.664 0
18.1 9391.41 -65.7897 -169.545 0
18.2 9384.78 -66.1369 -169.426 0
18.3 9378.12 -66.4837 -169.306 0
18.4 9371.42 -66.8303 -169.185 0
18.5 9364.68 -67.1766 -169.064 0
18.6 9357.91 -67.5226 -168.942 0
18.7 9351.11 -67.8684 -168.82 0
18.8 9344.27 -68.2139 -168.697 0
18.9 9337.39 -68.559 -168.573 0
19 9330.49 -68.9039 -168.449 0
19.1 9323.55 -69.2486 -168.324 0
19.2 9316.57 -69.5929 -168.198 0
19.3 9309.56 -69.9369 -168.072 0
19.4 9302.51 -70.2807 -167.945 0
19.5 9295.43 -70.6241 -167.818 0
19.6 9288.32 -70.9673 -167.69 0
19.7 9281.17 -71.3102 -167.561 0
19.8 9273.99 -71.6527 -167.432 0
19.9 9266.77 -71.995 -167.302 0
20 9259.52 -72.337 -167.171 0
20.1 9252.24 -72.6787 -167.04 0
20.2 9244.92 -73.02 -166.909 0
20.3 9237.56 -73.3611 -166.776 0
20.4 9230.18 -73.7019 -166.643 0
20.5 9222.76 -74.0423 -166.51 0
20.6 9215.3 -74.3824 -166.375 0
20.7 9207.81 -74.7223 -166.241 0
20.8 9200.29 -75.0618 -166.105 0
20.9 9192.73 -75.401 -165.969 0
21 9185.14 -75.7399 -165.833 0
21.1 9177.52 -76.0785 -165.695 0
21.2 9169.86 -76.4167 -165.557 0
21.3 9162.16 -76.7547 -165.419 0
21.4 9154.44 -77.0923 -165.28 0
21.5 9146.68 -77.4296 -165.14 0
21.6 9138.88 -77.7665 -165 0
21.7 9131.06 -78.1032 -164.859 0
21.8 9123.2 -78.4395 -164.718 0
21.9 9115.3 -78.7755 -164.575 0
22 9107.37 -79.1111 -164.433 0
22.1 9099.41 -79.4464 -164.289 0
22.2 9091.42 -79.7814 -164.146 0
22.3 9083.39 -80.1161 -164.001 0
22.4 9075.33 -80.4504 -163.856 0
22.5 9067.23 -80.7843 -163.71 0
22.6 9059.1 -81.118 -163.564 0
22.7 9050.94 -81.4512 -163.417 0
22.8 9042.75 -81.7842 -163.269 0
22.9 9034.52 -82.1168 -163.121 0
23 9026.26 -82.449 -162.973 0
23.1 9017.96 -82.7809 -162.823 0
23.2 9009.64 -83.1125 -162.673 0
23.3 9001.27 -83.4437 -162.523 0
23.4 8992.88 -83.7745 -162.372 0
23.5 8984.45 -84.105 -162.22 0
23.6 8975.99 -84.4352 -162.068 0
23.7 8967.5 -84.765 -161.915 0
23.8 8958.97 -85.0944 -161.762 0
23.9 8950.42 -85.4234 -161.607 0
24 8941.82 -85.7521 -161.453 0
24.1 8933.2 -86.0805 -161.298 0
24.2 8924.54 -86.4084 -161.142 0
24.3 8915.85 -86.736 -160.985 0
24.4 8907.13 -87.0633 -160.828 0
24.5 8898.37 -87.3901 -160.671 0
24.6 8889.59 -87.7166 -160.513 0
24.7 8880.77 -88.0427 -160.354 0
24.8 8871.91 -88.3684 -160.194 0
24.9 8863.03 -88.6938 -160.034 0
25 8854.11 -89.0188 -159.874 0
25.1 8845.16 -89.3434 -159.713 0
25.2 8836.18 -89.6676 -159.551 0
25.3 8827.16 -89.9914 -159.389 0
25.4 8818.11 -90.3149 -159.226 0
25.5 8809.03 -90.638 -159.063 0
25.6 8799.92 -90.9606 -158.899 0
25.7 8790.78 -91.2829 -158.734 0
25.8 8781.6 -91.6048 -158.569 0
25.9 8772.39 -91.9263 -158.403 0
26 8763.15 -92.2474 -158.237 0
26.1 8753.88 -92.5681 -158.07 0
26.2 8744.57 -92.8885 -157.902 0
26.3 8735.24 -93.2084 -157.734 0
26.4 8725.87 -93.5279 -157.566 0
26.5 8716.47 -93.847 -157.396 0
26.6 8707.03 -94.1657 -157.227 0
26.7 8697.57 -94.484 -157.056 0
26.8 8688.07 -94.8019 -156.885 0
26.9 8678.55 -95.1194 -156.714 0
27 8668.99 -95.4365 -156.542 0
27.1 8659.39 -95.7532 -156.369 0
27.2 8649.77 -96.0694 -156.196 0
27.3 8640.12 -96.3853 -156.022 0
27.4 8630.43 -96.7007 -155.848 0
27.5 8620.71 -97.0157 -155.673 0
27.6 8610.97 -97.3303 -155.497 0
27.7 8601.19 -97.6444 -155.321 0
27.8 8591.37 -97.9582 -155.145 0
27.9 8581.53 -98.2715 -154.968 0
28 8571.66 -98.5844 -154.79 0
28.1 8561.75 -98.8968 -154.612 0
28.2 8551.82 -99.2089 -154.433 0
28.3 8541.85 -99.5205 -154.253 0
28.4 8531.85 -99.8317 -154.073 0
28.5 8521.82 -100.142 -153.893 0
28.6 8511.76 -100.453 -153.712 0
28.7 8501.67 -100.763 -153.53 0
28.8 8491.54 -101.072 -153.348 0
28.9 8481.39 -101.381 -153.165 0
29 8471.21 -101.69 -152.982 0
29.1 8460.99 -101.998 -152.798 0
29.2 8450.75 -102.305 -152.613 0
29.3 8440.47 -102.613 -152.428 0
29.4 8430.16 -102.919 -152.243 0
29.5 8419.82 -103.226 -152.057 0
29.6 8409.46 -103.531 -151.87 0
29.7 8399.06 -103.837 -151.683 0
29.8 8388.63 -104.142 -151.495 0
29.9 8378.17 -104.446 -151.307 0
30 8367.68 -104.75 -151.118 0
30.1 8357.16 -105.054 -150.929 0
30.2 8346.61 -105.357 -150.739 0
30.3 8336.02 -105.66 -150.548 0
30.4 8325.41 -105.962 -150.357 0
30.5 8314.77 -106.264 -150.166 0
30.6 8304.1 -106.565 -149.974 0
30.7 8293.4 -106.866 -149.781 0
30.8 8282.67 -107.166 -149.588 0
30.9 8271.91 -107.466 -149.394 0
31 8261.11 -107.765 -149.2 0
31.1 8250.29 -108.064 -149.005 0
31.2 8239.44 -108.363 -148.81 0
31.3 8228.56 -108.661 -148.614 0
31.4 8217.65 -108.958 -148.418 0
31.5 8206.71 -109.255 -148.221 0
31.6 8195.74 -109.552 -148.023 0
31.7 8184.74 -109.848 -147.825 0
31.8 8173.71 -110.143 -147.627 0
31.9 8162.65 -110.438 -147.428 0
32 8151.56 -110.733 -147.228 0
32.1 8140.45 -111.027 -147.028 0
32.2 8129.3 -111.321 -146.827 0
32.3 8118.12 -111.614 -146.626 0
32.4 8106.92 -111.906 -146.425 0
32.5 8095.68 -112.198 -146.222 0
32.6 8084.42 -112.49 -146.02 0
32.7 8073.13 -112.781 -145.816 0
32.8 8061.81 -113.072 -145.613 0
32.9 8050.46 -113.362 -145.408 0
33 8039.08 -113.652 -145.203 0
33.1 8027.67 -113.941 -144.998 0
33.2 8016.23 -114.229 -144.792 0
33.3 8004.76 -114.517 -144.586 0
33.4 7993.27 -114.805 -144.379 0
33.5 7981.75 -115.092 -144.171 0
33.6 7970.19 -115.379 -143.963 0
33.7 7958.61 -115.665 -143.755 0
33.8 7947 -115.95 -143.546 0
33.9 7935.37 -116.235 -143.337 0
34 7923.7 -116.52 -143.127 0
34.1 7912 -116.804 -142.916 0
34.2 7900.28 -117.087 -142.705 0
34.3 7888.53 -117.37 -142.494 0
34.4 7876.75 -117.652 -142.282 0
34.5 7864.94 -117.934 -142.069 0
34.6 7853.11 -118.216 -141.856 0
34.7 7841.24 -118.496 -141.642 0
34.8 7829.35 -118.777 -141.428 0
34.9 7817.43 -119.057 -141.214 0
35 7805.49 -119.336 -140.999 0
35.1 7793.51 -119.614 -140.783 0
35.2 7781.51 -119.893 -140.567 0
35.3 7769.48 -120.17 -140.351 0
35.4 7757.42 -120.447 -140.134 0
35.5 7745.33 -120.724 -139.916 0
35.6 7733.22 -121 -139.698 0
35.7 7721.08 -121.275 -139.479 0
35.8 7708.91 -121.55 -139.26 0
35.9 7696.71 -121.825 -139.041 0
36 7684.49 -122.098 -138.821 0
36.1 7672.24 -122.372 -138.6 0
36.2 7659.96 -122.644 -138.379 0
36.3 7647.65 -122.917 -138.158 0
36.4 7635.32 -123.188 -137.936 0
36.5 7622.96 -123.459 -137.713 0
36.6 7610.58 -123.73 -137.49 0
36.7 7598.16 -124 -137.267 0
36.8 7585.72 -124.269 -137.043 0
36.9 7573.25 -124.538 -136.819 0
37 7560.76 -124.806 -136.594 0
37.1 7548.24 -125.074 -136.368 0
37.2 7535.69 -125.341 -136.142 0
37.3 7523.12 -125.607 -135.916 0
37.4 7510.52 -125.873 -135.689 0
37.5 7497.89 -126.139 -135.462 0
37.6 7485.24 -126.404 -135.234 0
37.7 7472.56 -126.668 -135.006 0
37.8 7459.85 -126.932 -134.777 0
37.9 7447.12 -127.195 -134.548 0
38 7434.36 -127.457 -134.318 0
38.1 7421.57 -127.719 -134.088 0
38.2 7408.76 -127.981 -133.858 0
38.3 7395.93 -128.242 -133.627 0
38.4 7383.06 -128.502 -133.395 0
38.5 7370.17 -128.761 -133.163 0
38.6 7357.26 -129.02 -132.931 0
38.7 7344.32 -129.279 -132.698 0
38.8 7331.35 -129.537 -132.464 0
38.9 7318.36 -129.794 -132.23 0
39 7305.34 -130.051 -131.996 0
39.1 7292.3 -130.307 -131.761 0.0591254
39.2 7279.23 -130.546 -131.526 0.153953
39.3 7266.15 -130.741 -131.291 0.240094
39.4 7253.06 -130.885 -131.055 0.316028
39.5 7239.95 -130.983 -130.819 0.382812
39.6 7226.85 -131.041 -130.583 0.441532
39.7 7213.74 -131.063 -130.347 0.493155
39.8 7200.64 -131.054 -130.111 0.538532
39.9 7187.54 -131.018 -129.876 0.57841
40 7174.44 -130.957 -129.64 0.61345
40.1 7161.36 -130.876 -129.405 0.644232
40.2 7148.29 -130.776 -129.169 0.671264
40.3 7135.23 -130.659 -128.934 0.694998
40.4 7122.18 -130.528 -128.699 0.715828
40.5 7109.15 -130.385 -128.465 0.734102
40.6 7096.14 -130.231 -128.23 0.750127
40.7 7083.14 -130.067 -127.997 0.764172
40.8 7070.16 -129.895 -127.763 0.776475
40.9 7057.2 -129.716 -127.53 0.787245
41 7044.25 -129.53 -127.297 0.796666
41.1 7031.33 -129.338 -127.064 0.804899
41.2 7018.42 -129.142 -126.832 0.812088
41.3 7005.54 -128.942 -126.6 0.818358
41.4 6992.68 -128.737 -126.368 0.823818
41.5 6979.83 -128.53 -126.137 0.828567
41.6 6967.01 -128.32 -125.906 0.832689
41.7 6954.21 -128.107 -125.676 0.836261
41.8 6941.43 -127.893 -125.446 0.839348
41.9 6928.68 -127.676 -125.216 0.842008
42 6915.94 -127.458 -124.987 0.844294
42.1 6903.23 -127.239 -124.758 0.84625
42.2 6890.54 -127.019 -124.53 0.847916
42.3 6877.87 -126.798 -124.302 0.849326
42.4 6865.22 -126.577 -124.074 0.850512
42.5 6852.6 -126.354 -123.847 0.851501
42.6 6840 -126.132 -123.62 0.852317
42.7 6827.42 -125.908 -123.394 0.85298
42.8 6814.86 -125.685 -123.167 0.853509
42.9 6802.33 -125.461 -122.942 0.853921
43 6789.81 -125.238 -122.717 0.854229
43.1 6777.32 -125.014 -122.492 0.854446
43.2 6764.85 -124.79 -122.267 0.854583
43.3 6752.41 -124.567 -122.043 0.854651
43.4 6739.99 -124.343 -121.82 0.854656
43.5 6727.59 -124.12 -121.597 0.854608
43.6 6715.21 -123.896 -121.374 0.854512
43.7 6702.85 -123.673 -121.151 0.854374
43.8 6690.52 -123.45 -120.929 0.854201
43.9 6678.2 -123.228 -120.708 0.853995
44 6665.92 -123.005 -120.486 0.853761
44.1 6653.65 -122.783 -120.266 0.853502
44.2 6641.4 -122.561 -120.045 0.853223
44.3 6629.18 -122.34 -119.825 0.852924
44.4 6616.98 -122.119 -119.606 0.852609
44.5 6604.8 -121.898 -119.386 0.85228
44.6 6592.64 -121.677 -119.168 0.851938
44.7 6580.51 -121.457 -118.949 0.851585
44.8 6568.4 -121.237 -118.731 0.851223
44.9 6556.31 -121.018 -118.514 0.850853
45 6544.24 -120.799 -118.296 0.850475
45.1 6532.19 -120.58 -118.079 0.850092
45.2 6520.16 -120.361 -117.863 0.849703
45.3 6508.16 -120.143 -117.647 0.849309
45.4 6496.18 -119.926 -117.431 0.848912
45.5 6484.22 -119.709 -117.216 0.848511
45.6 6472.28 -119.492 -117.001 0.848107
45.7 6460.36 -119.275 -116.787 0.847701
45.8 6448.47 -119.059 -116.572 0.847293
45.9 6436.6 -118.843 -116.359 0.846884
46 6424.74 -118.628 -116.145 0.846472
46.1 6412.91 -118.413 -115.932 0.84606
46.2 6401.1 -118.198 -115.72 0.845647
46.3 6389.32 -117.984 -115.508 0.845233
46.4 6377.55 -117.77 -115.296 0.844819
46.5 6365.81 -117.557 -115.084 0.844404
46.6 6354.08 -117.343 -114.873 0.84399
46.7 6342.38 -117.131 -114.663 0.843575
46.8 6330.7 -116.918 -114.453 0.84316
46.9 6319.04 -116.706 -114.243 0.842745
47 6307.4 -116.495 -114.033 0.84233
47.1 6295.78 -116.284 -113.824 0.841915
47.2 6284.18 -116.073 -113.615 0.841501
47.3 6272.61 -115.862 -113.407 0.841088
47.4 6261.05 -115.652 -113.199 0.840674
47.5 6249.52 -115.443 -112.991 0.840261
47.6 6238.01 -115.233 -112.784 0.839849
47.7 6226.52 -115.024 -112.577 0.839437
47.8 6215.04 -114.816 -112.371 0.839025
47.9 6203.59 -114.608 -112.165 0.838614
48 6192.16 -114.4 -111.959 0.838204
48.1 6180.76 -114.193 -111.754 0.837794
48.2 6169.37 -113.986 -111.549 0.837385
48.3 6158 -113.779 -111.344 0.836977
48.4 6146.65 -113.573 -111.14 0.836569
48.5 6135.33 -113.367 -110.936 0.836162
48.6 6124.02 -113.161 -110.732 0.835755
48.7 6112.73 -112.956 -110.529 0.835349
48.8 6101.47 -112.751 -110.326 0.834944
48.9 6090.23 -112.547 -110.124 0.834539
49 6079 -112.343 -109.922 0.834135
49.1 6067.8 -112.139 -109.72 0.833732
49.2 6056.61 -111.936 -109.519 0.833329
49.3 6045.45 -111.733 -109.318 0.832927
49.4 6034.31 -111.53 -109.118 0.832526
49.5 6023.19 -111.328 -108.917 0.832125
49.6 6012.08 -111.126 -108.717 0.831725
49.7 6001 -110.925 -108.518 0.831326
49.8 5989.94 -110.724 -108.319 0.830927
49.9 5978.9 -110.523 -108.12 0.830529
50 5967.87 -110.322 -107.922 0.830132
50.1 5956.87 -110.122 -107.724 0.829735
50.2 5945.89 -109.923 -107.526 0.829339
50.3 5934.93 -109.723 -107.329 0.828944
50.4 5923.98 -109.524 -107.132 0.828549
50.5 5913.06 -109.326 -106.935 0.828155
50.6 5902.16 -109.128 -106.739 0.827761
50.7 5891.28 -108.93 -106.543 0.827368
50.8 5880.41 -108.732 -106.347 0.826976
50.9 5869.57 -108.535 -106.152 0.826585
51 5858.74 -108.338 -105.957 0.826194
51.1 5847.94 -108.142 -105.763 0.825804
51.2 5837.16 -107.946 -105.569 0.825414
51.3 5826.39 -107.75 -105.375 0.825025
51.4 5815.64 -107.555 -105.182 0.824637
51.5 5804.92 -107.36 -104.989 0.824249
51.6 5794.21 -107.165 -104.796 0.823862
51.7 5783.52 -106.971 -104.603 0.823475
51.8 5772.86 -106.777 -104.411 0.823089
51.9 5762.21 -106.583 -104.22 0.822704
52 5751.58 -106.39 -104.028 0.822319
52.1 5740.97 -106.197 -103.837 0.821935
52.2 5730.38 -106.005 -103.647 0.821552
52.3 5719.81 -105.812 -103.457 0.821169
52.4 5709.25 -105.62 -103.267 0.820786
52.5 5698.72 -105.429 -103.077 0.820405
52.6 5688.21 -105.238 -102.888 0.820024
52.7 5677.71 -105.047 -102.699 0.819643
52.8 5667.23 -104.857 -102.51 0.819263
52.9 5656.78 -104.666 -102.322 0.818884
53 5646.34 -104.477 -102.134 0.818505
53.1 5635.92 -104.287 -101.947 0.818127
53.2 5625.52 -104.098 -101.759 0.817749
53.3 5615.14 -103.909 -101.572 0.817372
53.4 5604.78 -103.721 -101.386 0.816996
53.5 5594.43 -103.533 -101.2 0.81662
53.6 5584.11 -103.345 -101.014 0.816245
53.7 5573.8 -103.158 -100.828 0.81587
53.8 5563.51 -102.971 -100.643 0.815496
53.9 5553.24 -102.784 -100.458 0.815122
54 5542.99 -102.598 -100.274 0.814749
54.1 5532.76 -102.412 -100.09 0.814376
54.2 5522.55 -102.226 -99.9059 0.814004
54.3 5512.35 -102.041 -99.7223 0.813633
54.4 5502.18 -101.855 -99.5392 0.813262
54.5 5492.02 -101.671 -99.3563 0.812892
54.6 5481.88 -101.486 -99.1738 0.812522
54.7 5471.76 -101.302 -98.9916 0.812153
54.8 5461.66 -101.119 -98.8098 0.811784
54.9 5451.57 -100.935 -98.6283 0.811416
55 5441.5 -100.752 -98.4471 0.811048
55.1 5431.46 -100.57 -98.2662 0.810681
55.2 5421.43 -100.387 -98.0857 0.810314
55.3 5411.42 -100.205 -97.9055 0.809948
55.4 5401.42 -100.024 -97.7256 0.809582
55.5 5391.45 -99.8421 -97.5461 0.809217
55.6 5381.49 -99.6611 -97.3668 0.808853
55.7 5371.55 -99.4804 -97.1879 0.808489
55.8 5361.63 -99.3 -97.0093 0.808125
55.9 5351.73 -99.1199 -96.8311 0.807762
56 5341.84 -98.9402 -96.6532 0.8074
56.1 5331.98 -98.7607 -96.4756 0.807038
56.2 5322.13 -98.5816 -96.2983 0.806676
56.3 5312.29 -98.4029 -96.1213 0.806315
56.4 5302.48 -98.2244 -95.9447 0.805955
56.5 5292.69 -98.0463 -95.7683 0.805595
56.6 5282.91 -97.8685 -95.5923 0.805235
56.7 5273.15 -97.691 -95.4166 0.804876
56.8 5263.4 -97.5139 -95.2413 0.804517
56.9 5253.68 -97.337 -95.0662 0.804159
57 5243.97 -97.1605 -94.8915 0.803802
57.1 5234.28 -96.9843 -94.7171 0.803445
57.2 5224.61 -96.8084 -94.543 0.803088
57.3 5214.96 -96.6329 -94.3692 0.802732
57.4 5205.32 -96.4576 -94.1957 0.802376
57.5 5195.7 -96.2827 -94.0226 0.802021
57.6 5186.1 -96.1081 -93.8498 0.801666
57.7 5176.51 -95.9338 -93.6772 0.801312
57.8 5166.95 -95.7598 -93.505 0.800958
57.9 5157.4 -95.5861 -93.3331 0.800605
58 5147.86 -95.4128 -93.1615 0.800252
58.1 5138.35 -95.2398 -92.9903 0.7999
58.2 5128.85 -95.067 -92.8193 0.799548
58.3 5119.37 -94.8946 -92.6486 0.799196
58.4 5109.91 -94.7225 -92.4783 0.798845
58.5 5100.46 -94.5507 -92.3083 0.798495
58.6 5091.03 -94.3793 -92.1385 0.798145
58.7 5081.62 -94.2081 -91.9691 0.797795
58.8 5072.22 -94.0372 -91.8 0.797446
58.9 5062.84 -93.8667 -91.6312 0.797097
59 5053.48 -93.6964 -91.4627 0.796749
59.1 5044.14 -93.5265 -91.2945 0.796401
59.2 5034.81 -93.3569 -91.1266 0.796053
59.3 5025.5 -93.1875 -90.959 0.795706
59.4 5016.21 -93.0185 -90.7917 0.79536
59.5 5006.93 -92.8498 -90.6248 0.795013
59.6 4997.67 -92.6814 -90.4581 0.794668
59.7 4988.43 -92.5133 -90.2917 0.794322
59.8 4979.2 -92.3455 -90.1256 0.793978
59.9 4969.99 -92.178 -89.9599 0.793633
60 4960.8 -92.0108 -89.7944 0.793289
60.1 4951.62 -91.844 -89.6292 0.792946
60.2 4942.46 -91.6774 -89.4644 0.792602
60.3 4933.32 -91.5111 -89.2998 0.79226
60.4 4924.2 -91.3451 -89.1355 0.791917
60.5 4915.09 -91.1794 -88.9715 0.791575
60.6 4905.99 -91.014 -88.8079 0.791234
60.7 4896.92 -90.849 -88.6445 0.790893
60.8 4887.86 -90.6842 -88.4814 0.790552
60.9 4878.81 -90.5197 -88.3186 0.790212
61 4869.78 -90.3555 -88.1561 0.789872
61.1 4860.77 -90.1916 -87.9939 0.789533
61.2 4851.78 -90.028 -87.832 0.789194
61.3 4842.8 -89.8647 -87.6704 0.788855
61.4 4833.84 -89.7017 -87.5091 0.788517
61.5 4824.89 -89.539 -87.3481 0.788179
61.6 4815.96 -89.3766 -87.1873 0.787842
61.7 4807.05 -89.2144 -87.0269 0.787504
61.8 4798.15 -89.0526 -86.8668 0.787168
61.9 4789.27 -88.8911 -86.7069 0.786832
62 4780.41 -88.7298 -86.5473 0.786496
62.1 4771.56 -88.5688 -86.388 0.78616
62.2 4762.73 -88.4082 -86.2291 0.785825
62.3 4753.91 -88.2478 -86.0704 0.78549
62.4 4745.11 -88.0877 -85.9119 0.785156
62.5 4736.32 -87.9279 -85.7538 0.784822
62.6 4727.55 -87.7684 -85.596 0.784489
62.7 4718.8 -87.6092 -85.4384 0.784156
62.8 4710.06 -87.4503 -85.2812 0.783823
62.9 4701.34 -87.2916 -85.1242 0.78349
63 4692.64 -87.1333 -84.9675 0.783158
63.1 4683.95 -86.9752 -84.8111 0.782827
63.2 4675.27 -86.8174 -84.6549 0.782495
63.3 4666.62 -86.6599 -84.4991 0.782164
63.4 4657.97 -86.5027 -84.3435 0.781834
63.5 4649.35 -86.3458 -84.1882 0.781504
63.6 4640.74 -86.1891 -84.0332 0.781174
63.7 4632.14 -86.0327 -83.8785 0.780844
63.8 4623.56 -85.8767 -83.7241 0.780515
63.9 4615 -85.7209 -83.5699 0.780187
64 4606.45 -85.5653 -83.4161 0.779858
64.1 4597.91 -85.4101 -83.2625 0.77953
64.2 4589.4 -85.2551 -83.1091 0.779203
64.3 4580.89 -85.1005 -82.9561 0.778875
64.4 4572.41 -84.9461 -82.8033 0.778549
64.5 4563.94 -84.7919 -82.6508 0.778222
64.6 4555.48 -84.6381 -82.4986 0.777896
64.7 4547.04 -84.4845 -82.3467 0.77757
64.8 4538.61 -84.3313 -82.195 0.777244
64.9 4530.2 -84.1782 -82.0437 0.776919
65 4521.81 -84.0255 -81.8925 0.776594
65.1 4513.43 -83.8731 -81.7417 0.77627
65.2 4505.06 -83.7209 -81.5911 0.775946
65.3 4496.71 -83.569 -81.4409 0.775622
65.4 4488.38 -83.4173 -81.2908 0.775299
65.5 4480.06 -83.266 -81.1411 0.774976
65.6 4471.76 -83.1149 -80.9916 0.774653
65.7 4463.47 -82.9641 -80.8424 0.77433
65.8 4455.19 -82.8135 -80.6935 0.774008
65.9 4446.94 -82.6633 -80.5448 0.773687
66 4438.69 -82.5133 -80.3965 0.773365
66.1 4430.46 -82.3636 -80.2483 0.773044
66.2 4422.25 -82.2141 -80.1005 0.772724
66.3 4414.05 -82.0649 -79.9529 0.772403
66.4 4405.87 -81.916 -79.8056 0.772083
66.5 4397.7 -81.7674 -79.6585 0.771763
66.6 4389.54 -81.619 -79.5118 0.771444
66.7 4381.4 -81.4709 -79.3652 0.771125
66.8 4373.28 -81.323 -79.219 0.770806
66.9 4365.17 -81.1755 -79.073 0.770488
67 4357.07 -81.0281 -78.9273 0.77017
67.1 4348.99 -80.8811 -78.7818 0.769852
67.2 4340.93 -80.7343 -78.6367 0.769534
67.3 4332.87 -80.5878 -78.4917 0.769217
67.4 4324.84 -80.4416 -78.3471 0.7689
67.5 4316.81 -80.2956 -78.2027 0.768584
67.6 4308.81 -80.1499 -78.0585 0.768268
67.7 4300.81 -80.0044 -77.9146 0.767952
67.8 4292.83 -79.8592 -77.771 0.767636
67.9 4284.87 -79.7143 -77.6277 0.767321
68 4276.92 -79.5696 -77.4846 0.767006
68.1 4268.99 -79.4252 -77.3417 0.766692
68.2 4261.06 -79.2811 -77.1992 0.766377
68.3 4253.16 -79.1372 -77.0568 0.766063
68.4 4245.27 -78.9935 -76.9148 0.76575
68.5 4237.39 -78.8502 -76.773 0.765436
68.6 4229.52 -78.7071 -76.6314 0.765123
68.7 4221.68 -78.5642 -76.4902 0.764811
68.8 4213.84 -78.4216 -76.3491 0.764498
68.9 4206.02 -78.2793 -76.2084 0.764186
69 4198.21 -78.1372 -76.0678 0.763874
69.1 4190.42 -77.9954 -75.9276 0.763563
69.2 4182.64 -77.8538 -75.7876 0.763251
69.3 4174.88 -77.7125 -75.6478 0.76294
69.4 4167.13 -77.5715 -75.5083 0.76263
69.5 4159.39 -77.4307 -75.3691 0.762319
69.6 4151.67 -77.2901 -75.2301 0.762009
69.7 4143.96 -77.1498 -75.0913 0.7617
69.8 4136.27 -77.0098 -74.9528 0.76139
69.9 4128.59 -76.87 -74.8146 0.761081
70 4120.92 -76.7305 -74.6766 0.760772
70.1 4113.27 -76.5912 -74.5389 0.760464
70.2 4105.63 -76.4521 -74.4014 0.760155
70.3 4098.01 -76.3134 -74.2641 0.759847
70.4 4090.4 -76.1748 -74.1271 0.75954
70.5 4082.8 -76.0366 -73.9904 0.759232
70.6 4075.22 -75.8985 -73.8539 0.758925
70.7 4067.65 -75.7607 -73.7177 0.758618
70.8 4060.09 -75.6232 -73.5817 0.758312
70.9 4052.55 -75.4859 -73.4459 0.758005
71 4045.02 -75.3489 -73.3104 0.757699
71.1 4037.51 -75.2121 -73.1751 0.757394
71.2 4030.01 -75.0756 -73.0401 0.757088
71.3 4022.52 -74.9393 -72.9054 0.756783
71.4 4015.05 -74.8032 -72.7708 0.756478
71.5 4007.59 -74.6674 -72.6366 0.756174
71.6 4000.14 -74.5319 -72.5025 0.755869
71.7 3992.71 -74.3966 -72.3687 0.755565
71.8 3985.29 -74.2615 -72.2352 0.755262
71.9 3977.88 -74.1267 -72.1019 0.754958
72 3970.49 -73.9921 -71.9688 0.754655
72.1 3963.11 -73.8577 -71.836 0.754352
72.2 3955.74 -73.7237 -71.7034 0.75405
72.3 3948.39 -73.5898 -71.5711 0.753747
72.4 3941.05 -73.4562 -71.439 0.753445
72.5 3933.73 -73.3228 -71.3071 0.753143
72.6 3926.42 -73.1897 -71.1755 0.752842
72.7 3919.12 -73.0568 -71.0441 0.75254
72.8 3911.83 -72.9242 -70.913 0.752239
72.9 3904.56 -72.7917 -70.782 0.751939
73 3897.3 -72.6596 -70.6514 0.751638
73.1 3890.05 -72.5276 -70.5209 0.751338
73.2 3882.82 -72.3959 -70.3908 0.751038
73.3 3875.6 -72.2645 -70.2608 0.750738
73.4 3868.39 -72.1333 -70.1311 0.750439
73.5 3861.2 -72.0023 -70.0016 0.75014
73.6 3854.02 -71.8715 -69.8723 0.749841
73.7 3846.85 -71.741 -69.7433 0.749542
73.8 3839.7 -71.6108 -69.6145 0.749244
73.9 3832.55 -71.4807 -69.486 0.748946
74 3825.43 -71.3509 -69.3577 0.748648
74.1 3818.31 -71.2213 -69.2296 0.748351
74.2 3811.21 -71.092 -69.1017 0.748053
74.3 3804.12 -70.9629 -68.9741 0.747756
74.4 3797.04 -70.834 -68.8467 0.74746
74.5 3789.98 -70.7054 -68.7196 0.747163
74.6 3782.93 -70.577 -68.5927 0.746867
74.7 3775.89 -70.4488 -68.466 0.746571
74.8 3768.86 -70.3209 -68.3395 0.746275
74.9 3761.85 -70.1932 -68.2133 0.745979
75 3754.85 -70.0657 -68.0873 0.745684
75.1 3747.86 -69.9384 -67.9615 0.745389
75.2 3740.89 -69.8114 -67.836 0.745095
75.3 3733.92 -69.6846 -67.7106 0.7448
75.4 3726.97 -69.5581 -67.5855 0.744506
75.5 3720.04 -69.4317 -67.4607 0.744212
75.6 3713.11 -69.3056 -67.336 0.743918
75.7 3706.2 -69.1798 -67.2116 0.743625
75.8 3699.3 -69.0541 -67.0874 0.743331
75.9 3692.42 -68.9287 -66.9635 0.743038
76 3685.54 -68.8035 -66.8398 0.742746
76.1 3678.68 -68.6785 -66.7162 0.742453
76.2 3671.83 -68.5538 -66.593 0.742161
76.3 3664.99 -68.4292 -66.4699 0.741869
76.4 3658.17 -68.3049 -66.3471 0.741577
76.5 3651.36 -68.1809 -66.2244 0.741286
76.6 3644.56 -68.057 -66.1021 0.740994
76.7 3637.77 -67.9334 -65.9799 0.740703
76.8 3631 -67.81 -65.8579 0.740413
76.9 3624.23 -67.6868 -65.7362 0.740122
77 3617.48 -67.5639 -65.6147 0.739832
77.1 3610.75 -67.4411 -65.4934 0.739542
77.2 3604.02 -67.3186 -65.3724 0.739252
77.3 3597.31 -67.1963 -65.2515 0.738962
77.4 3590.61 -67.0743 -65.1309 0.738673
77.5 3583.92 -66.9524 -65.0105 0.738384
77.6 3577.24 -66.8308 -64.8903 0.738095
77.7 3570.57 -66.7094 -64.7703 0.737807
77.8 3563.92 -66.5882 -64.6506 0.737518
77.9 3557.28 -66.4672 -64.5311 0.73723
78 3550.65 -66.3465 -64.4117 0.736942
78.1 3544.04 -66.2259 -64.2926 0.736654
78.2 3537.43 -66.1056 -64.1738 0.736367
78.3 3530.84 -65.9855 -64.0551 0.73608
78.4 3524.26 -65.8656 -63.9366 0.735793
78.5 3517.69 -65.7459 -63.8184 0.735506
78.6 3511.13 -65.6265 -63.7004 0.73522
78.7 3504.59 -65.5073 -63.5826 0.734933
78.8 3498.06 -65.3882 -63.465 0.734647
78.9 3491.53 -65.2694 -63.3476 0.734362
79 3485.02 -65.1508 -63.2304 0.734076
79.1 3478.53 -65.0325 -63.1135 0.733791
79.2 3472.04 -64.9143 -62.9968 0.733506
79.3 3465.57 -64.7963 -62.8802 0.733221
79.4 3459.11 -64.6786 -62.7639 0.732936
79.5 3452.66 -64.5611 -62.6478 0.732652
79.6 3446.22 -64.4438 -62.5319 0.732368
79.7 3439.79 -64.3267 -62.4162 0.732084
79.8 3433.38 -64.2098 -62.3008 0.7318
79.9 3426.97 -64.0931 -62.1855 0.731516
80 3420.58 -63.9766 -62.0704 0.731233
80.1 3414.2 -63.8604 -61.9556 0.73095
80.2 3407.83 -63.7443 -61.841 0.730667
80.3 3401.47 -63.6285 -61.7265 0.730385
80.4 3395.13 -63.5128 -61.6123 0.730102
80.5 3388.79 -63.3974 -61.4983 0.72982
80.6 3382.47 -63.2822 -61.3845 0.729538
80.7 3376.16 -63.1672 -61.2709 0.729257
80.8 3369.86 -63.0524 -61.1575 0.728975
80.9 3363.57 -62.9378 -61.0443 0.728694
81 3357.3 -62.8234 -60.9314 0.728413
81.1 3351.03 -62.7092 -60.8186 0.728132
81.2 3344.78 -62.5953 -60.706 0.727852
81.3 3338.54 -62.4815 -60.5936 0.727571
81.4 3332.3 -62.3679 -60.4815 0.727291
81.5 3326.08 -62.2546 -60.3695 0.727011
81.6 3319.88 -62.1414 -60.2578 0.726732
81.7 3313.68 -62.0285 -60.1462 0.726452
81.8 3307.49 -61.9157 -60.0349 0.726173
81.9 3301.32 -61.8032 -59.9237 0.725894
82 3295.16 -61.6909 -59.8128 0.725615
82.1 3289 -61.5787 -59.7021 0.725336
82.2 3282.86 -61.4668 -59.5915 0.725058
82.3 3276.73 -61.3551 -59.4812 0.72478
82.4 3270.61 -61.2435 -59.371 0.724502
82.5 3264.51 -61.1322 -59.2611 0.724224
82.6 3258.41 -61.0211 -59.1514 0.723947
82.7 3252.32 -60.9102 -59.0418 0.72367
82.8 3246.25 -60.7994 -58.9325 0.723392
82.9 3240.19 -60.6889 -58.8233 0.723116
83 3234.13 -60.5786 -58.7144 0.722839
83.1 3228.09 -60.4685 -58.6057 0.722563
83.2 3222.06 -60.3585 -58.4971 0.722286
83.3 3216.04 -60.2488 -58.3888 0.72201
83.4 3210.03 -60.1393 -58.2806 0.721735
83.5 3204.04 -60.0299 -58.1726 0.721459
83.6 3198.05 -59.9208 -58.0649 0.721184
83.7 3192.07 -59.8119 -57.9573 0.720909
83.8 3186.11 -59.7031 -57.85 0.720634
83.9 3180.15 -59.5946 -57.7428 0.720359
84 3174.21 -59.4862 -57.6358 0.720084
84.1 3168.28 -59.3781 -57.529 0.71981
84.2 3162.36 -59.2701 -57.4224 0.719536
84.3 3156.45 -59.1624 -57.316 0.719262
84.4 3150.55 -59.0548 -57.2098 0.718988
84.5 3144.66 -58.9474 -57.1038 0.718715
84.6 3138.78 -58.8402 -56.998 0.718442
84.7 3132.91 -58.7332 -56.8924 0.718169
84.8 3127.05 -58.6264 -56.787 0.717896
84.9 3121.21 -58.5198 -56.6817 0.717623
85 3115.37 -58.4134 -56.5767 0.717351
85.1 3109.55 -58.3072 -56.4718 0.717079
85.2 3103.73 -58.2012 -56.3671 0.716807
85.3 3097.93 -58.0953 -56.2627 0.716535
85.4 3092.13 -57.9897 -56.1584 0.716263
85.5 3086.35 -57.8842 -56.0543 0.715992
85.6 3080.58 -57.779 -55.9504 0.715721
85.7 3074.81 -57.6739 -55.8467 0.71545
85.8 3069.06 -57.569 -55.7431 0.715179
85.9 3063.32 -57.4643 -55.6398 0.714909
86 3057.59 -57.3598 -55.5366 0.714638
86.1 3051.87 -57.2555 -55.4337 0.714368
86.2 3046.16 -57.1514 -55.3309 0.714098
86.3 3040.46 -57.0474 -55.2283 0.713829
86.4 3034.77 -56.9437 -55.1259 0.713559
86.5 3029.09 -56.8401 -55.0237 0.71329
86.6 3023.42 -56.7367 -54.9216 0.713021
86.7 3017.77 -56.6336 -54.8198 0.712752
86.8 3012.12 -56.5305 -54.7181 0.712483
86.9 3006.48 -56.4277 -54.6167 0.712215
87 3000.85 -56.3251 -54.5154 0.711946
87.1 2995.24 -56.2226 -54.4143 0.711678
87.2 2989.63 -56.1204 -54.3133 0.71141
87.3 2984.03 -56.0183 -54.2126 0.711143
87.4 2978.45 -55.9164 -54.112 0.710875
87.5 2972.87 -55.8147 -54.0117 0.710608
87.6 2967.3 -55.7132 -53.9115 0.710341
87.7 2961.75 -55.6118 -53.8115 0.710074
87.8 2956.2 -55.5107 -53.7116 0.709807
87.9 2950.67 -55.4097 -53.612 0.709541
88 2945.14 -55.3089 -53.5125 0.709274
88.1 2939.62 -55.2083 -53.4132 0.709008
88.2 2934.12 -55.1078 -53.3141 0.708742
88.3 2928.62 -55.0076 -53.2152 0.708477
88.4 2923.14 -54.9075 -53.1165 0.708211
88.5 2917.66 -54.8076 -53.0179 0.707946
88.6 2912.19 -54.7079 -52.9195 0.707681
88.7 2906.74 -54.6084 -52.8213 0.707416
88.8 2901.29 -54.509 -52.7233 0.707151
88.9 2895.86 -54.4099 -52.6254 0.706887
89 2890.43 -54.3109 -52.5278 0.706623
89.1 2885.01 -54.2121 -52.4303 0.706359
89.2 2879.61 -54.1134 -52.3329 0.706095
89.3 2874.21 -54.015 -52.2358 0.705831
89.4 2868.82 -53.9167 -52.1388 0.705567
89.5 2863.45 -53.8186 -52.0421 0.705304
89.6 2858.08 -53.7207 -51.9455 0.705041
89.7 2852.72 -53.6229 -51.849 0.704778
89.8 2847.38 -53.5253 -51.7528 0.704515
89.9 2842.04 -53.4279 -51.6567 0.704253
90 2836.71 -53.3307 -51.5608 0.703991
90.1 2831.39 -53.2337 -51.465 0.703728
90.2 2826.08 -53.1368 -51.3695 0.703467
90.3 2820.78 -53.0401 -51.2741 0.703205
90.4 2815.49 -52.9436 -51.1789 0.702943
90.5 2810.21 -52.8473 -51.0838 0.702682
90.6 2804.94 -52.7511 -50.989 0.702421
90.7 2799.68 -52.6551 -50.8943 0.70216
90.8 2794.43 -52.5593 -50.7998 0.701899
90.9 2789.19 -52.4636 -50.7054 0.701639
91 2783.96 -52.3681 -50.6112 0.701378
91.1 2778.74 -52.2728 -50.5172 0.701118
91.2 2773.52 -52.1777 -50.4234 0.700858
91.3 2768.32 -52.0827 -50.3297 0.700598
91.4 2763.12 -51.9879 -50.2362 0.700339
91.5 2757.94 -51.8933 -50.1429 0.700079
91.6 2752.76 -51.7989 -50.0498 0.69982
91.7 2747.6 -51.7046 -49.9568 0.699561
91.8 2742.44 -51.6105 -49.864 0.699302
91.9 2737.3 -51.5165 -49.7713 0.699043
92 2732.16 -51.4228 -49.6788 0.698785
92.1 2727.03 -51.3292 -49.5865 0.698527
92.2 2721.91 -51.2357 -49.4944 0.698269
92.3 2716.8 -51.1425 -49.4024 0.698011
92.4 2711.7 -51.0494 -49.3106 0.697753
92.5 2706.61 -50.9565 -49.219 0.697496
92.6 2701.53 -50.8637 -49.1275 0.697238
92.7 2696.46 -50.7711 -49.0362 0.696981
92.8 2691.39 -50.6787 -48.9451 0.696724
92.9 2686.34 -50.5864 -48.8541 0.696468
93 2681.29 -50.4943 -48.7633 0.696211
93.1 2676.26 -50.4024 -48.6726 0.695955
93.2 2671.23 -50.3107 -48.5822 0.695699
93.3 2666.21 -50.2191 -48.4919 0.695443
93.4 2661.21 -50.1276 -48.4017 0.695187
93.5 2656.21 -50.0364 -48.3117 0.694931
93.6 2651.22 -49.9453 -48.2219 0.694676
93.7 2646.24 -49.8544 -48.1323 0.694421
93.8 2641.26 -49.7636 -48.0428 0.694166
93.9 2636.3 -49.673 -47.9534 0.693911
94 2631.35 -49.5825 -47.8643 0.693656
94.1 2626.4 -49.4923 -47.7753 0.693402
94.2 2621.47 -49.4021 -47.6864 0.693147
94.3 2616.54 -49.3122 -47.5977 0.692893
94.4 2611.62 -49.2224 -47.5092 0.692639
94.5 2606.71 -49.1328 -47.4209 0.692386
94.6 2601.81 -49.0433 -47.3327 0.692132
94.7 2596.92 -48.954 -47.2446 0.691879
94.8 2592.04 -48.8649 -47.1567 0.691626
94.9 2587.17 -48.7759 -47.069 0.691373
95 2582.3 -48.6871 -46.9815 0.69112
95.1 2577.45 -48.5984 -46.8941 0.690867
95.2 2572.6 -48.5099 -46.8068 0.690615
95.3 2567.76 -48.4216 -46.7198 0.690363
95.4 2562.94 -48.3334 -46.6328 0.690111
95.5 2558.12 -48.2454 -46.5461 0.689859
95.6 2553.3 -48.1575 -46.4595 0.689607
95.7 2548.5 -48.0698 -46.373 0.689356
95.8 2543.71 -47.9823 -46.2867 0.689105
95.9 2538.92 -47.8949 -46.2006 0.688853
96 2534.15 -47.8076 -46.1146 0.688603
96.1 2529.38 -47.7206 -46.0288 0.688352
96.2 2524.62 -47.6336 -45.9431 0.688101
96.3 2519.87 -47.5469 -45.8576 0.687851
96.4 2515.13 -47.4603 -45.7723 0.687601
96.5 2510.39 -47.3738 -45.6871 0.687351
96.6 2505.67 -47.2876 -45.602 0.687101
96.7 2500.95 -47.2014 -45.5172 0.686851
96.8 2496.25 -47.1154 -45.4324 0.686602
96.9 2491.55 -47.0296 -45.3479 0.686353
97 2486.86 -46.944 -45.2634 0.686104
97.1 2482.18 -46.8584 -45.1792 0.685855
97.2 2477.5 -46.7731 -45.0951 0.685606
97.3 2472.84 -46.6879 -45.0111 0.685358
97.4 2468.18 -46.6028 -44.9273 0.685109
97.5 2463.53 -46.5179 -44.8436 0.684861
97.6 2458.9 -46.4332 -44.7601 0.684613
97.7 2454.27 -46.3486 -44.6768 0.684365
97.8 2449.64 -46.2642 -44.5936 0.684118
97.9 2445.03 -46.1799 -44.5105 0.68387
98 2440.42 -46.0957 -44.4276 0.683623
98.1 2435.83 -46.0118 -44.3449 0.683376
98.2 2431.24 -45.9279 -44.2623 0.683129
98.3 2426.66 -45.8443 -44.1798 0.682883
98.4 2422.09 -45.7607 -44.0975 0.682636
98.5 2417.52 -45.6774 -44.0154 0.68239
98.6 2412.97 -45.5941 -43.9334 0.682144
98.7 2408.42 -45.5111 -43.8516 0.681898
98.8 2403.88 -45.4281 -43.7699 0.681652
98.9 2399.35 -45.3454 -43.6883 0.681406
99 2394.83 -45.2627 -43.6069 0.681161
99.1 2390.32 -45.1802 -43.5257 0.680916
99.2 2385.81 -45.0979 -43.4446 0.680671
99.3 2381.31 -45.0157 -43.3636 0.680426
99.4 2376.82 -44.9337 -43.2828 0.680181
99.5 2372.34 -44.8518 -43.2021 0.679937
99.6 2367.87 -44.7701 -43.1216 0.679692
99.7 2363.4 -44.6885 -43.0413 0.679448
99.8 2358.95 -44.6071 -42.9611 0.679204
99.9 2354.5 -44.5258 -42.881 0.67896
100 2350.06 -44.4446 -42.801 0.678717
100.1 2345.63 -44.3636 -42.7213 0.678473
100.2 2341.2 -44.2828 -42.6416 0.67823
100.3 2336.79 -44.2021 -42.5621 0.677987
100.4 2332.38 -44.1215 -42.4828 0.677744
100.5 2327.98 -44.0411 -42.4036 0.677502
100.6 2323.59 -43.9608 -42.3245 0.677259
100.7 2319.2 -43.8807 -42.2456 0.677017
100.8 2314.83 -43.8007 -42.1669 0.676774
100.9 2310.46 -43.7209 -42.0882 0.676533
101 2306.1 -43.6412 -42.0097 0.676291
101.1 2301.74 -43.5617 -41.9314 0.676049
101.2 2297.4 -43.4822 -41.8532 0.675808
101.3 2293.06 -43.403 -41.7752 0.675566
101.4 2288.74 -43.3239 -41.6972 0.675325
101.5 2284.42 -43.2449 -41.6195 0.675084
101.6 2280.1 -43.1661 -41.5418 0.674844
101.7 2275.8 -43.0874 -41.4644 0.674603
101.8 2271.5 -43.0088 -41.387 0.674363
101.9 2267.21 -42.9304 -41.3098 0.674123
102 2262.93 -42.8522 -41.2327 0.673883
102.1 2258.66 -42.774 -41.1558 0.673643
102.2 2254.39 -42.6961 -41.079 0.673403
102.3 2250.13 -42.6182 -41.0024 0.673164
102.4 2245.88 -42.5405 -40.9259 0.672924
102.5 2241.64 -42.463 -40.8495 0.672685
102.6 2237.41 -42.3855 -40.7733 0.672446
102.7 2233.18 -42.3083 -40.6972 0.672207
102.8 2228.96 -42.2311 -40.6213 0.671969
102.9 2224.75 -42.1541 -40.5455 0.67173
103 2220.54 -42.0773 -40.4698 0.671492
103.1 2216.35 -42.0005 -40.3943 0.671254
103.2 2212.16 -41.924 -40.3189 0.671016
103.3 2207.98 -41.8475 -40.2436 0.670779
103.4 2203.81 -41.7712 -40.1685 0.670541
103.5 2199.64 -41.695 -40.0935 0.670304
103.6 2195.48 -41.619 -40.0187 0.670067
103.7 2191.33 -41.5431 -39.944 0.66983
103.8 2187.19 -41.4673 -39.8694 0.669593
103.9 2183.05 -41.3917 -39.7949 0.669356
104 2178.92 -41.3162 -39.7206 0.66912
104.1 2174.8 -41.2409 -39.6465 0.668883
104.2 2170.69 -41.1657 -39.5724 0.668647
104.3 2166.59 -41.0906 -39.4986 0.668411
104.4 2162.49 -41.0157 -39.4248 0.668176
104.5 2158.4 -40.9409 -39.3512 0.66794
104.6 2154.32 -40.8662 -39.2777 0.667705
104.7 2150.24 -40.7917 -39.2043 0.667469
104.8 2146.17 -40.7173 -39.1311 0.667234
104.9 2142.11 -40.643 -39.058 0.666999
105 2138.06 -40.5689 -38.985 0.666765
105.1 2134.01 -40.4949 -38.9122 0.66653
105.2 2129.97 -40.421 -38.8395 0.666296
105.3 2125.94 -40.3473 -38.767 0.666062
105.4 2121.92 -40.2737 -38.6945 0.665828
105.5 2117.9 -40.2002 -38.6222 0.665594
105.6 2113.89 -40.1269 -38.5501 0.66536
105.7 2109.89 -40.0537 -38.4781 0.665127
105.8 2105.9 -39.9806 -38.4062 0.664893
105.9 2101.91 -39.9077 -38.3344 0.66466
106 2097.93 -39.8349 -38.2627 0.664427
106.1 2093.96 -39.7622 -38.1912 0.664194
106.2 2089.99 -39.6897 -38.1199 0.663962
106.3 2086.03 -39.6173 -38.0486 0.663729
106.4 2082.08 -39.545 -37.9775 0.663497
106.5 2078.14 -39.4728 -37.9065 0.663265
106.6 2074.2 -39.4008 -37.8357 0.663033
106.7 2070.27 -39.3289 -37.7649 0.662801
106.8 2066.35 -39.2572 -37.6943 0.66257
106.9 2062.44 -39.1856 -37.6239 0.662338
107 2058.53 -39.1141 -37.5535 0.662107
107.1 2054.63 -39.0427 -37.4833 0.661876
107.2 2050.73 -38.9715 -37.4132 0.661645
107.3 2046.85 -38.9003 -37.3433 0.661415
107.4 2042.97 -38.8294 -37.2734 0.661184
107.5 2039.1 -38.7585 -37.2037 0.660954
107.6 2035.23 -38.6878 -37.1342 0.660724
107.7 2031.37 -38.6172 -37.0647 0.660494
107.8 2027.52 -38.5467 -36.9954 0.660264
107.9 2023.68 -38.4764 -36.9262 0.660034
108 2019.84 -38.4062 -36.8571 0.659805
108.1 2016.01 -38.3361 -36.7882 0.659575
108.2 2012.19 -38.2661 -36.7194 0.659346
108.3 2008.37 -38.1963 -36.6507 0.659117
108.4 2004.56 -38.1266 -36.5821 0.658888
108.5 2000.76 -38.057 -36.5137 0.65866
108.6 1996.96 -37.9875 -36.4454 0.658431
108.7 1993.18 -37.9182 -36.3772 0.658203
108.8 1989.39 -37.849 -36.3091 0.657975
108.9 1985.62 -37.7799 -36.2412 0.657747
109 1981.85 -37.7109 -36.1734 0.657519
109.1 1978.09 -37.6421 -36.1057 0.657292
109.2 1974.34 -37.5734 -36.0381 0.657064
109.3 1970.59 -37.5048 -35.9706 0.656837
109.4 1966.85 -37.4364 -35.9033 0.65661
109.5 1963.12 -37.368 -35.8361 0.656383
109.6 1959.39 -37.2998 -35.769 0.656156
109.7 1955.67 -37.2317 -35.7021 0.65593
109.8 1951.96 -37.1638 -35.6352 0.655703
109.9 1948.25 -37.0959 -35.5685 0.655477
110 1944.55 -37.0282 -35.5019 0.655251
110.1 1940.86 -36.9606 -35.4355 0.655025
110.2 1937.17 -36.8931 -35.3691 0.654799
110.3 1933.49 -36.8258 -35.3029 0.654574
110.4 1929.82 -36.7585 -35.2368 0.654348
110.5 1926.16 -36.6914 -35.1708 0.654123
110.6 1922.5 -36.6244 -35.105 0.653898
110.7 1918.84 -36.5576 -35.0392 0.653673
110.8 1915.2 -36.4908 -34.9736 0.653449
110.9 1911.56 -36.4242 -34.9081 0.653224
111 1907.93 -36.3577 -34.8427 0.653
111.1 1904.3 -36.2913 -34.7774 0.652776
111.2 1900.68 -36.225 -34.7123 0.652552
111.3 1897.07 -36.1589 -34.6473 0.652328
111.4 1893.46 -36.0929 -34.5824 0.652104
111.5 1889.86 -36.027 -34.5176 0.651881
111.6 1886.27 -35.9612 -34.4529 0.651657
111.7 1882.69 -35.8955 -34.3883 0.651434
111.8 1879.11 -35.83 -34.3239 0.651211
111.9 1875.53 -35.7645 -34.2596 0.650988
112 1871.97 -35.6992 -34.1954 0.650766
112.1 1868.41 -35.634 -34.1313 0.650543
112.2 1864.85 -35.5689 -34.0673 0.650321
112.3 1861.3 -35.504 -34.0035 0.650099
112.4 1857.76 -35.4391 -33.9398 0.649877
112.5 1854.23 -35.3744 -33.8761 0.649655
112.6 1850.7 -35.3098 -33.8126 0.649433
112.7 1847.18 -35.2453 -33.7493 0.649212
112.8 1843.67 -35.1809 -33.686 0.648991
112.9 1840.16 -35.1167 -33.6228 0.648769
113 1836.66 -35.0525 -33.5598 0.648548
113.1 1833.16 -34.9885 -33.4969 0.648328
113.2 1829.67 -34.9246 -33.4341 0.648107
113.3 1826.19 -34.8608 -33.3714 0.647887
113.4 1822.71 -34.7971 -33.3088 0.647666
113.5 1819.24 -34.7336 -33.2463 0.647446
113.6 1815.78 -34.6701 -33.184 0.647226
113.7 1812.32 -34.6068 -33.1218 0.647006
113.8 1808.87 -34.5436 -33.0596 0.646787
113.9 1805.42 -34.4805 -32.9976 0.646567
114 1801.99 -34.4175 -32.9357 0.646348
114.1 1798.55 -34.3546 -32.8739 0.646129
114.2 1795.13 -34.2918 -32.8123 0.64591
114.3 1791.71 -34.2292 -32.7507 0.645691
114.4 1788.29 -34.1666 -32.6893 0.645473
114.5 1784.89 -34.1042 -32.6279 0.645254
114.6 1781.48 -34.0419 -32.5667 0.645036
114.7 1778.09 -33.9797 -32.5056 0.644818
114.8 1774.7 -33.9176 -32.4446 0.6446
114.9 1771.32 -33.8557 -32.3837 0.644382
115 1767.94 -33.7938 -32.323 0.644165
115.1 1764.57 -33.732 -32.2623 0.643947
115.2 1761.21 -33.6704 -32.2018 0.64373
115.3 1757.85 -33.6089 -32.1413 0.643513
115.4 1754.5 -33.5475 -32.081 0.643296
115.5 1751.15 -33.4862 -32.0208 0.643079
115.6 1747.81 -33.425 -31.9607 0.642862
115.7 1744.48 -33.3639 -31.9007 0.642646
115.8 1741.15 -33.3029 -31.8408 0.64243
115.9 1737.83 -33.2421 -31.781 0.642214
116 1734.52 -33.1813 -31.7213 0.641998
116.1 1731.21 -33.1207 -31.6617 0.641782
116.2 1727.91 -33.0601 -31.6023 0.641566
116.3 1724.61 -32.9997 -31.5429 0.641351
116.4 1721.32 -32.9394 -31.4837 0.641135
116.5 1718.03 -32.8792 -31.4246 0.64092
116.6 1714.75 -32.8191 -31.3656 0.640705
116.7 1711.48 -32.7591 -31.3067 0.640491
116.8 1708.21 -32.6992 -31.2478 0.640276
116.9 1704.95 -32.6395 -31.1891 0.640062
117 1701.7 -32.5798 -31.1306 0.639847
117.1 1698.45 -32.5202 -31.0721 0.639633
117.2 1695.21 -32.4608 -31.0137 0.639419
117.3 1691.97 -32.4015 -30.9554 0.639205
117.4 1688.74 -32.3422 -30.8973 0.638992
117.5 1685.51 -32.2831 -30.8392 0.638778
117.6 1682.29 -32.2241 -30.7813 0.638565
117.7 1679.08 -32.1652 -30.7234 0.638352
117.8 1675.87 -32.1064 -30.6657 0.638139
117.9 1672.67 -32.0477 -30.608 0.637926
118 1669.47 -31.9891 -30.5505 0.637713
118.1 1666.28 -31.9306 -30.4931 0.637501
118.2 1663.1 -31.8722 -30.4358 0.637289
118.3 1659.92 -31.8139 -30.3786 0.637077
118.4 1656.75 -31.7558 -30.3215 0.636865
118.5 1653.58 -31.6977 -30.2645 0.636653
118.6 1650.42 -31.6398 -30.2076 0.636441
118.7 1647.26 -31.5819 -30.1508 0.63623
118.8 1644.11 -31.5242 -30.0941 0.636018
118.9 1640.97 -31.4665 -30.0375 0.635807
119 1637.83 -31.409 -29.981 0.635596
119.1 1634.7 -31.3515 -29.9246 0.635385
119.2 1631.57 -31.2942 -29.8683 0.635175
119.3 1628.45 -31.237 -29.8122 0.634964
119.4 1625.34 -31.1799 -29.7561 0.634754
119.5 1622.23 -31.1228 -29.7001 0.634544
119.6 1619.13 -31.0659 -29.6443 0.634333
119.7 1616.03 -31.0091 -29.5885 0.634124
119.8 1612.93 -30.9524 -29.5328 0.633914
119.9 1609.85 -30.8958 -29.4773 0.633704
120 1606.77 -30.8393 -29.4218 0.633495
120.1 1603.69 -30.7829 -29.3664 0.633286
120.2 1600.62 -30.7266 -29.3112 0.633077
120.3 1597.56 -30.6704 -29.256 0.632868
120.4 1594.5 -30.6143 -29.201 0.632659
120.5 1591.45 -30.5583 -29.146 0.632451
120.6 1588.4 -30.5024 -29.0912 0.632242
120.7 1585.36 -30.4466 -29.0364 0.632034
120.8 1582.32 -30.3909 -28.9818 0.631826
120.9 1579.29 -30.3353 -28.9272 0.631618
121 1576.26 -30.2798 -28.8728 0.63141
121.1 1573.24 -30.2244 -28.8184 0.631203
121.2 1570.23 -30.1691 -28.7641 0.630995
121.3 1567.22 -30.1139 -28.71 0.630788
121.4 1564.22 -30.0588 -28.6559 0.630581
121.5 1561.22 -30.0038 -28.602 0.630374
121.6 1558.23 -29.9489 -28.5481 0.630167
121.7 1555.24 -29.8942 -28.4944 0.62996
121.8 1552.26 -29.8395 -28.4407 0.629754
121.9 1549.28 -29.7849 -28.3871 0.629548
122 1546.31 -29.7304 -28.3337 0.629342
122.1 1543.35 -29.676 -28.2803 0.629136
122.2 1540.39 -29.6217 -28.227 0.62893
122.3 1537.44 -29.5675 -28.1739 0.628724
122.4 1534.49 -29.5134 -28.1208 0.628519
122.5 1531.54 -29.4594 -28.0678 0.628313
122.6 1528.61 -29.4055 -28.0149 0.628108
122.7 1525.67 -29.3516 -27.9621 0.627903
122.8 1522.75 -29.2979 -27.9094 0.627698
122.9 1519.83 -29.2443 -27.8569 0.627494
123 1516.91 -29.1908 -27.8044 0.627289
123.1 1514 -29.1374 -27.752 0.627085
123.2 1511.09 -29.0841 -27.6997 0.62688
123.3 1508.19 -29.0308 -27.6474 0.626676
123.4 1505.3 -28.9777 -27.5953 0.626472
123.5 1502.41 -28.9247 -27.5433 0.626269
123.6 1499.52 -28.8717 -27.4914 0.626065
123.7 1496.64 -28.8189 -27.4396 0.625862
123.8 1493.77 -28.7661 -27.3878 0.625658
123.9 1490.9 -28.7135 -27.3362 0.625455
124 1488.04 -28.6609 -27.2847 0.625252
124.1 1485.18 -28.6085 -27.2332 0.62505
124.2 1482.33 -28.5561 -27.1819 0.624847
124.3 1479.48 -28.5038 -27.1306 0.624645
124.4 1476.64 -28.4516 -27.0794 0.624442
124.5 1473.8 -28.3996 -27.0284 0.62424
124.6 1470.97 -28.3476 -26.9774 0.624038
124.7 1468.14 -28.2957 -26.9265 0.623836
124.8 1465.32 -28.2439 -26.8757 0.623635
124.9 1462.5 -28.1922 -26.825 0.623433
125 1459.69 -28.1406 -26.7744 0.623232
125.1 1456.88 -28.089 -26.7239 0.623031
125.2 1454.08 -28.0376 -26.6735 0.622829
125.3 1451.29 -27.9863 -26.6231 0.622629
125.4 1448.49 -27.935 -26.5729 0.622428
125.5 1445.71 -27.8839 -26.5228 0.622227
125.6 1442.93 -27.8328 -26.4727 0.622027
125.7 1440.15 -27.7819 -26.4227 0.621827
125.8 1437.38 -27.731 -26.3729 0.621627
125.9 1434.62 -27.6802 -26.3231 0.621427
126 1431.86 -27.6295 -26.2734 0.621227
126.1 1429.1 -27.5789 -26.2238 0.621027
126.2 1426.35 -27.5284 -26.1743 0.620828
126.3 1423.6 -27.478 -26.1249 0.620628
126.4 1420.86 -27.4277 -26.0756 0.620429
126.5 1418.13 -27.3775 -26.0263 0.62023
126.6 1415.4 -27.3273 -25.9772 0.620031
126.7 1412.67 -27.2773 -25.9281 0.619833
126.8 1409.95 -27.2273 -25.8792 0.619634
126.9 1407.24 -27.1775 -25.8303 0.619436
127 1404.53 -27.1277 -25.7815 0.619238
127.1 1401.82 -27.078 -25.7328 0.61904
127.2 1399.12 -27.0284 -25.6842 0.618842
127.3 1396.43 -26.9789 -25.6357 0.618644
127.4 1393.74 -26.9295 -25.5873 0.618446
127.5 1391.05 -26.8802 -25.5389 0.618249
127.6 1388.37 -26.8309 -25.4907 0.618052
127.7 1385.69 -26.7818 -25.4425 0.617854
127.8 1383.02 -26.7327 -25.3944 0.617657
127.9 1380.36 -26.6837 -25.3464 0.617461
128 1377.7 -26.6349 -25.2985 0.617264
128.1 1375.04 -26.5861 -25.2507 0.617067
128.2 1372.39 -26.5374 -25.203 0.616871
128.3 1369.74 -26.4887 -25.1554 0.616675
128.4 1367.1 -26.4402 -25.1078 0.616479
128.5 1364.46 -26.3918 -25.0604 0.616283
128.6 1361.83 -26.3434 -25.013 0.616087
128.7 1359.21 -26.2952 -24.9657 0.615892
128.8 1356.58 -26.247 -24.9185 0.615696
128.9 1353.97 -26.1989 -24.8714 0.615501
129 1351.35 -26.1509 -24.8243 0.615306
129.1 1348.74 -26.103 -24.7774 0.615111
129.2 1346.14 -26.0551 -24.7306 0.614916
129.3 1343.54 -26.0074 -24.6838 0.614721
129.4 1340.95 -25.9597 -24.6371 0.614527
129.5 1338.36 -25.9122 -24.5905 0.614333
129.6 1335.78 -25.8647 -24.544 0.614138
129.7 1333.2 -25.8173 -24.4976 0.613944
129.8 1330.62 -25.77 -24.4512 0.61375
129.9 1328.05 -25.7227 -24.405 0.613557
130 1325.49 -25.6756 -24.3588 0.613363
130.1 1322.93 -25.6285 -24.3127 0.61317
130.2 1320.37 -25.5816 -24.2667 0.612976
130.3 1317.82 -25.5347 -24.2208 0.612783
130.4 1315.27 -25.4879 -24.1749 0.61259
130.5 1312.73 -25.4412 -24.1292 0.612398
130.6 1310.19 -25.3945 -24.0835 0.612205
130.7 1307.66 -25.348 -24.0379 0.612012
130.8 1305.13 -25.3015 -23.9924 0.61182
130.9 1302.61 -25.2551 -23.947 0.611628
131 1300.09 -25.2089 -23.9017 0.611436
131.1 1297.58 -25.1626 -23.8564 0.611244
131.2 1295.07 -25.1165 -23.8113 0.611052
131.3 1292.56 -25.0705 -23.7662 0.61086
131.4 1290.06 -25.0245 -23.7212 0.610669
131.5 1287.57 -24.9786 -23.6762 0.610478
131.6 1285.08 -24.9328 -23.6314 0.610287
131.7 1282.59 -24.8871 -23.5867 0.610096
131.8 1280.11 -24.8415 -23.542 0.609905
131.9 1277.63 -24.796 -23.4974 0.609714
132 1275.16 -24.7505 -23.4529 0.609524
132.1 1272.69 -24.7051 -23.4084 0.609333
132.2 1270.23 -24.6598 -23.3641 0.609143
132.3 1267.77 -24.6146 -23.3198 0.608953
132.4 1265.31 -24.5695 -23.2756 0.608763
132.5 1262.86 -24.5244 -23.2315 0.608573
132.6 1260.42 -24.4794 -23.1875 0.608383
132.7 1257.98 -24.4346 -23.1436 0.608194
132.8 1255.54 -24.3897 -23.0997 0.608005
132.9 1253.11 -24.345 -23.0559 0.607815
133 1250.68 -24.3004 -23.0122 0.607626
133.1 1248.26 -24.2558 -22.9686 0.607438
133.2 1245.84 -24.2113 -22.9251 0.607249
133.3 1243.42 -24.1669 -22.8816 0.60706
133.4 1241.01 -24.1226 -22.8382 0.606872
133.5 1238.61 -24.0784 -22.7949 0.606684
133.6 1236.21 -24.0342 -22.7517 0.606495
133.7 1233.81 -23.9901 -22.7086 0.606307
133.8 1231.42 -23.9461 -22.6655 0.60612
133.9 1229.03 -23.9022 -22.6225 0.605932
134 1226.65 -23.8583 -22.5796 0.605744
134.1 1224.27 -23.8146 -22.5368 0.605557
134.2 1221.89 -23.7709 -22.494 0.60537
134.3 1219.52 -23.7273 -22.4514 0.605183
134.4 1217.15 -23.6838 -22.4088 0.604996
134.5 1214.79 -23.6403 -22.3663 0.604809
134.6 1212.44 -23.5969 -22.3238 0.604622
134.7 1210.08 -23.5537 -22.2815 0.604436
134.8 1207.73 -23.5104 -22.2392 0.604249
134.9 1205.39 -23.4673 -22.197 0.604063
135 1203.05 -23.4243 -22.1549 0.603877
135.1 1200.71 -23.3813 -22.1128 0.603691
135.2 1198.38 -23.3384 -22.0708 0.603505
135.3 1196.05 -23.2956 -22.029 0.60332
135.4 1193.73 -23.2528 -21.9871 0.603134
135.5 1191.41 -23.2101 -21.9454 0.602949
135.6 1189.1 -23.1676 -21.9037 0.602764
135.7 1186.79 -23.125 -21.8621 0.602579
135.8 1184.48 -23.0826 -21.8206 0.602394
135.9 1182.18 -23.0403 -21.7792 0.602209
136 1179.88 -22.998 -21.7378 0.602025
136.1 1177.59 -22.9558 -21.6966 0.60184
136.2 1175.3 -22.9136 -21.6554 0.601656
136.3 1173.01 -22.8716 -21.6142 0.601472
136.4 1170.73 -22.8296 -21.5732 0.601288
136.5 1168.45 -22.7877 -21.5322 0.601104
136.6 1166.18 -22.7459 -21.4913 0.60092
136.7 1163.91 -22.7041 -21.4505 0.600737
136.8 1161.65 -22.6625 -21.4097 0.600553
136.9 1159.39 -22.6209 -21.369 0.60037
137 1157.13 -22.5793 -21.3284 0.600187
137.1 1154.88 -22.5379 -21.2879 0.600004
137.2 1152.63 -22.4965 -21.2474 0.599821
137.3 1150.39 -22.4552 -21.207 0.599638
137.4 1148.15 -22.414 -21.1667 0.599456
137.5 1145.92 -22.3729 -21.1265 0.599273
137.6 1143.69 -22.3318 -21.0863 0.599091
137.7 1141.46 -22.2908 -21.0463 0.598909
137.8 1139.24 -22.2499 -21.0062 0.598727
137.9 1137.02 -22.209 -20.9663 0.598545
138 1134.8 -22.1683 -20.9264 0.598364
138.1 1132.59 -22.1276 -20.8866 0.598182
138.2 1130.38 -22.0869 -20.8469 0.598001
138.3 1128.18 -22.0464 -20.8073 0.59782
138.4 1125.98 -22.0059 -20.7677 0.597638
138.5 1123.79 -21.9655 -20.7282 0.597457
138.6 1121.6 -21.9252 -20.6888 0.597277
138.7 1119.41 -21.8849 -20.6494 0.597096
138.8 1117.23 -21.8447 -20.6101 0.596915
138.9 1115.05 -21.8046 -20.5709 0.596735
139 1112.88 -21.7646 -20.5318 0.596555
139.1 1110.71 -21.7246 -20.4927 0.596375
139.2 1108.54 -21.6847 -20.4537 0.596195
139.3 1106.38 -21.6449 -20.4148 0.596015
139.4 1104.22 -21.6051 -20.3759 0.595835
139.5 1102.06 -21.5654 -20.3372 0.595656
139.6 1099.91 -21.5258 -20.2984 0.595477
139.7 1097.77 -21.4863 -20.2598 0.595297
139.8 1095.62 -21.4468 -20.2212 0.595118
139.9 1093.49 -21.4074 -20.1827 0.594939
140 1091.35 -21.3681 -20.1443 0.59476
140.1 1089.22 -21.3289 -20.106 0.594582
140.2 1087.09 -21.2897 -20.0677 0.594403
140.3 1084.97 -21.2506 -20.0294 0.594225
140.4 1082.85 -21.2115 -19.9913 0.594047
140.5 1080.73 -21.1726 -19.9532 0.593869
140.6 1078.62 -21.1337 -19.9152 0.593691
140.7 1076.52 -21.0949 -19.8773 0.593513
140.8 1074.41 -21.0561 -19.8394 0.593335
140.9 1072.31 -21.0174 -19.8016 0.593158
141 1070.22 -20.9788 -19.7639 0.59298
141.1 1068.12 -20.9403 -19.7262 0.592803
141.2 1066.04 -20.9018 -19.6887 0.592626
141.3 1063.95 -20.8634 -19.6511 0.592449
141.4 1061.87 -20.825 -19.6137 0.592272
141.5 1059.79 -20.7868 -19.5763 0.592095
141.6 1057.72 -20.7486 -19.539 0.591919
141.7 1055.65 -20.7105 -19.5017 0.591742
141.8 1053.59 -20.6724 -19.4646 0.591566
141.9 1051.53 -20.6344 -19.4275 0.59139
142 1049.47 -20.5965 -19.3904 0.591214
142.1 1047.41 -20.5586 -19.3534 0.591038
142.2 1045.36 -20.5209 -19.3165 0.590863
142.3 1043.32 -20.4831 -19.2797 0.590687
142.4 1041.27 -20.4455 -19.2429 0.590512
142.5 1039.24 -20.4079 -19.2062 0.590336
142.6 1037.2 -20.3704 -19.1696 0.590161
142.7 1035.17 -20.333 -19.133 0.589986
142.8 1033.14 -20.2956 -19.0965 0.589811
142.9 1031.12 -20.2583 -19.0601 0.589637
143 1029.1 -20.2211 -19.0237 0.589462
143.1 1027.08 -20.1839 -18.9874 0.589288
143.2 1025.07 -20.1468 -18.9512 0.589113
143.3 1023.06 -20.1097 -18.9151 0.588939
143.4 1021.05 -20.0728 -18.879 0.588765
143.5 1019.05 -20.0359 -18.8429 0.588591
143.6 1017.05 -19.999 -18.807 0.588417
143.7 1015.06 -19.9623 -18.7711 0.588244
143.8 1013.07 -19.9256 -18.7352 0.58807
143.9 1011.08 -19.8889 -18.6995 0.587897
144 1009.1 -19.8524 -18.6638 0.587724
144.1 1007.12 -19.8159 -18.6281 0.587551
144.2 1005.14 -19.7794 -18.5926 0.587378
144.3 1003.17 -19.7431 -18.557 0.587205
144.4 1001.2 -19.7068 -18.5216 0.587032
144.5 999.235 -19.6705 -18.4862 0.58686
144.6 997.274 -19.6344 -18.4509 0.586687
144.7 995.316 -19.5983 -18.4157 0.586515
144.8 993.361 -19.5622 -18.3805 0.586343
144.9 991.41 -19.5262 -18.3454 0.586171
145 989.463 -19.4903 -18.3103 0.585999
145.1 987.519 -19.4545 -18.2753 0.585828
145.2 985.579 -19.4187 -18.2404 0.585656
145.3 983.643 -19.383 -18.2056 0.585485
145.4 981.71 -19.3473 -18.1708 0.585313
145.5 979.78 -19.3118 -18.136 0.585142
145.6 977.855 -19.2762 -18.1014 0.584971
145.7 975.932 -19.2408 -18.0668 0.5848
145.8 974.013 -19.2054 -18.0322 0.584629
145.9 972.098 -19.1701 -17.9978 0.584459
146 970.187 -19.1348 -17.9634 0.584288
146.1 968.278 -19.0996 -17.929 0.584118
146.2 966.374 -19.0645 -17.8947 0.583948
146.3 964.472 -19.0294 -17.8605 0.583778
146.4 962.575 -18.9944 -17.8263 0.583608
146.5 960.681 -18.9594 -17.7923 0.583438
146.6 958.79 -18.9246 -17.7582 0.583268
146.7 956.903 -18.8897 -17.7242 0.583099
146.8 955.019 -18.855 -17.6903 0.582929
146.9 953.139 -18.8203 -17.6565 0.58276
147 951.262 -18.7857 -17.6227 0.582591
147.1 949.388 -18.7511 -17.589 0.582422
147.2 947.518 -18.7166 -17.5553 0.582253
147.3 945.652 -18.6822 -17.5217 0.582084
147.4 943.789 -18.6478 -17.4882 0.581916
147.5 941.929 -18.6135 -17.4547 0.581747
147.6 940.073 -18.5792 -17.4213 0.581579
147.7 938.22 -18.545 -17.388 0.581411
147.8 936.371 -18.5109 -17.3547 0.581243
147.9 934.525 -18.4768 -17.3214 0.581075
148 932.682 -18.4428 -17.2883 0.580907
148.1 930.843 -18.4089 -17.2552 0.580739
148.2 929.007 -18.375 -17.2221 0.580572
148.3 927.175 -18.3412 -17.1891 0.580404
148.4 925.346 -18.3074 -17.1562 0.580237
148.5 923.52 -18.2737 -17.1234 0.58007
148.6 921.698 -18.2401 -17.0906 0.579903
148.7 919.879 -18.2065 -17.0578 0.579736
148.8 918.063 -18.173 -17.0251 0.579569
148.9 916.251 -18.1395 -16.9925 0.579403
149 914.442 -18.1061 -16.96 0.579236
149.1 912.636 -18.0728 -16.9275 0.57907
149.2 910.834 -18.0395 -16.895 0.578904
149.3 909.035 -18.0063 -16.8626 0.578738
149.4 907.239 -17.9732 -16.8303 0.578572
149.5 905.447 -17.9401 -16.798 0.578406
149.6 903.658 -17.907 -16.7658 0.57824
149.7 901.872 -17.8741 -16.7337 0.578075
149.8 900.09 -17.8412 -16.7016 0.577909
149.9 898.311 -17.8083 -16.6696 0.577744
150 896.535 -17.7755 -16.6376 0.577579
150.1 894.762 -17.7428 -16.6057 0.577414
150.2 892.993 -17.7101 -16.5739 0.577249
150.3 891.227 -17.6775 -16.5421 0.577084
150.4 889.464 -17.6449 -16.5103 0.576919
150.5 887.704 -17.6124 -16.4787 0.576755
150.6 885.948 -17.58 -16.4471 0.576591
150.7 884.195 -17.5476 -16.4155 0.576426
150.8 882.445 -17.5153 -16.384 0.576262
150.9 880.698 -17.4831 -16.3526 0.576098
151 878.954 -17.4509 -16.3212 0.575934
151.1 877.214 -17.4187 -16.2899 0.575771
151.2 875.477 -17.3866 -16.2586 0.575607
151.3 873.743 -17.3546 -16.2274 0.575443
151.4 872.013 -17.3226 -16.1962 0.57528
151.5 870.285 -17.2907 -16.1651 0.575117
151.6 868.561 -17.2589 -16.1341 0.574954
151.7 866.84 -17.2271 -16.1031 0.574791
151.8 865.122 -17.1953 -16.0722 0.574628
151.9 863.407 -17.1637 -16.0413 0.574465
152 861.695 -17.132 -16.0105 0.574303
152.1 859.987 -17.1005 -15.9798 0.57414
152.2 858.282 -17.069 -15.9491 0.573978
152.3 856.579 -17.0375 -15.9184 0.573816
152.4 854.88 -17.0061 -15.8878 0.573654
152.5 853.184 -16.9748 -15.8573 0.573492
152.6 851.492 -16.9435 -15.8268 0.57333
152.7 849.802 -16.9123 -15.7964 0.573168
152.8 848.115 -16.8811 -15.7661 0.573007
152.9 846.432 -16.85 -15.7358 0.572845
153 844.752 -16.8189 -15.7055 0.572684
153.1 843.074 -16.788 -15.6753 0.572523
153.2 841.4 -16.757 -15.6452 0.572362
153.3 839.729 -16.7261 -15.6151 0.572201
153.4 838.061 -16.6953 -15.5851 0.57204
153.5 836.396 -16.6645 -15.5551 0.571879
153.6 834.734 -16.6338 -15.5252 0.571719
153.7 833.076 -16.6032 -15.4954 0.571558
153.8 831.42 -16.5725 -15.4656 0.571398
153.9 829.767 -16.542 -15.4358 0.571238
154 828.118 -16.5115 -15.4061 0.571078
154.1 826.471 -16.4811 -15.3765 0.570918
154.2 824.827 -16.4507 -15.3469 0.570758
154.3 823.187 -16.4204 -15.3174 0.570598
154.4 821.549 -16.3901 -15.2879 0.570439
154.5 819.915 -16.3599 -15.2585 0.570279
154.6 818.283 -16.3297 -15.2291 0.57012
154.7 816.655 -16.2996 -15.1998 0.569961
154.8 815.03 -16.2695 -15.1705 0.569802
154.9 813.407 -16.2395 -15.1413 0.569643
155 811.788 -16.2096 -15.1122 0.569484
155.1 810.171 -16.1797 -15.0831 0.569325
155.2 808.558 -16.1499 -15.054 0.569167
155.3 806.947 -16.1201 -15.025 0.569008
155.4 805.34 -16.0904 -14.9961 0.56885
155.5 803.735 -16.0607 -14.9672 0.568692
155.6 802.133 -16.0311 -14.9384 0.568534
155.7 800.535 -16.0015 -14.9096 0.568376
155.8 798.939 -15.972 -14.8809 0.568218
155.9 797.346 -15.9425 -14.8522 0.568061
156 795.756 -15.9131 -14.8236 0.567903
156.1 794.169 -15.8838 -14.795 0.567745
156.2 792.585 -15.8545 -14.7665 0.567588
156.3 791.004 -15.8252 -14.7381 0.567431
156.4 789.426 -15.796 -14.7097 0.567274
156.5 787.851 -15.7669 -14.6813 0.567117
156.6 786.279 -15.7378 -14.653 0.56696
156.7 784.709 -15.7088 -14.6248 0.566803
156.8 783.143 -15.6798 -14.5966 0.566647
156.9 781.579 -15.6509 -14.5684 0.56649
157 780.018 -15.622 -14.5403 0.566334
157.1 778.46 -15.5932 -14.5123 0.566178
157.2 776.905 -15.5644 -14.4843 0.566022
157.3 775.353 -15.5357 -14.4564 0.565866
157.4 773.804 -15.507 -14.4285 0.56571
157.5 772.258 -15.4784 -14.4006 0.565554
157.6 770.714 -15.4498 -14.3729 0.565399
157.7 769.173 -15.4213 -14.3451 0.565243
157.8 767.635 -15.3929 -14.3174 0.565088
157.9 766.1 -15.3645 -14.2898 0.564932
158 764.568 -15.3361 -14.2622 0.564777
158.1 763.039 -15.3078 -14.2347 0.564622
158.2 761.512 -15.2796 -14.2072 0.564467
158.3 759.989 -15.2514 -14.1798 0.564313
158.4 758.468 -15.2232 -14.1524 0.564158
158.5 756.95 -15.1951 -14.1251 0.564003
158.6 755.434 -15.1671 -14.0978 0.563849
158.7 753.922 -15.1391 -14.0706 0.563695
158.8 752.412 -15.1111 -14.0434 0.563541
158.9 750.905 -15.0832 -14.0163 0.563387
159 749.401 -15.0554 -13.9892 0.563233
159.1 747.9 -15.0276 -13.9622 0.563079
159.2 746.401 -14.9998 -13.9352 0.562925
159.3 744.905 -14.9722 -13.9083 0.562771
159.4 743.412 -14.9445 -13.8814 0.562618
159.5 741.922 -14.9169 -13.8546 0.562465
159.6 740.434 -14.8894 -13.8278 0.562311
159.7 738.949 -14.8619 -13.8011 0.562158
159.8 737.467 -14.8344 -13.7744 0.562005
159.9 735.988 -14.807 -13.7478 0.561853
160 734.511 -14.7797 -13.7212 0.5617
160.1 733.038 -14.7524 -13.6947 0.561547
160.2 731.566 -14.7252 -13.6682 0.561395
160.3 730.098 -14.698 -13.6418 0.561242
160.4 728.632 -14.6708 -13.6154 0.56109
160.5 727.169 -14.6437 -13.589 0.560938
160.6 725.709 -14.6167 -13.5628 0.560786
160.7 724.251 -14.5897 -13.5365 0.560634
160.8 722.796 -14.5627 -13.5103 0.560482
160.9 721.344 -14.5358 -13.4842 0.56033
161 719.895 -14.509 -13.4581 0.560179
161.1 718.448 -14.4822 -13.4321 0.560027
161.2 717.003 -14.4554 -13.4061 0.559876
161.3 715.562 -14.4287 -13.3801 0.559725
161.4 714.123 -14.4021 -13.3542 0.559574
161.5 712.687 -14.3755 -13.3284 0.559423
161.6 711.253 -14.3489 -13.3026 0.559272
161.7 709.822 -14.3224 -13.2768 0.559121
161.8 708.394 -14.2959 -13.2511 0.55897
161.9 706.968 -14.2695 -13.2254 0.55882
162 705.545 -14.2432 -13.1998 0.558669
162.1 704.125 -14.2168 -13.1743 0.558519
162.2 702.707 -14.1906 -13.1487 0.558369
162.3 701.292 -14.1644 -13.1233 0.558219
162.4 699.88 -14.1382 -13.0978 0.558069
162.5 698.47 -14.1121 -13.0725 0.557919
162.6 697.062 -14.086 -13.0471 0.557769
162.7 695.658 -14.0599 -13.0218 0.55762
162.8 694.256 -14.034 -12.9966 0.55747
162.9 692.856 -14.008 -12.9714 0.557321
163 691.459 -13.9821 -12.9463 0.557172
163.1 690.065 -13.9563 -12.9212 0.557022
163.2 688.673 -13.9305 -12.8961 0.556873
163.3 687.284 -13.9047 -12.8711 0.556725
163.4 685.897 -13.879 -12.8462 0.556576
163.5 684.513 -13.8534 -12.8212 0.556427
163.6 683.132 -13.8278 -12.7964 0.556278
163.7 681.753 -13.8022 -12.7716 0.55613
163.8 680.376 -13.7767 -12.7468 0.555982
163.9 679.003 -13.7512 -12.722 0.555833
164 677.631 -13.7258 -12.6974 0.555685
164.1 676.263 -13.7004 -12.6727 0.555537
164.2 674.896 -13.6751 -12.6481 0.555389
164.3 673.533 -13.6498 -12.6236 0.555242
164.4 672.171 -13.6246 -12.5991 0.555094
164.5 670.813 -13.5994 -12.5746 0.554946
164.6 669.457 -13.5742 -12.5502 0.554799
164.7 668.103 -13.5491 -12.5259 0.554652
164.8 666.752 -13.5241 -12.5015 0.554504
164.9 665.403 -13.499 -12.4773 0.554357
165 664.057 -13.4741 -12.453 0.55421
165.1 662.713 -13.4492 -12.4288 0.554063
165.2 661.372 -13.4243 -12.4047 0.553916
165.3 660.033 -13.3994 -12.3806 0.55377
165.4 658.697 -13.3747 -12.3565 0.553623
165.5 657.363 -13.3499 -12.3325 0.553477
165.6 656.032 -13.3252 -12.3086 0.55333
165.7 654.703 -13.3006 -12.2847 0.553184
165.8 653.377 -13.276 -12.2608 0.553038
165.9 652.053 -13.2514 -12.237 0.552892
166 650.732 -13.2269 -12.2132 0.552746
166.1 649.412 -13.2024 -12.1894 0.5526
166.2 648.096 -13.178 -12.1657 0.552455
166.3 646.782 -13.1536 -12.1421 0.552309
166.4 645.47 -13.1293 -12.1185 0.552164
166.5 644.161 -13.105 -12.0949 0.552018
166.6 642.854 -13.0807 -12.0714 0.551873
166.7 641.549 -13.0565 -12.0479 0.551728
166.8 640.247 -13.0324 -12.0245 0.551583
166.9 638.948 -13.0083 -12.0011 0.551438
167 637.651 -12.9842 -11.9777 0.551293
167.1 636.356 -12.9601 -11.9544 0.551149
167.2 635.063 -12.9362 -11.9311 0.551004
167.3 633.773 -12.9122 -11.9079 0.55086
167.4 632.486 -12.8883 -11.8847 0.550715
167.5 631.2 -12.8645 -11.8616 0.550571
167.6 629.918 -12.8407 -11.8385 0.550427
167.7 628.637 -12.8169 -11.8155 0.550283
167.8 627.359 -12.7932 -11.7925 0.550139
167.9 626.083 -12.7695 -11.7695 0.549995
168 624.81 -12.7458 -11.7466 0.549851
168.1 623.539 -12.7222 -11.7237 0.549708
168.2 622.27 -12.6987 -11.7009 0.549564
168.3 621.004 -12.6752 -11.6781 0.549421
168.4 619.74 -12.6517 -11.6553 0.549278
168.5 618.478 -12.6283 -11.6326 0.549135
168.6 617.219 -12.6049 -11.6099 0.548991
168.7 615.962 -12.5816 -11.5873 0.548849
168.8 614.707 -12.5583 -11.5647 0.548706
168.9 613.455 -12.535 -11.5422 0.548563
169 612.205 -12.5118 -11.5197 0.54842
169.1 610.957 -12.4886 -11.4972 0.548278
169.2 609.712 -12.4655 -11.4748 0.548135
169.3 608.469 -12.4424 -11.4524 0.547993
169.4 607.228 -12.4194 -11.4301 0.547851
169.5 605.989 -12.3964 -11.4078 0.547709
169.6 604.753 -12.3734 -11.3856 0.547567
169.7 603.519 -12.3505 -11.3633 0.547425
169.8 602.288 -12.3276 -11.3412 0.547283
169.9 601.058 -12.3048 -11.319 0.547141
170 599.831 -12.282 -11.297 0.547
170.1 598.606 -12.2592 -11.2749 0.546858
170.2 597.384 -12.2365 -11.2529 0.546717
170.3 596.164 -12.2138 -11.2309 0.546576
170.4 594.946 -12.1912 -11.209 0.546435
170.5 593.73 -12.1686 -11.1871 0.546294
170.6 592.516 -12.1461 -11.1653 0.546153
170.7 591.305 -12.1236 -11.1435 0.546012
170.8 590.096 -12.1011 -11.1217 0.545871
170.9 588.889 -12.0787 -11.1 0.54573
171 587.685 -12.0563 -11.0783 0.54559
171.1 586.483 -12.0339 -11.0567 0.545449
171.2 585.283 -12.0116 -11.0351 0.545309
171.3 584.085 -11.9894 -11.0135 0.545169
171.4 582.889 -11.9671 -10.992 0.545029
171.5 581.696 -11.945 -10.9705 0.544889
171.6 580.505 -11.9228 -10.9491 0.544749
171.7 579.316 -11.9007 -10.9277 0.544609
171.8 578.129 -11.8787 -10.9063 0.544469
171.9 576.944 -11.8566 -10.885 0.54433
172 575.762 -11.8347 -10.8637 0.54419
172.1 574.582 -11.8127 -10.8425 0.544051
172.2 573.404 -11.7908 -10.8213 0.543912
172.3 572.228 -11.769 -10.8001 0.543773
172.4 571.054 -11.7471 -10.779 0.543634
172.5 569.883 -11.7254 -10.7579 0.543495
172.6 568.714 -11.7036 -10.7368 0.543356
172.7 567.547 -11.6819 -10.7158 0.543217
172.8 566.382 -11.6603 -10.6949 0.543078
172.9 565.219 -11.6386 -10.6739 0.54294
173 564.058 -11.6171 -10.653 0.542801
173.1 562.9 -11.5955 -10.6322 0.542663
173.2 561.743 -11.574 -10.6114 0.542525
173.3 560.589 -11.5525 -10.5906 0.542387
173.4 559.437 -11.5311 -10.5699 0.542248
173.5 558.287 -11.5097 -10.5492 0.542111
173.6 557.139 -11.4884 -10.5285 0.541973
173.7 555.994 -11.4671 -10.5079 0.541835
173.8 554.85 -11.4458 -10.4873 0.541697
173.9 553.709 -11.4246 -10.4668 0.54156
174 552.57 -11.4034 -10.4463 0.541422
174.1 551.432 -11.3822 -10.4258 0.541285
174.2 550.297 -11.3611 -10.4054 0.541148
174.3 549.164 -11.34 -10.385 0.541011
174.4 548.034 -11.319 -10.3646 0.540874
174.5 546.905 -11.298 -10.3443 0.540737
174.6 545.778 -11.277 -10.324 0.5406
174.7 544.654 -11.2561 -10.3038 0.540463
174.8 543.531 -11.2352 -10.2836 0.540326
174.9 542.411 -11.2143 -10.2634 0.54019
175 541.292 -11.1935 -10.2433 0.540053
175.1 540.176 -11.1728 -10.2232 0.539917
175.2 539.062 -11.152 -10.2031 0.539781
175.3 537.95 -11.1313 -10.1831 0.539645
175.4 536.84 -11.1107 -10.1631 0.539509
175.5 535.732 -11.09 -10.1432 0.539373
175.6 534.626 -11.0695 -10.1233 0.539237
175.7 533.522 -11.0489 -10.1034 0.539101
175.8 532.42 -11.0284 -10.0836 0.538965
175.9 531.321 -11.0079 -10.0638 0.53883
176 530.223 -10.9875 -10.044 0.538694
176.1 529.127 -10.9671 -10.0243 0.538559
176.2 528.034 -10.9467 -10.0046 0.538424
176.3 526.942 -10.9264 -9.98495 0.538289
176.4 525.852 -10.9061 -9.96534 0.538154
176.5 524.765 -10.8859 -9.94577 0.538019
176.6 523.679 -10.8656 -9.92623 0.537884
176.7 522.596 -10.8455 -9.90672 0.537749
176.8 521.514 -10.8253 -9.88725 0.537614
176.9 520.435 -10.8052 -9.86782 0.53748
177 519.357 -10.7852 -9.84843 0.537345
177.1 518.282 -10.7651 -9.82907 0.537211
177.2 517.208 -10.7451 -9.80975 0.537077
177.3 516.137 -10.7252 -9.79046 0.536943
177.4 515.067 -10.7052 -9.77121 0.536808
177.5 513.999 -10.6854 -9.75199 0.536674
177.6 512.934 -10.6655 -9.73281 0.536541
177.7 511.87 -10.6457 -9.71367 0.536407
177.8 510.809 -10.6259 -9.69456 0.536273
177.9 509.749 -10.6062 -9.67548 0.536139
178 508.691 -10.5865 -9.65645 0.536006
178.1 507.636 -10.5668 -9.63744 0.535873
178.2 506.582 -10.5472 -9.61848 0.535739
178.3 505.53 -10.5276 -9.59954 0.535606
178.4 504.48 -10.508 -9.58065 0.535473
178.5 503.433 -10.4885 -9.56179 0.53534
178.6 502.387 -10.469 -9.54296 0.535207
178.7 501.343 -10.4495 -9.52417 0.535074
178.8 500.301 -10.4301 -9.50541 0.534941
178.9 499.26 -10.4107 -9.48669 0.534809
179 498.222 -10.3914 -9.468 0.534676
179.1 497.186 -10.3721 -9.44935 0.534544
179.2 496.152 -10.3528 -9.43073 0.534411
179.3 495.119 -10.3335 -9.41215 0.534279
179.4 494.089 -10.3143 -9.3936 0.534147
179.5 493.06 -10.2952 -9.37509 0.534015
179.6 492.034 -10.276 -9.35661 0.533883
179.7 491.009 -10.2569 -9.33816 0.533751
179.8 489.986 -10.2378 -9.31975 0.533619
179.9 488.965 -10.2188 -9.30137 0.533488
180 487.946 -10.1998 -9.28303 0.533356
180.1 486.929 -10.1808 -9.26472 0.533224
180.2 485.914 -10.1619 -9.24645 0.533093
180.3 484.9 -10.143 -9.22821 0.532962
180.4 483.889 -10.1242 -9.21 0.53283
180.5 482.879 -10.1053 -9.19183 0.532699
180.6 481.872 -10.0865 -9.17369 0.532568
180.7 480.866 -10.0678 -9.15558 0.532437
180.8 479.862 -10.049 -9.13751 0.532306
180.9 478.86 -10.0304 -9.11947 0.532176
181 477.859 -10.0117 -9.10147 0.532045
181.1 476.861 -9.99307 -9.0835 0.531914
181.2 475.865 -9.97448 -9.06556 0.531784
181.3 474.87 -9.95593 -9.04766 0.531654
181.4 473.877 -9.9374 -9.02979 0.531523
181.5 472.886 -9.91892 -9.01195 0.531393
181.6 471.897 -9.90046 -8.99415 0.531263
181.7 470.91 -9.88204 -8.97637 0.531133
181.8 469.924 -9.86365 -8.95864 0.531003
181.9 468.941 -9.8453 -8.94093 0.530873
182 467.959 -9.82698 -8.92326 0.530743
182.1 466.979 -9.80869 -8.90562 0.530614
182.2 466.001 -9.79043 -8.88801 0.530484
182.3 465.024 -9.77221 -8.87044 0.530355
182.4 464.05 -9.75403 -8.8529 0.530225
182.5 463.077 -9.73587 -8.83539 0.530096
182.6 462.106 -9.71775 -8.81792 0.529967
182.7 461.137 -9.69966 -8.80047 0.529838
182.8 460.17 -9.6816 -8.78306 0.529709
182.9 459.205 -9.66358 -8.76568 0.52958
183 458.241 -9.64559 -8.74834 0.529451
183.1 457.279 -9.62763 -8.73102 0.529322
183.2 456.319 -9.60971 -8.71374 0.529193
183.3 455.361 -9.59182 -8.69649 0.529065
183.4 454.404 -9.57396 -8.67928 0.528936
183.5 453.45 -9.55613 -8.66209 0.528808
183.6 452.497 -9.53834 -8.64494 0.52868
183.7 451.545 -9.52057 -8.62782 0.528551
183.8 450.596 -9.50284 -8.61073 0.528423
183.9 449.648 -9.48515 -8.59367 0.528295
184 448.703 -9.46748 -8.57665 0.528167
184.1 447.758 -9.44985 -8.55965 0.528039
184.2 446.816 -9.43225 -8.54269 0.527912
184.3 445.875 -9.41468 -8.52576 0.527784
184.4 444.937 -9.39714 -8.50886 0.527656
184.5 444 -9.37964 -8.49199 0.527529
184.6 443.064 -9.36216 -8.47516 0.527401
184.7 442.131 -9.34472 -8.45835 0.527274
184.8 441.199 -9.32731 -8.44158 0.527147
184.9 440.269 -9.30993 -8.42484 0.52702
185 439.34 -9.29259 -8.40812 0.526893
185.1 438.414 -9.27527 -8.39144 0.526766
185.2 437.489 -9.25799 -8.3748 0.526639
185.3 436.565 -9.24074 -8.35818 0.526512
185.4 435.644 -9.22352 -8.34159 0.526385
185.5 434.724 -9.20633 -8.32503 0.526259
185.6 433.806 -9.18917 -8.30851 0.526132
185.7 432.89 -9.17204 -8.29202 0.526006
185.8 431.975 -9.15495 -8.27555 0.525879
185.9 431.062 -9.13788 -8.25912 0.525753
186 430.151 -9.12085 -8.24272 0.525627
186.1 429.241 -9.10385 -8.22635 0.525501
186.2 428.334 -9.08688 -8.21 0.525375
186.3 427.427 -9.06994 -8.19369 0.525249
186.4 426.523 -9.05303 -8.17741 0.525123
186.5 425.62 -9.03615 -8.16116 0.524997
186.6 424.719 -9.0193 -8.14494 0.524872
186.7 423.82 -9.00248 -8.12875 0.524746
186.8 422.922 -8.9857 -8.1126 0.524621
186.9 422.026 -8.96894 -8.09647 0.524495
187 421.132 -8.95222 -8.08037 0.52437
187.1 420.239 -8.93552 -8.0643 0.524245
187.2 419.348 -8.91886 -8.04826 0.52412
187.3 418.458 -8.90222 -8.03225 0.523994
187.4 417.571 -8.88562 -8.01627 0.523869
187.5 416.685 -8.86904 -8.00032 0.523745
187.6 415.8 -8.8525 -7.9844 0.52362
187.7 414.917 -8.83599 -7.96851 0.523495
187.8 414.036 -8.8195 -7.95265 0.52337
187.9 413.157 -8.80305 -7.93682 0.523246
188 412.279 -8.78663 -7.92102 0.523121
188.1 411.403 -8.77023 -7.90525 0.522997
188.2 410.528 -8.75387 -7.88951 0.522873
188.3 409.655 -8.73754 -7.87379 0.522749
188.4 408.784 -8.72123 -7.85811 0.522624
188.5 407.914 -8.70496 -7.84246 0.5225
188.6 407.046 -8.68871 -7.82683 0.522376
188.7 406.18 -8.6725 -7.81123 0.522253
188.8 405.315 -8.65631 -7.79567 0.522129
188.9 404.452 -8.64015 -7.78013 0.522005
189 403.59 -8.62403 -7.76462 0.521881
189.1 402.73 -8.60793 -7.74914 0.521758
189.2 401.872 -8.59186 -7.73369 0.521634
189.3 401.015 -8.57582 -7.71827 0.521511
189.4 400.16 -8.55981 -7.70288 0.521388
189.5 399.306 -8.54383 -7.68751 0.521265
189.6 398.454 -8.52788 -7.67217 0.521141
189.7 397.604 -8.51196 -7.65687 0.521018
189.8 396.755 -8.49607 -7.64159 0.520895
189.9 395.908 -8.4802 -7.62634 0.520773
190 395.062 -8.46437 -7.61112 0.52065
190.1 394.218 -8.44856 -7.59592 0.520527
190.2 393.376 -8.43278 -7.58076 0.520404
190.3 392.535 -8.41703 -7.56562 0.520282
190.4 391.695 -8.40131 -7.55051 0.520159
190.5 390.857 -8.38562 -7.53543 0.520037
190.6 390.021 -8.36996 -7.52038 0.519915
190.7 389.187 -8.35432 -7.50536 0.519793
190.8 388.354 -8.33872 -7.49036 0.51967
190.9 387.522 -8.32314 -7.4754 0.519548
191 386.692 -8.30759 -7.46046 0.519426
191.1 385.864 -8.29207 -7.44554 0.519305
191.2 385.037 -8.27657 -7.43066 0.519183
191.3 384.211 -8.26111 -7.4158 0.519061
191.4 383.388 -8.24567 -7.40098 0.518939
191.5 382.565 -8.23026 -7.38618 0.518818
191.6 381.745 -8.21488 -7.3714 0.518696
191.7 380.925 -8.19953 -7.35666 0.518575
191.8 380.108 -8.18421 -7.34194 0.518454
191.9 379.292 -8.16891 -7.32725 0.518332
192 378.477 -8.15364 -7.31259 0.518211
192.1 377.664 -8.1384 -7.29795 0.51809
192.2 376.852 -8.12319 -7.28334 0.517969
192.3 376.042 -8.108 -7.26876 0.517848
192.4 375.234 -8.09285 -7.25421 0.517727
192.5 374.427 -8.07772 -7.23968 0.517607
192.6 373.621 -8.06261 -7.22518 0.517486
192.7 372.817 -8.04754 -7.21071 0.517365
192.8 372.015 -8.03249 -7.19627 0.517245
192.9 371.214 -8.01747 -7.18185 0.517124
193 370.414 -8.00248 -7.16746 0.517004
193.1 369.616 -7.98751 -7.15309 0.516884
193.2 368.82 -7.97257 -7.13876 0.516764
193.3 368.025 -7.95766 -7.12445 0.516643
193.4 367.231 -7.94278 -7.11016 0.516523
193.5 366.439 -7.92792 -7.0959 0.516403
193.6 365.649 -7.91309 -7.08167 0.516284
193.7 364.859 -7.89829 -7.06747 0.516164
193.8 364.072 -7.88351 -7.05329 0.516044
193.9 363.286 -7.86877 -7.03914 0.515924
194 362.501 -7.85404 -7.02502 0.515805
194.1 361.718 -7.83935 -7.01092 0.515685
194.2 360.936 -7.82468 -6.99685 0.515566
194.3 360.156 -7.81004 -6.98281 0.515447
194.4 359.377 -7.79542 -6.96879 0.515327
194.5 358.6 -7.78084 -6.95479 0.515208
194.6 357.824 -7.76627 -6.94083 0.515089
194.7 357.049 -7.75174 -6.92689 0.51497
194.8 356.276 -7.73723 -6.91297 0.514851
194.9 355.505 -7.72275 -6.89909 0.514732
195 354.735 -7.70829 -6.88522 0.514614
195.1 353.966 -7.69386 -6.87139 0.514495
195.2 353.199 -7.67946 -6.85758 0.514376
195.3 352.433 -7.66508 -6.84379 0.514258
195.4 351.669 -7.65073 -6.83004 0.514139
195.5 350.906 -7.63641 -6.8163 0.514021
195.6 350.144 -7.62211 -6.8026 0.513902
195.7 349.384 -7.60784 -6.78891 0.513784
195.8 348.626 -7.59359 -6.77526 0.513666
195.9 347.868 -7.57937 -6.76163 0.513548
196 347.112 -7.56517 -6.74802 0.51343
196.1 346.358 -7.55101 -6.73445 0.513312
196.2 345.605 -7.53686 -6.72089 0.513194
196.3 344.854 -7.52275 -6.70736 0.513076
196.4 344.103 -7.50865 -6.69386 0.512959
196.5 343.355 -7.49459 -6.68038 0.512841
196.6 342.607 -7.48055 -6.66693 0.512723
196.7 341.861 -7.46653 -6.6535 0.512606
196.8 341.117 -7.45254 -6.6401 0.512489
196.9 340.374 -7.43858 -6.62672 0.512371
197 339.632 -7.42464 -6.61337 0.512254
197.1 338.891 -7.41073 -6.60005 0.512137
197.2 338.152 -7.39684 -6.58674 0.51202
197.3 337.415 -7.38298 -6.57347 0.511903
197.4 336.679 -7.36914 -6.56022 0.511786
197.5 335.944 -7.35533 -6.54699 0.511669
197.6 335.21 -7.34155 -6.53379 0.511552
197.7 334.478 -7.32778 -6.52061 0.511435
197.8 333.748 -7.31405 -6.50746 0.511319
197.9 333.018 -7.30034 -6.49433 0.511202
198 332.29 -7.28665 -6.48122 0.511086
198.1 331.564 -7.27299 -6.46814 0.510969
198.2 330.838 -7.25935 -6.45509 0.510853
198.3 330.114 -7.24574 -6.44206 0.510737
198.4 329.392 -7.23216 -6.42905 0.51062
198.5 328.671 -7.21859 -6.41607 0.510504
198.6 327.951 -7.20506 -6.40312 0.510388
198.7 327.232 -7.19154 -6.39018 0.510272
198.8 326.515 -7.17806 -6.37727 0.510156
198.9 325.799 -7.16459 -6.36439 0.51004
199 325.085 -7.15115 -6.35153 0.509925
199.1 324.372 -7.13774 -6.33869 0.509809
199.2 323.66 -7.12435 -6.32588 0.509693
199.3 322.95 -7.11098 -6.3131 0.509578
199.4 322.241 -7.09764 -6.30033 0.509462
199.5 321.533 -7.08433 -6.28759 0.509347
199.6 320.826 -7.07103 -6.27488 0.509232
199.7 320.121 -7.05777 -6.26218 0.509116
199.8 319.418 -7.04452 -6.24952 0.509001
199.9 318.715 -7.0313 -6.23687 0.508886
200 318.014 -7.01811 -6.22425 0.508771
200.1 317.314 -7.00493 -6.21165 0.508656
200.2 316.616 -6.99179 -6.19908 0.508541
200.3 315.918 -6.97866 -6.18653 0.508426
200.4 315.222 -6.96556 -6.174 0.508312
200.5 314.528 -6.95249 -6.1615 0.508197
200.6 313.835 -6.93943 -6.14902 0.508082
200.7 313.143 -6.92641 -6.13657 0.507968
200.8 312.452 -6.9134 -6.12413 0.507853
200.9 311.762 -6.90042 -6.11172 0.507739
201 311.074 -6.88746 -6.09934 0.507625
201.1 310.388 -6.87453 -6.08698 0.507511
201.2 309.702 -6.86162 -6.07464 0.507396
201.3 309.018 -6.84873 -6.06232 0.507282
201.4 308.335 -6.83587 -6.05003 0.507168
201.5 307.653 -6.82303 -6.03776 0.507054
201.6 306.973 -6.81021 -6.02551 0.50694
201.7 306.294 -6.79742 -6.01329 0.506827
201.8 305.616 -6.78465 -6.00109 0.506713
201.9 304.939 -6.7719 -5.98891 0.506599
202 304.264 -6.75918 -5.97675 0.506486
202.1 303.59 -6.74648 -5.96462 0.506372
202.2 302.917 -6.7338 -5.95251 0.506259
202.3 302.246 -6.72115 -5.94042 0.506145
202.4 301.576 -6.70852 -5.92836 0.506032
202.5 300.907 -6.69591 -5.91632 0.505919
202.6 300.239 -6.68333 -5.9043 0.505806
202.7 299.572 -6.67077 -5.8923 0.505692
202.8 298.907 -6.65823 -5.88033 0.505579
202.9 298.243 -6.64571 -5.86838 0.505466
203 297.581 -6.63322 -5.85645 0.505354
203.1 296.919 -6.62075 -5.84455 0.505241
203.2 296.259 -6.6083 -5.83266 0.505128
203.3 295.6 -6.59588 -5.8208 0.505015
203.4 294.942 -6.58347 -5.80896 0.504903
203.5 294.286 -6.57109 -5.79714 0.50479
203.6 293.631 -6.55874 -5.78535 0.504678
203.7 292.977 -6.5464 -5.77358 0.504565
203.8 292.324 -6.53409 -5.76183 0.504453
203.9 291.672 -6.5218 -5.7501 0.504341
204 291.022 -6.50953 -5.73839 0.504228
204.1 290.373 -6.49729 -5.72671 0.504116
204.2 289.725 -6.48507 -5.71505 0.504004
204.3 289.078 -6.47287 -5.70341 0.503892
204.4 288.433 -6.46069 -5.69179 0.50378
204.5 287.788 -6.44853 -5.68019 0.503668
204.6 287.145 -6.4364 -5.66862 0.503557
204.7 286.504 -6.42429 -5.65706 0.503445
204.8 285.863 -6.4122 -5.64553 0.503333
204.9 285.224 -6.40013 -5.63402 0.503222
205 284.585 -6.38809 -5.62254 0.50311
205.1 283.948 -6.37606 -5.61107 0.502999
205.2 283.313 -6.36406 -5.59963 0.502887
205.3 282.678 -6.35208 -5.5882 0.502776
205.4 282.044 -6.34012 -5.5768 0.502665
205.5 281.412 -6.32819 -5.56542 0.502554
205.6 280.781 -6.31627 -5.55406 0.502443
205.7 280.151 -6.30438 -5.54272 0.502332
205.8 279.523 -6.29251 -5.53141 0.502221
205.9 278.895 -6.28066 -5.52011 0.50211
206 278.269 -6.26884 -5.50884 0.501999
206.1 277.644 -6.25703 -5.49759 0.501888
206.2 277.02 -6.24524 -5.48636 0.501777
206.3 276.397 -6.23348 -5.47515 0.501667
206.4 275.776 -6.22174 -5.46396 0.501556
206.5 275.155 -6.21002 -5.45279 0.501446
206.6 274.536 -6.19832 -5.44165 0.501335
206.7 273.918 -6.18664 -5.43052 0.501225
206.8 273.301 -6.17499 -5.41942 0.501114
206.9 272.685 -6.16335 -5.40833 0.501004
207 272.071 -6.15174 -5.39727 0.500894
207.1 271.457 -6.14015 -5.38623 0.500784
207.2 270.845 -6.12858 -5.37521 0.500674
207.3 270.234 -6.11703 -5.36421 0.500564
207.4 269.624 -6.1055 -5.35323 0.500454
207.5 269.015 -6.09399 -5.34227 0.500344
207.6 268.407 -6.0825 -5.33133 0.500234
207.7 267.801 -6.07104 -5.32041 0.500125
207.8 267.195 -6.05959 -5.30952 0.500015
207.9 266.591 -6.04817 -5.29864 0.499905
208 265.988 -6.03676 -5.28778 0.499796
208.1 265.386 -6.02538 -5.27695 0.499687
208.2 264.785 -6.01402 -5.26613 0.499577
208.3 264.185 -6.00268 -5.25534 0.499468
208.4 263.587 -5.99136 -5.24456 0.499359
208.5 262.989 -5.98006 -5.23381 0.499249
208.6 262.393 -5.96878 -5.22308 0.49914
208.7 261.798 -5.95752 -5.21236 0.499031
208.8 261.204 -5.94628 -5.20167 0.498922
208.9 260.611 -5.93506 -5.191 0.498813
209 260.019 -5.92387 -5.18034 0.498704
209.1 259.428 -5.91269 -5.16971 0.498596
209.2 258.839 -5.90153 -5.1591 0.498487
209.3 258.25 -5.8904 -5.14851 0.498378
209.4 257.663 -5.87928 -5.13793 0.49827
209.5 257.077 -5.86819 -5.12738 0.498161
209.6 256.492 -5.85711 -5.11685 0.498053
209.7 255.907 -5.84605 -5.10633 0.497944
209.8 255.325 -5.83502 -5.09584 0.497836
209.9 254.743 -5.82401 -5.08537 0.497727
210 254.162 -5.81301 -5.07491 0.497619
210.1 253.582 -5.80204 -5.06448 0.497511
210.2 253.004 -5.79108 -5.05407 0.497403
210.3 252.426 -5.78015 -5.04367 0.497295
210.4 251.85 -5.76923 -5.0333 0.497187
210.5 251.275 -5.75834 -5.02294 0.497079
210.6 250.7 -5.74746 -5.01261 0.496971
210.7 250.127 -5.73661 -5.00229 0.496863
210.8 249.555 -5.72577 -4.99199 0.496756
210.9 248.984 -5.71496 -4.98172 0.496648
211 248.414 -5.70416 -4.97146 0.49654
211.1 247.846 -5.69338 -4.96122 0.496433
211.2 247.278 -5.68263 -4.951 0.496325
211.3 246.711 -5.67189 -4.9408 0.496218
211.4 246.146 -5.66117 -4.93062 0.496111
211.5 245.581 -5.65048 -4.92046 0.496003
211.6 245.018 -5.6398 -4.91032 0.495896
211.7 244.455 -5.62914 -4.90019 0.495789
211.8 243.894 -5.6185 -4.89009 0.495682
211.9 243.334 -5.60788 -4.88001 0.495575
212 242.774 -5.59728 -4.86994 0.495468
212.1 242.216 -5.5867 -4.85989 0.495361
212.2 241.659 -5.57614 -4.84987 0.495254
212.3 241.103 -5.5656 -4.83986 0.495147
212.4 240.548 -5.55507 -4.82987 0.495041
212.5 239.994 -5.54457 -4.8199 0.494934
212.6 239.441 -5.53408 -4.80995 0.494827
212.7 238.89 -5.52362 -4.80001 0.494721
212.8 238.339 -5.51317 -4.7901 0.494614
212.9 237.789 -5.50274 -4.7802 0.494508
213 237.24 -5.49233 -4.77033 0.494402
213.1 236.693 -5.48194 -4.76047 0.494295
213.2 236.146 -5.47157 -4.75063 0.494189
213.3 235.6 -5.46122 -4.74081 0.494083
213.4 235.056 -5.45089 -4.73101 0.493977
213.5 234.512 -5.44058 -4.72122 0.493871
213.6 233.97 -5.43028 -4.71146 0.493765
213.7 233.428 -5.42 -4.70171 0.493659
213.8 232.888 -5.40975 -4.69198 0.493553
213.9 232.348 -5.39951 -4.68227 0.493447
214 231.81 -5.38929 -4.67258 0.493341
214.1 231.273 -5.37909 -4.66291 0.493236
214.2 230.736 -5.3689 -4.65325 0.49313
214.3 230.201 -5.35874 -4.64362 0.493025
214.4 229.666 -5.34859 -4.634 0.492919
214.5 229.133 -5.33846 -4.6244 0.492814
214.6 228.601 -5.32836 -4.61481 0.492708
214.7 228.069 -5.31827 -4.60525 0.492603
214.8 227.539 -5.30819 -4.59571 0.492498
214.9 227.01 -5.29814 -4.58618 0.492392
215 226.482 -5.2881 -4.57667 0.492287
215.1 225.954 -5.27809 -4.56718 0.492182
215.2 225.428 -5.26809 -4.5577 0.492077
215.3 224.903 -5.25811 -4.54825 0.491972
215.4 224.378 -5.24815 -4.53881 0.491867
215.5 223.855 -5.2382 -4.52939 0.491762
215.6 223.333 -5.22828 -4.51999 0.491658
215.7 222.811 -5.21837 -4.5106 0.491553
215.8 222.291 -5.20848 -4.50124 0.491448
215.9 221.772 -5.19861 -4.49189 0.491344
216 221.253 -5.18875 -4.48256 0.491239
216.1 220.736 -5.17892 -4.47324 0.491135
216.2 220.219 -5.1691 -4.46395 0.49103
216.3 219.704 -5.1593 -4.45467 0.490926
216.4 219.189 -5.14952 -4.44541 0.490821
216.5 218.676 -5.13975 -4.43617 0.490717
216.6 218.163 -5.13001 -4.42694 0.490613
216.7 217.652 -5.12028 -4.41773 0.490509
216.8 217.141 -5.11057 -4.40854 0.490405
216.9 216.632 -5.10087 -4.39937 0.490301
217 216.123 -5.0912 -4.39022 0.490197
217.1 215.615 -5.08154 -4.38108 0.490093
217.2 215.109 -5.0719 -4.37196 0.489989
217.3 214.603 -5.06228 -4.36285 0.489885
217.4 214.098 -5.05267 -4.35377 0.489781
217.5 213.594 -5.04309 -4.3447 0.489678
217.6 213.092 -5.03352 -4.33565 0.489574
217.7 212.59 -5.02396 -4.32661 0.48947
217.8 212.089 -5.01443 -4.3176 0.489367
217.9 211.589 -5.00491 -4.30859 0.489263
218 211.09 -4.99541 -4.29961 0.48916
218.1 210.591 -4.98593 -4.29065 0.489057
218.2 210.094 -4.97646 -4.2817 0.488953
218.3 209.598 -4.96702 -4.27276 0.48885
218.4 209.103 -4.95758 -4.26385 0.488747
218.5 208.608 -4.94817 -4.25495 0.488644
218.6 208.115 -4.93877 -4.24607 0.488541
218.7 207.623 -4.92939 -4.23721 0.488438
218.8 207.131 -4.92003 -4.22836 0.488335
218.9 206.64 -4.91069 -4.21953 0.488232
219 206.151 -4.90136 -4.21071 0.488129
219.1 205.662 -4.89205 -4.20192 0.488026
219.2 205.174 -4.88275 -4.19313 0.487924
219.3 204.687 -4.87348 -4.18437 0.487821
219.4 204.201 -4.86422 -4.17562 0.487718
219.5 203.716 -4.85497 -4.16689 0.487616
219.6 203.232 -4.84575 -4.15818 0.487513
219.7 202.749 -4.83654 -4.14948 0.487411
219.8 202.267 -4.82734 -4.1408 0.487309
219.9 201.785 -4.81817 -4.13214 0.487206
220 201.305 -4.80901 -4.12349 0.487104
220.1 200.825 -4.79987 -4.11486 0.487002
220.2 200.347 -4.79074 -4.10624 0.4869
220.3 199.869 -4.78163 -4.09764 0.486798
220.4 199.392 -4.77254 -4.08906 0.486695
220.5 198.916 -4.76346 -4.08049 0.486593
220.6 198.441 -4.7544 -4.07194 0.486492
220.7 197.967 -4.74536 -4.06341 0.48639
220.8 197.494 -4.73633 -4.05489 0.486288
220.9 197.022 -4.72732 -4.04639 0.486186
221 196.55 -4.71833 -4.03791 0.486084
221.1 196.08 -4.70935 -4.02944 0.485983
221.2 195.61 -4.70039 -4.02099 0.485881
221.3 195.142 -4.69145 -4.01255 0.48578
221.4 194.674 -4.68252 -4.00413 0.485678
221.5 194.207 -4.67361 -3.99572 0.485577
221.6 193.741 -4.66471 -3.98734 0.485475
221.7 193.276 -4.65583 -3.97896 0.485374
221.8 192.811 -4.64697 -3.97061 0.485273
221.9 192.348 -4.63812 -3.96227 0.485171
222 191.886 -4.62929 -3.95394 0.48507
222.1 191.424 -4.62048 -3.94563 0.484969
222.2 190.963 -4.61168 -3.93734 0.484868
222.3 190.503 -4.6029 -3.92906 0.484767
222.4 190.044 -4.59413 -3.9208 0.484666
222.5 189.586 -4.58538 -3.91255 0.484565
222.6 189.129 -4.57665 -3.90432 0.484464
222.7 188.673 -4.56793 -3.89611 0.484363
222.8 188.217 -4.55923 -3.88791 0.484263
222.9 187.763 -4.55054 -3.87973 0.484162
223 187.309 -4.54187 -3.87156 0.484061
223.1 186.856 -4.53321 -3.86341 0.483961
223.2 186.404 -4.52457 -3.85527 0.48386
223.3 185.953 -4.51595 -3.84715 0.48376
223.4 185.503 -4.50734 -3.83905 0.483659
223.5 185.053 -4.49875 -3.83096 0.483559
223.6 184.605 -4.49017 -3.82288 0.483459
223.7 184.157 -4.48161 -3.81482 0.483358
223.8 183.71 -4.47307 -3.80678 0.483258
223.9 183.264 -4.46454 -3.79875 0.483158
224 182.819 -4.45603 -3.79074 0.483058
224.1 182.374 -4.44753 -3.78274 0.482958
224.2 181.931 -4.43905 -3.77476 0.482858
224.3 181.488 -4.43058 -3.76679 0.482758
224.4 181.046 -4.42213 -3.75884 0.482658
224.5 180.606 -4.41369 -3.7509 0.482558
224.6 180.165 -4.40527 -3.74298 0.482458
224.7 179.726 -4.39686 -3.73507 0.482359
224.8 179.288 -4.38847 -3.72718 0.482259
224.9 178.85 -4.3801 -3.7193 0.482159
225 178.413 -4.37174 -3.71144 0.48206
225.1 177.977 -4.3634 -3.70359 0.48196
225.2 177.542 -4.35507 -3.69576 0.481861
225.3 177.108 -4.34675 -3.68795 0.481761
225.4 176.675 -4.33845 -3.68014 0.481662
225.5 176.242 -4.33017 -3.67236 0.481563
225.6 175.81 -4.3219 -3.66458 0.481463
225.7 175.379 -4.31365 -3.65683 0.481364
225.8 174.949 -4.30541 -3.64909 0.481265
225.9 174.52 -4.29719 -3.64136 0.481166
226 174.091 -4.28898 -3.63365 0.481067
226.1 173.664 -4.28079 -3.62595 0.480968
226.2 173.237 -4.27261 -3.61826 0.480869
226.3 172.811 -4.26445 -3.6106 0.48077
226.4 172.386 -4.2563 -3.60294 0.480671
226.5 171.961 -4.24816 -3.5953 0.480572
226.6 171.538 -4.24004 -3.58768 0.480474
226.7 171.115 -4.23194 -3.58007 0.480375
226.8 170.693 -4.22385 -3.57247 0.480276
226.9 170.272 -4.21578 -3.56489 0.480178
227 169.851 -4.20772 -3.55732 0.480079
227.1 169.432 -4.19967 -3.54977 0.479981
227.2 169.013 -4.19164 -3.54223 0.479882
227.3 168.595 -4.18363 -3.53471 0.479784
227.4 168.178 -4.17563 -3.5272 0.479685
227.5 167.761 -4.16764 -3.51971 0.479587
227.6 167.346 -4.15967 -3.51223 0.479489
227.7 166.931 -4.15171 -3.50476 0.479391
227.8 166.517 -4.14377 -3.49731 0.479293
227.9 166.104 -4.13584 -3.48987 0.479194
228 165.692 -4.12793 -3.48245 0.479096
228.1 165.28 -4.12003 -3.47504 0.478998
228.2 164.869 -4.11215 -3.46764 0.4789
228.3 164.459 -4.10428 -3.46026 0.478803
228.4 164.05 -4.09642 -3.4529 0.478705
228.5 163.641 -4.08858 -3.44554 0.478607
228.6 163.234 -4.08075 -3.43821 0.478509
228.7 162.827 -4.07294 -3.43088 0.478411
228.8 162.421 -4.06514 -3.42357 0.478314
228.9 162.015 -4.05736 -3.41628 0.478216
229 161.611 -4.04959 -3.40899 0.478119
229.1 161.207 -4.04183 -3.40173 0.478021
229.2 160.804 -4.03409 -3.39447 0.477924
229.3 160.402 -4.02636 -3.38723 0.477826
229.4 160 -4.01865 -3.38 0.477729
229.5 159.599 -4.01095 -3.37279 0.477632
229.6 159.2 -4.00326 -3.36559 0.477534
229.7 158.8 -3.99559 -3.35841 0.477437
229.8 158.402 -3.98794 -3.35124 0.47734
229.9 158.004 -3.98029 -3.34408 0.477243
230 157.607 -3.97266 -3.33693 0.477146
230.1 157.211 -3.96505 -3.3298 0.477049
230.2 156.816 -3.95745 -3.32269 0.476952
230.3 156.421 -3.94986 -3.31558 0.476855
230.4 156.027 -3.94229 -3.30849 0.476758
230.5 155.634 -3.93473 -3.30142 0.476661
230.6 155.242 -3.92718 -3.29436 0.476564
230.7 154.85 -3.91965 -3.28731 0.476468
230.8 154.46 -3.91213 -3.28027 0.476371
230.9 154.07 -3.90462 -3.27325 0.476274
231 153.68 -3.89713 -3.26624 0.476178
231.1 153.292 -3.88966 -3.25925 0.476081
231.2 152.904 -3.88219 -3.25227 0.475985
231.3 152.517 -3.87474 -3.2453 0.475888
231.4 152.13 -3.86731 -3.23835 0.475792
231.5 151.745 -3.85988 -3.2314 0.475696
231.6 151.36 -3.85247 -3.22448 0.475599
231.7 150.976 -3.84508 -3.21756 0.475503
231.8 150.592 -3.8377 -3.21066 0.475407
231.9 150.21 -3.83033 -3.20377 0.475311
232 149.828 -3.82297 -3.1969 0.475215
232.1 149.446 -3.81563 -3.19004 0.475119
232.2 149.066 -3.8083 -3.18319 0.475023
232.3 148.686 -3.80099 -3.17635 0.474927
232.4 148.307 -3.79369 -3.16953 0.474831
232.5 147.929 -3.7864 -3.16272 0.474735
232.6 147.551 -3.77912 -3.15593 0.474639
232.7 147.175 -3.77186 -3.14914 0.474543
232.8 146.799 -3.76461 -3.14237 0.474448
232.9 146.423 -3.75738 -3.13562 0.474352
233 146.048 -3.75015 -3.12887 0.474256
233.1 145.675 -3.74295 -3.12214 0.474161
233.2 145.301 -3.73575 -3.11542 0.474065
233.3 144.929 -3.72857 -3.10872 0.47397
233.4 144.557 -3.7214 -3.10203 0.473874
233.5 144.186 -3.71424 -3.09535 0.473779
233.6 143.816 -3.7071 -3.08868 0.473684
233.7 143.446 -3.69997 -3.08203 0.473588
233.8 143.077 -3.69285 -3.07539 0.473493
233.9 142.709 -3.68575 -3.06876 0.473398
234 142.341 -3.67866 -3.06214 0.473303
234.1 141.975 -3.67158 -3.05554 0.473208
234.2 141.608 -3.66451 -3.04895 0.473112
234.3 141.243 -3.65746 -3.04237 0.473017
234.4 140.878 -3.65042 -3.03581 0.472922
234.5 140.514 -3.6434 -3.02926 0.472828
234.6 140.151 -3.63638 -3.02272 0.472733
234.7 139.788 -3.62938 -3.01619 0.472638
234.8 139.427 -3.62239 -3.00968 0.472543
234.9 139.065 -3.61542 -3.00318 0.472448
235 138.705 -3.60846 -2.99669 0.472354
235.1 138.345 -3.60151 -2.99021 0.472259
235.2 137.986 -3.59457 -2.98375 0.472164
235.3 137.628 -3.58764 -2.9773 0.47207
235.4 137.27 -3.58073 -2.97086 0.471975
235.5 136.913 -3.57383 -2.96443 0.471881
235.6 136.556 -3.56695 -2.95802 0.471786
235.7 136.201 -3.56007 -2.95161 0.471692
235.8 135.846 -3.55321 -2.94522 0.471598
235.9 135.492 -3.54636 -2.93885 0.471503
236 135.138 -3.53953 -2.93248 0.471409
236.1 134.785 -3.5327 -2.92613 0.471315
236.2 134.433 -3.52589 -2.91979 0.471221
236.3 134.081 -3.51909 -2.91346 0.471127
236.4 133.73 -3.51231 -2.90714 0.471032
236.5 133.38 -3.50553 -2.90084 0.470938
236.6 133.031 -3.49877 -2.89455 0.470844
236.7 132.682 -3.49202 -2.88827 0.470751
236.8 132.333 -3.48529 -2.882 0.470657
236.9 131.986 -3.47856 -2.87575 0.470563
237 131.639 -3.47185 -2.8695 0.470469
237.1 131.293 -3.46515 -2.86327 0.470375
237.2 130.947 -3.45846 -2.85705 0.470281
237.3 130.603 -3.45179 -2.85085 0.470188
237.4 130.258 -3.44512 -2.84465 0.470094
237.5 129.915 -3.43847 -2.83847 0.470001
237.6 129.572 -3.43183 -2.8323 0.469907
237.7 129.23 -3.4252 -2.82614 0.469814
237.8 128.888 -3.41859 -2.81999 0.46972
237.9 128.547 -3.41199 -2.81385 0.469627
238 128.207 -3.4054 -2.80773 0.469533
238.1 127.868 -3.39882 -2.80162 0.46944
238.2 127.529 -3.39225 -2.79552 0.469347
238.3 127.191 -3.3857 -2.78943 0.469254
238.4 126.853 -3.37915 -2.78335 0.46916
238.5 126.516 -3.37262 -2.77729 0.469067
238.6 126.18 -3.36611 -2.77123 0.468974
238.7 125.844 -3.3596 -2.76519 0.468881
238.8 125.509 -3.3531 -2.75916 0.468788
238.9 125.175 -3.34662 -2.75315 0.468695
239 124.841 -3.34015 -2.74714 0.468602
239.1 124.508 -3.33369 -2.74114 0.468509
239.2 124.176 -3.32724 -2.73516 0.468416
239.3 123.844 -3.32081 -2.72919 0.468324
239.4 123.513 -3.31438 -2.72323 0.468231
239.5 123.182 -3.30797 -2.71728 0.468138
239.6 122.852 -3.30157 -2.71134 0.468045
239.7 122.523 -3.29518 -2.70542 0.467953
239.8 122.195 -3.28881 -2.6995 0.46786
239.9 121.867 -3.28244 -2.6936 0.467768
240 121.539 -3.27609 -2.68771 0.467675
240.1 121.213 -3.26974 -2.68183 0.467583
240.2 120.887 -3.26341 -2.67596 0.46749
240.3 120.561 -3.25709 -2.6701 0.467398
240.4 120.237 -3.25079 -2.66426 0.467306
240.5 119.912 -3.24449 -2.65842 0.467213
240.6 119.589 -3.23821 -2.6526 0.467121
240.7 119.266 -3.23193 -2.64679 0.467029
240.8 118.944 -3.22567 -2.64099 0.466937
240.9 118.622 -3.21942 -2.6352 0.466845
241 118.301 -3.21318 -2.62942 0.466753
241.1 117.981 -3.20696 -2.62365 0.466661
241.2 117.661 -3.20074 -2.6179 0.466569
241.3 117.342 -3.19454 -2.61215 0.466477
241.4 117.023 -3.18834 -2.60642 0.466385
241.5 116.705 -3.18216 -2.6007 0.466293
241.6 116.388 -3.17599 -2.59499 0.466201
241.7 116.071 -3.16983 -2.58929 0.466109
241.8 115.755 -3.16369 -2.5836 0.466018
241.9 115.44 -3.15755 -2.57792 0.465926
242 115.125 -3.15142 -2.57225 0.465834
242.1 114.811 -3.14531 -2.5666 0.465743
242.2 114.497 -3.13921 -2.56095 0.465651
242.3 114.184 -3.13311 -2.55532 0.465559
242.4 113.872 -3.12703 -2.54969 0.465468
242.5 113.56 -3.12096 -2.54408 0.465377
242.6 113.249 -3.11491 -2.53848 0.465285
242.7 112.938 -3.10886 -2.53289 0.465194
242.8 112.628 -3.10282 -2.52731 0.465102
242.9 112.319 -3.0968 -2.52174 0.465011
243 112.01 -3.09078 -2.51618 0.46492
243.1 111.702 -3.08478 -2.51064 0.464829
243.2 111.394 -3.07879 -2.5051 0.464738
243.3 111.087 -3.07281 -2.49957 0.464646
243.4 110.781 -3.06684 -2.49406 0.464555
243.5 110.475 -3.06088 -2.48856 0.464464
243.6 110.17 -3.05493 -2.48306 0.464373
243.7 109.865 -3.04899 -2.47758 0.464282
243.8 109.561 -3.04306 -2.47211 0.464192
243.9 109.258 -3.03715 -2.46665 0.464101
244 108.955 -3.03124 -2.46119 0.46401
244.1 108.653 -3.02535 -2.45575 0.463919
244.2 108.351 -3.01947 -2.45032 0.463828
244.3 108.05 -3.01359 -2.4449 0.463738
244.4 107.75 -3.00773 -2.4395 0.463647
244.5 107.45 -3.00188 -2.4341 0.463556
244.6 107.151 -2.99604 -2.42871 0.463466
244.7 106.852 -2.99021 -2.42333 0.463375
244.8 106.554 -2.98439 -2.41797 0.463285
244.9 106.256 -2.97858 -2.41261 0.463194
245 105.959 -2.97278 -2.40726 0.463104
245.1 105.663 -2.967 -2.40193 0.463013
245.2 105.367 -2.96122 -2.3966 0.462923
245.3 105.072 -2.95545 -2.39129 0.462833
245.4 104.777 -2.9497 -2.38599 0.462742
245.5 104.483 -2.94395 -2.38069 0.462652
245.6 104.189 -2.93822 -2.37541 0.462562
245.7 103.896 -2.93249 -2.37013 0.462472
245.8 103.604 -2.92678 -2.36487 0.462382
245.9 103.312 -2.92108 -2.35962 0.462292
246 103.021 -2.91538 -2.35438 0.462202
246.1 102.73 -2.9097 -2.34914 0.462112
246.2 102.44 -2.90403 -2.34392 0.462022
246.3 102.151 -2.89837 -2.33871 0.461932
246.4 101.862 -2.89272 -2.33351 0.461842
246.5 101.573 -2.88708 -2.32832 0.461752
246.6 101.285 -2.88145 -2.32313 0.461662
246.7 100.998 -2.87583 -2.31796 0.461573
246.8 100.711 -2.87022 -2.3128 0.461483
246.9 100.425 -2.86462 -2.30765 0.461393
247 100.139 -2.85903 -2.30251 0.461303
247.1 99.8543 -2.85345 -2.29738 0.461214
247.2 99.5698 -2.84788 -2.29226 0.461124
247.3 99.2859 -2.84232 -2.28715 0.461035
247.4 99.0025 -2.83677 -2.28204 0.460945
247.5 98.7196 -2.83123 -2.27695 0.460856
247.6 98.4373 -2.8257 -2.27187 0.460766
247.7 98.1556 -2.82019 -2.2668 0.460677
247.8 97.8744 -2.81468 -2.26174 0.460588
247.9 97.5938 -2.80918 -2.25669 0.460498
248 97.3137 -2.80369 -2.25165 0.460409
248.1 97.0341 -2.79821 -2.24661 0.46032
248.2 96.7551 -2.79275 -2.24159 0.460231
248.3 96.4767 -2.78729 -2.23658 0.460142
248.4 96.1987 -2.78184 -2.23158 0.460053
248.5 95.9214 -2.7764 -2.22658 0.459964
248.6 95.6445 -2.77097 -2.2216 0.459875
248.7 95.3683 -2.76556 -2.21663 0.459786
248.8 95.0925 -2.76015 -2.21167 0.459697
248.9 94.8173 -2.75475 -2.20671 0.459608
249 94.5426 -2.74936 -2.20177 0.459519
249.1 94.2685 -2.74398 -2.19683 0.45943
249.2 93.9949 -2.73861 -2.19191 0.459341
249.3 93.7219 -2.73326 -2.18699 0.459252
249.4 93.4493 -2.72791 -2.18209 0.459164
249.5 93.1773 -2.72257 -2.17719 0.459075
249.6 92.9059 -2.71724 -2.17231 0.458986
249.7 92.635 -2.71192 -2.16743 0.458898
249.8 92.3646 -2.70661 -2.16256 0.458809
249.9 92.0947 -2.70131 -2.1577 0.458721
250 91.8254 -2.69602 -2.15286 0.458632
250.1 91.5566 -2.69074 -2.14802 0.458544
250.2 91.2883 -2.68547 -2.14319 0.458455
250.3 91.0205 -2.6802 -2.13837 0.458367
250.4 90.7533 -2.67495 -2.13356 0.458279
250.5 90.4866 -2.66971 -2.12876 0.45819
250.6 90.2204 -2.66448 -2.12397 0.458102
250.7 89.9547 -2.65925 -2.11918 0.458014
250.8 89.6896 -2.65404 -2.11441 0.457926
250.9 89.425 -2.64884 -2.10965 0.457838
251 89.1608 -2.64364 -2.1049 0.457749
251.1 88.8973 -2.63846 -2.10015 0.457661
251.2 88.6342 -2.63328 -2.09542 0.457573
251.3 88.3716 -2.62812 -2.09069 0.457485
251.4 88.1096 -2.62296 -2.08597 0.457397
251.5 87.8481 -2.61781 -2.08127 0.457309
251.6 87.5871 -2.61267 -2.07657 0.457222
251.7 87.3266 -2.60755 -2.07188 0.457134
251.8 87.0666 -2.60243 -2.0672 0.457046
251.9 86.8071 -2.59732 -2.06253 0.456958
252 86.5481 -2.59222 -2.05787 0.45687
252.1 86.2897 -2.58713 -2.05321 0.456783
252.2 86.0317 -2.58205 -2.04857 0.456695
252.3 85.7743 -2.57697 -2.04394 0.456607
252.4 85.5173 -2.57191 -2.03931 0.45652
252.5 85.2609 -2.56686 -2.0347 0.456432
252.6 85.005 -2.56181 -2.03009 0.456345
252.7 84.7496 -2.55678 -2.02549 0.456257
252.8 84.4946 -2.55175 -2.0209 0.45617
252.9 84.2402 -2.54673 -2.01632 0.456082
253 83.9863 -2.54173 -2.01175 0.455995
253.1 83.7329 -2.53673 -2.00719 0.455907
253.2 83.4799 -2.53174 -2.00264 0.45582
253.3 83.2275 -2.52676 -1.9981 0.455733
253.4 82.9756 -2.52179 -1.99356 0.455646
253.5 82.7241 -2.51683 -1.98903 0.455558
253.6 82.4732 -2.51187 -1.98452 0.455471
253.7 82.2228 -2.50693 -1.98001 0.455384
253.8 81.9728 -2.502 -1.97551 0.455297
253.9 81.7233 -2.49707 -1.97102 0.45521
254 81.4744 -2.49215 -1.96654 0.455123
254.1 81.2259 -2.48725 -1.96207 0.455036
254.2 80.9779 -2.48235 -1.9576 0.454949
254.3 80.7304 -2.47746 -1.95315 0.454862
254.4 80.4834 -2.47258 -1.9487 0.454775
254.5 80.2369 -2.46771 -1.94426 0.454688
254.6 79.9908 -2.46284 -1.93983 0.454602
254.7 79.7453 -2.45799 -1.93541 0.454515
254.8 79.5002 -2.45314 -1.931 0.454428
254.9 79.2556 -2.44831 -1.9266 0.454341
255 79.0115 -2.44348 -1.92221 0.454255
255.1 78.7679 -2.43866 -1.91782 0.454168
255.2 78.5247 -2.43385 -1.91345 0.454081
255.3 78.2821 -2.42905 -1.90908 0.453995
255.4 78.0399 -2.42426 -1.90472 0.453908
255.5 77.7982 -2.41948 -1.90037 0.453822
255.6 77.5569 -2.4147 -1.89602 0.453735
255.7 77.3162 -2.40994 -1.89169 0.453649
255.8 77.0759 -2.40518 -1.88737 0.453563
255.9 76.8361 -2.40043 -1.88305 0.453476
256 76.5968 -2.39569 -1.87874 0.45339
256.1 76.3579 -2.39096 -1.87444 0.453304
256.2 76.1195 -2.38624 -1.87015 0.453217
256.3 75.8816 -2.38152 -1.86587 0.453131
256.4 75.6441 -2.37682 -1.86159 0.453045
256.5 75.4072 -2.37212 -1.85733 0.452959
256.6 75.1707 -2.36744 -1.85307 0.452873
256.7 74.9346 -2.36276 -1.84882 0.452787
256.8 74.699 -2.35809 -1.84458 0.452701
256.9 74.4639 -2.35342 -1.84035 0.452615
257 74.2293 -2.34877 -1.83613 0.452529
257.1 73.9951 -2.34413 -1.83191 0.452443
257.2 73.7614 -2.33949 -1.82771 0.452357
257.3 73.5281 -2.33486 -1.82351 0.452271
257.4 73.2953 -2.33024 -1.81932 0.452185
257.5 73.063 -2.32563 -1.81513 0.452099
257.6 72.8311 -2.32103 -1.81096 0.452014
257.7 72.5997 -2.31643 -1.8068 0.451928
257.8 72.3688 -2.31185 -1.80264 0.451842
257.9 72.1383 -2.30727 -1.79849 0.451756
258 71.9082 -2.3027 -1.79435 0.451671
258.1 71.6786 -2.29814 -1.79022 0.451585
258.2 71.4495 -2.29359 -1.78609 0.4515
258.3 71.2208 -2.28905 -1.78197 0.451414
258.4 70.9926 -2.28451 -1.77787 0.451329
258.5 70.7648 -2.27998 -1.77377 0.451243
258.6 70.5375 -2.27546 -1.76968 0.451158
258.7 70.3106 -2.27095 -1.76559 0.451072
258.8 70.0842 -2.26645 -1.76152 0.450987
258.9 69.8583 -2.26196 -1.75745 0.450902
259 69.6327 -2.25747 -1.75339 0.450816
259.1 69.4077 -2.25299 -1.74934 0.450731
259.2 69.183 -2.24852 -1.74529 0.450646
259.3 68.9588 -2.24406 -1.74126 0.450561
259.4 68.7351 -2.23961 -1.73723 0.450476
259.5 68.5118 -2.23516 -1.73321 0.45039
259.6 68.289 -2.23073 -1.7292 0.450305
259.7 68.0666 -2.2263 -1.7252 0.45022
259.8 67.8446 -2.22188 -1.7212 0.450135
259.9 67.6231 -2.21747 -1.71722 0.45005
260 67.402 -2.21306 -1.71324 0.449965
260.1 67.1813 -2.20867 -1.70926 0.44988
260.2 66.9611 -2.20428 -1.7053 0.449796
260.3 66.7413 -2.1999 -1.70134 0.449711
260.4 66.522 -2.19553 -1.6974 0.449626
260.5 66.3031 -2.19116 -1.69346 0.449541
260.6 66.0846 -2.18681 -1.68952 0.449456
260.7 65.8666 -2.18246 -1.6856 0.449372
260.8 65.649 -2.17812 -1.68168 0.449287
260.9 65.4319 -2.17378 -1.67777 0.449202
261 65.2151 -2.16946 -1.67387 0.449118
261.1 64.9988 -2.16514 -1.66998 0.449033
261.2 64.783 -2.16084 -1.66609 0.448948
261.3 64.5675 -2.15653 -1.66222 0.448864
261.4 64.3525 -2.15224 -1.65835 0.448779
261.5 64.1379 -2.14796 -1.65448 0.448695
261.6 63.9238 -2.14368 -1.65063 0.448611
261.7 63.7101 -2.13941 -1.64678 0.448526
261.8 63.4968 -2.13515 -1.64294 0.448442
261.9 63.2839 -2.1309 -1.63911 0.448357
262 63.0714 -2.12665 -1.63529 0.448273
262.1 62.8594 -2.12241 -1.63147 0.448189
262.2 62.6478 -2.11818 -1.62766 0.448105
262.3 62.4366 -2.11396 -1.62386 0.44802
262.4 62.2258 -2.10975 -1.62007 0.447936
262.5 62.0155 -2.10554 -1.61628 0.447852
262.6 61.8056 -2.10134 -1.6125 0.447768
262.7 61.5961 -2.09715 -1.60873 0.447684
262.8 61.387 -2.09296 -1.60497 0.4476
262.9 61.1783 -2.08879 -1.60121 0.447516
263 60.9701 -2.08462 -1.59746 0.447432
263.1 60.7622 -2.08046 -1.59372 0.447348
263.2 60.5548 -2.07631 -1.58999 0.447264
263.3 60.3478 -2.07216 -1.58626 0.44718
263.4 60.1412 -2.06802 -1.58254 0.447096
263.5 59.935 -2.06389 -1.57883 0.447012
263.6 59.7292 -2.05977 -1.57513 0.446929
263.7 59.5239 -2.05565 -1.57143 0.446845
263.8 59.3189 -2.05155 -1.56774 0.446761
263.9 59.1144 -2.04745 -1.56406 0.446677
264 58.9103 -2.04335 -1.56038 0.446594
264.1 58.7065 -2.03927 -1.55672 0.44651
264.2 58.5032 -2.03519 -1.55306 0.446427
264.3 58.3003 -2.03112 -1.54941 0.446343
264.4 58.0978 -2.02706 -1.54576 0.446259
264.5 57.8957 -2.023 -1.54212 0.446176
264.6 57.694 -2.01895 -1.53849 0.446092
264.7 57.4927 -2.01491 -1.53487 0.446009
264.8 57.2918 -2.01088 -1.53125 0.445926
264.9 57.0913 -2.00686 -1.52764 0.445842
265 56.8913 -2.00284 -1.52404 0.445759
265.1 56.6916 -1.99883 -1.52045 0.445676
265.2 56.4923 -1.99482 -1.51686 0.445592
265.3 56.2934 -1.99083 -1.51328 0.445509
265.4 56.0949 -1.98684 -1.50971 0.445426
265.5 55.8968 -1.98286 -1.50614 0.445343
265.6 55.6992 -1.97888 -1.50258 0.445259
265.7 55.5019 -1.97492 -1.49903 0.445176
265.8 55.305 -1.97096 -1.49549 0.445093
265.9 55.1085 -1.967 -1.49195 0.44501
266 54.9124 -1.96306 -1.48842 0.444927
266.1 54.7166 -1.95912 -1.4849 0.444844
266.2 54.5213 -1.95519 -1.48138 0.444761
266.3 54.3264 -1.95127 -1.47787 0.444678
266.4 54.1318 -1.94735 -1.47437 0.444595
266.5 53.9377 -1.94344 -1.47088 0.444512
266.6 53.7439 -1.93954 -1.46739 0.44443
266.7 53.5506 -1.93564 -1.46391 0.444347
266.8 53.3576 -1.93176 -1.46044 0.444264
266.9 53.165 -1.92788 -1.45697 0.444181
267 52.9728 -1.924 -1.45351 0.444098
267.1 52.781 -1.92014 -1.45006 0.444016
267.2 52.5895 -1.91628 -1.44661 0.443933
267.3 52.3985 -1.91242 -1.44317 0.44385
267.4 52.2078 -1.90858 -1.43974 0.443768
267.5 52.0175 -1.90474 -1.43632 0.443685
267.6 51.8276 -1.90091 -1.4329 0.443603
267.7 51.6381 -1.89709 -1.42949 0.44352
267.8 51.449 -1.89327 -1.42608 0.443438
267.9 51.2602 -1.88946 -1.42268 0.443355
268 51.0718 -1.88566 -1.41929 0.443273
268.1 50.8839 -1.88186 -1.41591 0.44319
268.2 50.6962 -1.87807 -1.41253 0.443108
268.3 50.509 -1.87429 -1.40916 0.443026
268.4 50.3221 -1.87052 -1.4058 0.442943
268.5 50.1356 -1.86675 -1.40244 0.442861
268.6 49.9495 -1.86299 -1.39909 0.442779
268.7 49.7638 -1.85923 -1.39575 0.442697
268.8 49.5784 -1.85548 -1.39241 0.442614
268.9 49.3935 -1.85174 -1.38908 0.442532
269 49.2088 -1.84801 -1.38576 0.44245
269.1 49.0246 -1.84428 -1.38244 0.442368
269.2 48.8407 -1.84056 -1.37913 0.442286
269.3 48.6572 -1.83685 -1.37583 0.442204
269.4 48.4741 -1.83314 -1.37253 0.442122
269.5 48.2913 -1.82944 -1.36924 0.44204
269.6 48.1089 -1.82575 -1.36596 0.441958
269.7 47.9269 -1.82207 -1.36268 0.441876
269.8 47.7453 -1.81839 -1.35941 0.441794
269.9 47.564 -1.81471 -1.35615 0.441712
270 47.3831 -1.81105 -1.3529 0.441631
270.1 47.2025 -1.80739 -1.34965 0.441549
270.2 47.0223 -1.80374 -1.3464 0.441467
270.3 46.8425 -1.80009 -1.34316 0.441385
270.4 46.663 -1.79645 -1.33993 0.441303
270.5 46.4839 -1.79282 -1.33671 0.441222
270.6 46.3052 -1.78919 -1.33349 0.44114
270.7 46.1268 -1.78558 -1.33028 0.441059
270.8 45.9488 -1.78196 -1.32708 0.440977
270.9 45.7711 -1.77836 -1.32388 0.440895
271 45.5938 -1.77476 -1.32069 0.440814
271.1 45.4169 -1.77117 -1.3175 0.440732
271.2 45.2403 -1.76758 -1.31433 0.440651
271.3 45.0641 -1.764 -1.31115 0.440569
271.4 44.8882 -1.76043 -1.30799 0.440488
271.5 44.7127 -1.75686 -1.30483 0.440407
271.6 44.5376 -1.7533 -1.30168 0.440325
271.7 44.3628 -1.74975 -1.29853 0.440244
271.8 44.1883 -1.7462 -1.29539 0.440163
271.9 44.0142 -1.74266 -1.29226 0.440081
272 43.8405 -1.73913 -1.28913 0.44
272.1 43.6671 -1.7356 -1.28601 0.439919
272.2 43.4941 -1.73208 -1.28289 0.439838
272.3 43.3214 -1.72857 -1.27979 0.439756
272.4 43.1491 -1.72506 -1.27668 0.439675
272.5 42.9771 -1.72156 -1.27359 0.439594
272.6 42.8055 -1.71806 -1.2705 0.439513
272.7 42.6342 -1.71458 -1.26742 0.439432
272.8 42.4632 -1.71109 -1.26434 0.439351
272.9 42.2927 -1.70762 -1.26127 0.43927
273 42.1224 -1.70415 -1.2582 0.439189
273.1 41.9525 -1.70069 -1.25515 0.439108
273.2 41.783 -1.69723 -1.25209 0.439027
273.3 41.6138 -1.69378 -1.24905 0.438946
273.4 41.4449 -1.69034 -1.24601 0.438866
273.5 41.2764 -1.6869 -1.24297 0.438785
273.6 41.1082 -1.68347 -1.23995 0.438704
273.7 40.9404 -1.68004 -1.23693 0.438623
273.8 40.7729 -1.67662 -1.23391 0.438542
273.9 40.6057 -1.67321 -1.2309 0.438462
274 40.4389 -1.66981 -1.2279 0.438381
274.1 40.2725 -1.66641 -1.2249 0.4383
274.2 40.1063 -1.66301 -1.22191 0.43822
274.3 39.9405 -1.65963 -1.21893 0.438139
274.4 39.7751 -1.65624 -1.21595 0.438059
274.5 39.61 -1.65287 -1.21298 0.437978
274.6 39.4452 -1.6495 -1.21001 0.437898
274.7 39.2807 -1.64614 -1.20705 0.437817
274.8 39.1166 -1.64278 -1.2041 0.437737
274.9 38.9528 -1.63943 -1.20115 0.437656
275 38.7894 -1.63609 -1.19821 0.437576
275.1 38.6263 -1.63275 -1.19527 0.437495
275.2 38.4635 -1.62942 -1.19234 0.437415
275.3 38.3011 -1.62609 -1.18942 0.437335
275.4 38.139 -1.62277 -1.1865 0.437254
275.5 37.9772 -1.61946 -1.18359 0.437174
275.6 37.8157 -1.61615 -1.18068 0.437094
275.7 37.6546 -1.61285 -1.17778 0.437014
275.8 37.4938 -1.60956 -1.17489 0.436934
275.9 37.3334 -1.60627 -1.172 0.436853
276 37.1732 -1.60298 -1.16912 0.436773
276.1 37.0134 -1.59971 -1.16624 0.436693
276.2 36.8539 -1.59644 -1.16337 0.436613
276.3 36.6948 -1.59317 -1.16051 0.436533
276.4 36.536 -1.58991 -1.15765 0.436453
276.5 36.3775 -1.58666 -1.15479 0.436373
276.6 36.2193 -1.58341 -1.15195 0.436293
276.7 36.0614 -1.58017 -1.14911 0.436213
276.8 35.9039 -1.57694 -1.14627 0.436133
276.9 35.7467 -1.57371 -1.14344 0.436053
277 35.5898 -1.57048 -1.14062 0.435973
277.1 35.4332 -1.56727 -1.1378 0.435894
277.2 35.277 -1.56405 -1.13499 0.435814
277.3 35.1211 -1.56085 -1.13218 0.435734
277.4 34.9654 -1.55765 -1.12938 0.435654
277.5 34.8102 -1.55446 -1.12658 0.435575
277.6 34.6552 -1.55127 -1.12379 0.435495
277.7 34.5005 -1.54809 -1.12101 0.435415
277.8 34.3462 -1.54491 -1.11823 0.435336
277.9 34.1922 -1.54174 -1.11546 0.435256
278 34.0385 -1.53858 -1.11269 0.435176
278.1 33.8851 -1.53542 -1.10993 0.435097
278.2 33.732 -1.53226 -1.10718 0.435017
278.3 33.5793 -1.52912 -1.10443 0.434938
278.4 33.4268 -1.52598 -1.10168 0.434858
278.5 33.2747 -1.52284 -1.09894 0.434779
278.6 33.1229 -1.51971 -1.09621 0.4347
278.7 32.9714 -1.51659 -1.09349 0.43462
278.8 32.8202 -1.51347 -1.09076 0.434541
278.9 32.6693 -1.51036 -1.08805 0.434461
279 32.5188 -1.50725 -1.08534 0.434382
279.1 32.3685 -1.50415 -1.08263 0.434303
279.2 32.2186 -1.50105 -1.07993 0.434224
279.3 32.0689 -1.49796 -1.07724 0.434144
279.4 31.9196 -1.49488 -1.07455 0.434065
279.5 31.7706 -1.4918 -1.07187 0.433986
279.6 31.6218 -1.48873 -1.06919 0.433907
279.7 31.4734 -1.48566 -1.06652 0.433828
279.8 31.3253 -1.4826 -1.06386 0.433749
279.9 31.1775 -1.47954 -1.0612 0.433669
280 31.03 -1.47649 -1.05854 0.43359
280.1 30.8828 -1.47345 -1.05589 0.433511
280.2 30.7359 -1.47041 -1.05325 0.433432
280.3 30.5893 -1.46738 -1.05061 0.433353
280.4 30.4431 -1.46435 -1.04798 0.433274
280.5 30.2971 -1.46133 -1.04535 0.433196
280.6 30.1514 -1.45831 -1.04273 0.433117
280.7 30.006 -1.4553 -1.04011 0.433038
280.8 29.8609 -1.45229 -1.0375 0.432959
280.9 29.7162 -1.44929 -1.03489 0.43288
281 29.5717 -1.4463 -1.03229 0.432801
281.1 29.4275 -1.44331 -1.0297 0.432723
281.2 29.2836 -1.44032 -1.02711 0.432644
281.3 29.14 -1.43735 -1.02452 0.432565
281.4 28.9967 -1.43437 -1.02194 0.432486
281.5 28.8538 -1.43141 -1.01937 0.432408
281.6 28.7111 -1.42844 -1.0168 0.432329
281.7 28.5687 -1.42549 -1.01424 0.432251
281.8 28.4265 -1.42254 -1.01168 0.432172
281.9 28.2847 -1.41959 -1.00913 0.432093
282 28.1432 -1.41665 -1.00658 0.432015
282.1 28.002 -1.41372 -1.00404 0.431936
282.2 27.8611 -1.41079 -1.0015 0.431858
282.3 27.7204 -1.40786 -0.998968 0.431779
282.4 27.5801 -1.40495 -0.996441 0.431701
282.5 27.44 -1.40203 -0.99392 0.431623
282.6 27.3002 -1.39913 -0.991404 0.431544
282.7 27.1608 -1.39622 -0.988894 0.431466
282.8 27.0216 -1.39333 -0.986388 0.431388
282.9 26.8827 -1.39043 -0.983888 0.431309
283 26.7441 -1.38755 -0.981393 0.431231
283.1 26.6057 -1.38467 -0.978903 0.431153
283.2 26.4677 -1.38179 -0.976419 0.431075
283.3 26.33 -1.37892 -0.973939 0.430996
283.4 26.1925 -1.37606 -0.971465 0.430918
283.5 26.0553 -1.3732 -0.968996 0.43084
283.6 25.9184 -1.37034 -0.966532 0.430762
283.7 25.7818 -1.36749 -0.964073 0.430684
283.8 25.6455 -1.36465 -0.961619 0.430606
283.9 25.5095 -1.36181 -0.95917 0.430528
284 25.3737 -1.35897 -0.956727 0.43045
284.1 25.2382 -1.35615 -0.954288 0.430372
284.2 25.103 -1.35332 -0.951855 0.430294
284.3 24.9681 -1.35051 -0.949426 0.430216
284.4 24.8335 -1.34769 -0.947003 0.430138
284.5 24.6992 -1.34488 -0.944585 0.43006
284.6 24.5651 -1.34208 -0.942172 0.429982
284.7 24.4313 -1.33928 -0.939763 0.429904
284.8 24.2978 -1.33649 -0.93736 0.429826
284.9 24.1646 -1.3337 -0.934962 0.429749
285 24.0316 -1.33092 -0.932569 0.429671
285.1 23.8989 -1.32815 -0.930181 0.429593
285.2 23.7665 -1.32537 -0.927798 0.429515
285.3 23.6344 -1.32261 -0.925419 0.429438
285.4 23.5026 -1.31985 -0.923046 0.42936
285.5 23.371 -1.31709 -0.920678 0.429282
285.6 23.2397 -1.31434 -0.918314 0.429205
285.7 23.1087 -1.31159 -0.915956 0.429127
285.8 22.9779 -1.30885 -0.913603 0.42905
285.9 22.8474 -1.30611 -0.911254 0.428972
286 22.7172 -1.30338 -0.90891 0.428894
286.1 22.5873 -1.30066 -0.906572 0.428817
286.2 22.4577 -1.29794 -0.904238 0.428739
286.3 22.3283 -1.29522 -0.901909 0.428662
286.4 22.1992 -1.29251 -0.899585 0.428585
286.5 22.0703 -1.2898 -0.897266 0.428507
286.6 21.9417 -1.2871 -0.894951 0.42843
286.7 21.8134 -1.2844 -0.892642 0.428352
286.8 21.6854 -1.28171 -0.890337 0.428275
286.9 21.5576 -1.27903 -0.888037 0.428198
287 21.4301 -1.27635 -0.885742 0.428121
287.1 21.3029 -1.27367 -0.883452 0.428043
287.2 21.1759 -1.271 -0.881167 0.427966
287.3 21.0492 -1.26833 -0.878886 0.427889
287.4 20.9228 -1.26567 -0.87661 0.427812
287.5 20.7966 -1.26301 -0.874339 0.427735
287.6 20.6707 -1.26036 -0.872073 0.427657
287.7 20.5451 -1.25771 -0.869811 0.42758
287.8 20.4197 -1.25507 -0.867555 0.427503
287.9 20.2946 -1.25243 -0.865303 0.427426
288 20.1697 -1.2498 -0.863055 0.427349
288.1 20.0452 -1.24717 -0.860813 0.427272
288.2 19.9208 -1.24455 -0.858575 0.427195
288.3 19.7968 -1.24193 -0.856342 0.427118
288.4 19.673 -1.23932 -0.854114 0.427041
288.5 19.5494 -1.23671 -0.85189 0.426964
288.6 19.4262 -1.23411 -0.849671 0.426887
288.7 19.3031 -1.23151 -0.847456 0.426811
288.8 19.1804 -1.22892 -0.845247 0.426734
288.9 19.0579 -1.22633 -0.843042 0.426657
289 18.9356 -1.22374 -0.840841 0.42658
289.1 18.8136 -1.22116 -0.838645 0.426503
289.2 18.6919 -1.21859 -0.836454 0.426427
289.3 18.5704 -1.21602 -0.834268 0.42635
289.4 18.4492 -1.21345 -0.832086 0.426273
289.5 18.3283 -1.21089 -0.829909 0.426196
289.6 18.2075 -1.20833 -0.827736 0.42612
289.7 18.0871 -1.20578 -0.825568 0.426043
289.8 17.9669 -1.20324 -0.823404 0.425967
289.9 17.847 -1.2007 -0.821245 0.42589
290 17.7273 -1.19816 -0.819091 0.425813
290.1 17.6078 -1.19563 -0.816941 0.425737
290.2 17.4886 -1.1931 -0.814796 0.42566
290.3 17.3697 -1.19057 -0.812655 0.425584
290.4 17.251 -1.18806 -0.810519 0.425507
290.5 17.1326 -1.18554 -0.808387 0.425431
290.6 17.0144 -1.18303 -0.80626 0.425355
290.7 16.8965 -1.18053 -0.804137 0.425278
290.8 16.7788 -1.17803 -0.802019 0.425202
290.9 16.6614 -1.17553 -0.799905 0.425125
291 16.5442 -1.17304 -0.797796 0.425049
291.1 16.4273 -1.17056 -0.795691 0.424973
291.2 16.3106 -1.16807 -0.793591 0.424897
291.3 16.1942 -1.1656 -0.791495 0.42482
291.4 16.078 -1.16312 -0.789404 0.424744
291.5 15.962 -1.16066 -0.787317 0.424668
291.6 15.8463 -1.15819 -0.785234 0.424592
291.7 15.7309 -1.15573 -0.783156 0.424515
291.8 15.6157 -1.15328 -0.781082 0.424439
291.9 15.5007 -1.15083 -0.779013 0.424363
292 15.386 -1.14838 -0.776948 0.424287
292.1 15.2715 -1.14594 -0.774888 0.424211
292.2 15.1573 -1.14351 -0.772831 0.424135
292.3 15.0433 -1.14107 -0.77078 0.424059
292.4 14.9296 -1.13865 -0.768732 0.423983
292.5 14.8161 -1.13622 -0.766689 0.423907
292.6 14.7028 -1.13381 -0.764651 0.423831
292.7 14.5898 -1.13139 -0.762616 0.423755
292.8 14.477 -1.12898 -0.760586 0.423679
292.9 14.3645 -1.12658 -0.758561 0.423603
293 14.2522 -1.12418 -0.756539 0.423527
293.1 14.1401 -1.12178 -0.754522 0.423452
293.2 14.0283 -1.11939 -0.752509 0.423376
293.3 13.9167 -1.117 -0.750501 0.4233
293.4 13.8054 -1.11462 -0.748497 0.423224
293.5 13.6943 -1.11224 -0.746497 0.423149
293.6 13.5834 -1.10987 -0.744501 0.423073
293.7 13.4728 -1.1075 -0.74251 0.422997
293.8 13.3624 -1.10513 -0.740523 0.422921
293.9 13.2522 -1.10277 -0.73854 0.422846
294 13.1423 -1.10041 -0.736561 0.42277
294.1 13.0326 -1.09806 -0.734587 0.422695
294.2 12.9232 -1.09571 -0.732617 0.422619
294.3 12.8139 -1.09337 -0.730651 0.422543
294.4 12.705 -1.09103 -0.728689 0.422468
294.5 12.5962 -1.08869 -0.726732 0.422392
294.6 12.4877 -1.08636 -0.724778 0.422317
294.7 12.3794 -1.08404 -0.722829 0.422241
294.8 12.2713 -1.08171 -0.720884 0.422166
294.9 12.1635 -1.0794 -0.718943 0.42209
295 12.0559 -1.07708 -0.717007 0.422015
295.1 11.9486 -1.07477 -0.715074 0.42194
295.2 11.8414 -1.07247 -0.713146 0.421864
295.3 11.7345 -1.07017 -0.711221 0.421789
295.4 11.6279 -1.06787 -0.709301 0.421714
295.5 11.5214 -1.06558 -0.707385 0.421638
295.6 11.4152 -1.06329 -0.705473 0.421563
295.7 11.3092 -1.061 -0.703566 0.421488
295.8 11.2034 -1.05872 -0.701662 0.421413
295.9 11.0979 -1.05645 -0.699763 0.421337
296 10.9926 -1.05418 -0.697867 0.421262
296.1 10.8875 -1.05191 -0.695976 0.421187
296.2 10.7827 -1.04965 -0.694088 0.421112
296.3 10.6781 -1.04739 -0.692205 0.421037
296.4 10.5737 -1.04513 -0.690326 0.420962
296.5 10.4695 -1.04288 -0.688451 0.420887
296.6 10.3655 -1.04064 -0.68658 0.420812
296.7 10.2618 -1.03839 -0.684712 0.420736
296.8 10.1583 -1.03616 -0.682849 0.420661
296.9 10.055 -1.03392 -0.68099 0.420586
297 9.95196 -1.03169 -0.679135 0.420512
297.1 9.84912 -1.02947 -0.677284 0.420437
297.2 9.74651 -1.02725 -0.675437 0.420362
297.3 9.64412 -1.02503 -0.673594 0.420287
297.4 9.54195 -1.02281 -0.671755 0.420212
297.5 9.44 -1.02061 -0.66992 0.420137
297.6 9.33827 -1.0184 -0.668089 0.420062
297.7 9.23676 -1.0162 -0.666262 0.419987
297.8 9.13547 -1.014 -0.664438 0.419913
297.9 9.0344 -1.01181 -0.662619 0.419838
298 8.93354 -1.00962 -0.660804 0.419763
298.1 8.83291 -1.00743 -0.658992 0.419688
298.2 8.73249 -1.00525 -0.657185 0.419614
298.3 8.63229 -1.00308 -0.655381 0.419539
298.4 8.53231 -1.0009 -0.653582 0.419464
298.5 8.43255 -0.998734 -0.651786 0.41939
298.6 8.333 -0.996569 -0.649994 0.419315
298.7 8.23367 -0.994408 -0.648206 0.41924
298.8 8.13455 -0.992251 -0.646422 0.419166
298.9 8.03565 -0.990098 -0.644642 0.419091
299 7.93696 -0.987949 -0.642865 0.419017
299.1 7.83849 -0.985804 -0.641093 0.418942
299.2 7.74023 -0.983663 -0.639324 0.418868
299.3 7.64218 -0.981526 -0.637559 0.418793
299.4 7.54435 -0.979393 -0.635798 0.418719
299.5 7.44673 -0.977264 -0.634041 0.418644
299.6 7.34932 -0.975138 -0.632288 0.41857
299.7 7.25212 -0.973017 -0.630538 0.418496
299.8 7.15514 -0.970899 -0.628793 0.418421
299.9 7.05837 -0.968786 -0.627051 0.418347
300 6.9618 -0.966676 -0.625312 0.418273
300.1 6.86545 -0.96457 -0.623578 0.418198
300.2 6.76931 -0.962468 -0.621848 0.418124
300.3 6.67338 -0.96037 -0.620121 0.41805
300.4 6.57766 -0.958276 -0.618398 0.417976
300.5 6.48214 -0.956186 -0.616679 0.417901
300.6 6.38684 -0.954099 -0.614963 0.417827
300.7 6.29174 -0.952017 -0.613251 0.417753
300.8 6.19685 -0.949938 -0.611543 0.417679
300.9 6.10217 -0.947863 -0.609839 0.417605
301 6.00769 -0.945792 -0.608138 0.417531
301.1 5.91342 -0.943725 -0.606442 0.417457
301.2 5.81936 -0.941661 -0.604748 0.417383
301.3 5.7255 -0.939602 -0.603059 0.417309
301.4 5.63185 -0.937546 -0.601373 0.417235
301.5 5.5384 -0.935494 -0.599691 0.417161
301.6 5.44516 -0.933446 -0.598013 0.417087
301.7 5.35212 -0.931401 -0.596338 0.417013
301.8 5.25929 -0.92936 -0.594667 0.416939
301.9 5.16666 -0.927324 -0.593 0.416865
302 5.07423 -0.92529 -0.591336 0.416791
302.1 4.982 -0.923261 -0.589676 0.416717
302.2 4.88998 -0.921235 -0.58802 0.416643
302.3 4.79816 -0.919213 -0.586367 0.416569
302.4 4.70654 -0.917195 -0.584718 0.416495
302.5 4.61513 -0.915181 -0.583072 0.416422
302.6 4.52391 -0.91317 -0.58143 0.416348
302.7 4.43289 -0.911163 -0.579792 0.416274
302.8 4.34208 -0.90916 -0.578157 0.4162
302.9 4.25146 -0.90716 -0.576526 0.416127
303 4.16104 -0.905164 -0.574899 0.416053
303.1 4.07083 -0.903172 -0.573275 0.415979
303.2 3.98081 -0.901183 -0.571655 0.415906
303.3 3.89099 -0.899199 -0.570038 0.415832
303.4 3.80136 -0.897217 -0.568425 0.415759
303.5 3.71194 -0.89524 -0.566815 0.415685
303.6 3.62271 -0.893266 -0.565209 0.415611
303.7 3.53368 -0.891296 -0.563606 0.415538
303.8 3.44484 -0.889329 -0.562007 0.415464
303.9 3.35621 -0.887366 -0.560412 0.415391
304 3.26776 -0.885407 -0.55882 0.415317
304.1 3.17952 -0.883451 -0.557231 0.415244
304.2 3.09146 -0.881499 -0.555646 0.41517
304.3 3.00361 -0.87955 -0.554065 0.415097
304.4 2.91594 -0.877605 -0.552487 0.415024
304.5 2.82847 -0.875664 -0.550913 0.41495
304.6 2.7412 -0.873726 -0.549342 0.414877
304.7 2.65411 -0.871792 -0.547774 0.414804
304.8 2.56723 -0.869862 -0.54621 0.41473
304.9 2.48053 -0.867935 -0.54465 0.414657
305 2.39402 -0.866011 -0.543092 0.414584
305.1 2.30771 -0.864091 -0.541539 0.41451
305.2 2.22159 -0.862175 -0.539989 0.414437
305.3 2.13566 -0.860262 -0.538442 0.414364
305.4 2.04992 -0.858353 -0.536899 0.414291
305.5 1.96437 -0.856447 -0.535359 0.414218
305.6 1.87901 -0.854545 -0.533822 0.414145
305.7 1.79384 -0.852646 -0.532289 0.414071
305.8 1.70886 -0.850751 -0.530759 0.413998
305.9 1.62407 -0.848859 -0.529233 0.413925
306 1.53946 -0.846971 -0.52771 0.413852
306.1 1.45505 -0.845086 -0.526191 0.413779
306.2 1.37082 -0.843205 -0.524675 0.413706
306.3 1.28678 -0.841327 -0.523162 0.413633
306.4 1.20293 -0.839453 -0.521653 0.41356
306.5 1.11927 -0.837582 -0.520147 0.413487
306.6 1.03579 -0.835715 -0.518644 0.413414
306.7 0.952497 -0.833851 -0.517145 0.413341
306.8 0.869391 -0.831991 -0.515649 0.413268
306.9 0.786471 -0.830134 -0.514156 0.413195
307 0.703735 -0.82828 -0.512667 0.413123
307.1 0.621185 -0.82643 -0.511181 0.41305
307.2 0.538819 -0.824583 -0.509699 0.412977
307.3 0.456637 -0.82274 -0.508219 0.412904
