time_s altitude_m v_r_mps v_target_mps throttle
0 9999.98 0 -160.5 0
0.1 9999.93 -0.371467 -160.499 0
0.2 9999.83 -0.742935 -160.497 0
0.3 9999.7 -1.1144 -160.495 0
0.4 9999.54 -1.48586 -160.493 0
0.5 9999.33 -1.85732 -160.489 0
0.6 9999.09 -2.22877 -160.485 0
0.7 9998.81 -2.60022 -160.481 0
0.8 9998.5 -2.97165 -160.476 0
0.9 9998.14 -3.34308 -160.47 0
1 9997.75 -3.71449 -160.464 0
1.1 9997.33 -4.0859 -160.457 0
1.2 9996.86 -4.45728 -160.45 0
1.3 9996.36 -4.82865 -160.442 0
1.4 9995.82 -5.2 -160.433 0
1.5 9995.25 -5.57134 -160.424 0
1.6 9994.63 -5.94265 -160.414 0
1.7 9993.98 -6.31394 -160.404 0
1.8 9993.3 -6.6852 -160.393 0
1.9 9992.57 -7.05645 -160.381 0
2 9991.81 -7.42766 -160.369 0
2.1 9991.01 -7.79885 -160.356 0
2.2 9990.18 -8.17 -160.343 0
2.3 9989.3 -8.54113 -160.329 0
2.4 9988.39 -8.91222 -160.314 0
2.5 9987.45 -9.28328 -160.299 0
2.6 9986.46 -9.65431 -160.283 0
2.7 9985.44 -10.0253 -160.267 0
2.8 9984.38 -10.3962 -160.25 0
2.9 9983.29 -10.7672 -160.233 0
3 9982.16 -11.138 -160.214 0
3.1 9980.99 -11.5088 -160.196 0
3.2 9979.78 -11.8796 -160.176 0
3.3 9978.54 -12.2504 -160.157 0
3.4 9977.26 -12.621 -160.136 0
3.5 9975.94 -12.9917 -160.115 0
3.6 9974.58 -13.3623 -160.093 0
3.7 9973.19 -13.7328 -160.071 0
3.8 9971.76 -14.1033 -160.048 0
3.9 9970.3 -14.4737 -160.025 0
4 9968.79 -14.8441 -160.001 0
4.1 9967.25 -15.2144 -159.976 0
4.2 9965.68 -15.5847 -159.951 0
4.3 9964.06 -15.9549 -159.925 0
4.4 9962.41 -16.325 -159.899 0
4.5 9960.72 -16.6951 -159.872 0
4.6 9959 -17.0651 -159.844 0
4.7 9957.24 -17.435 -159.816 0
4.8 9955.44 -17.8049 -159.787 0
4.9 9953.6 -18.1747 -159.758 0
5 9951.73 -18.5444 -159.728 0
5.1 9949.82 -18.9141 -159.697 0
5.2 9947.87 -19.2836 -159.666 0
5.3 9945.89 -19.6532 -159.634 0
5.4 9943.87 -20.0226 -159.602 0
5.5 9941.81 -20.3919 -159.569 0
5.6 9939.72 -20.7612 -159.535 0
5.7 9937.58 -21.1304 -159.501 0
5.8 9935.42 -21.4995 -159.467 0
5.9 9933.21 -21.8685 -159.431 0
6 9930.97 -22.2375 -159.395 0
6.1 9928.69 -22.6063 -159.359 0
6.2 9926.37 -22.9751 -159.322 0
6.3 9924.02 -23.3437 -159.284 0
6.4 9921.63 -23.7123 -159.246 0
6.5 9919.2 -24.0808 -159.207 0
6.6 9916.74 -24.4492 -159.168 0
6.7 9914.24 -24.8175 -159.128 0
6.8 9911.7 -25.1857 -159.087 0
6.9 9909.13 -25.5538 -159.046 0
7 9906.52 -25.9218 -159.004 0
7.1 9903.87 -26.2897 -158.962 0
7.2 9901.19 -26.6575 -158.919 0
7.3 9898.47 -27.0252 -158.875 0
7.4 9895.71 -27.3927 -158.831 0
7.5 9892.91 -27.7602 -158.787 0
7.6 9890.08 -28.1276 -158.741 0
7.7 9887.22 -28.4948 -158.695 0
7.8 9884.31 -28.8619 -158.649 0
7.9 9881.37 -29.229 -158.602 0
8 9878.39 -29.5959 -158.554 0
8.1 9875.38 -29.9627 -158.506 0
8.2 9872.33 -30.3293 -158.457 0
8.3 9869.24 -30.6959 -158.408 0
8.4 9866.11 -31.0623 -158.358 0
8.5 9862.95 -31.4286 -158.307 0
8.6 9859.75 -31.7948 -158.256 0
8.7 9856.52 -32.1608 -158.204 0
8.8 9853.25 -32.5268 -158.152 0
8.9 9849.94 -32.8926 -158.099 0
9 9846.6 -33.2582 -158.046 0
9.1 9843.22 -33.6238 -157.991 0
9.2 9839.8 -33.9892 -157.937 0
9.3 9836.35 -34.3544 -157.882 0
9.4 9832.86 -34.7196 -157.826 0
9.5 9829.33 -35.0846 -157.769 0
9.6 9825.77 -35.4494 -157.712 0
9.7 9822.17 -35.8141 -157.655 0
9.8 9818.53 -36.1787 -157.596 0
9.9 9814.86 -36.5431 -157.538 0
10 9811.15 -36.9074 -157.478 0
10.1 9807.4 -37.2715 -157.418 0
10.2 9803.62 -37.6355 -157.358 0
10.3 9799.8 -37.9993 -157.297 0
10.4 9795.95 -38.363 -157.235 0
10.5 9792.06 -38.7265 -157.173 0
10.6 9788.13 -39.0899 -157.11 0
10.7 9784.17 -39.4531 -157.047 0
10.8 9780.17 -39.8162 -156.983 0
10.9 9776.13 -40.179 -156.918 0
11 9772.06 -40.5418 -156.853 0
11.1 9767.95 -40.9044 -156.787 0
11.2 9763.81 -41.2668 -156.721 0
11.3 9759.63 -41.629 -156.654 0
11.4 9755.41 -41.9911 -156.587 0
11.5 9751.15 -42.353 -156.518 0
11.6 9746.87 -42.7147 -156.45 0
11.7 9742.54 -43.0763 -156.381 0
11.8 9738.18 -43.4377 -156.311 0
11.9 9733.78 -43.7989 -156.24 0
12 9729.35 -44.1599 -156.17 0
12.1 9724.88 -44.5208 -156.098 0
12.2 9720.37 -44.8815 -156.026 0
12.3 9715.83 -45.242 -155.953 0
12.4 9711.25 -45.6023 -155.88 0
12.5 9706.63 -45.9625 -155.806 0
12.6 9701.98 -46.3224 -155.732 0
12.7 9697.3 -46.6822 -155.657 0
12.8 9692.58 -47.0418 -155.581 0
12.9 9687.82 -47.4011 -155.505 0
13 9683.02 -47.7603 -155.428 0
13.1 9678.19 -48.1194 -155.351 0
13.2 9673.33 -48.4782 -155.273 0
13.3 9668.43 -48.8368 -155.195 0
13.4 9663.49 -49.1952 -155.116 0
13.5 9658.52 -49.5534 -155.036 0
13.6 9653.51 -49.9114 -154.956 0
13.7 9648.46 -50.2692 -154.875 0
13.8 9643.38 -50.6269 -154.794 0
13.9 9638.27 -50.9843 -154.712 0
14 9633.11 -51.3415 -154.63 0
14.1 9627.93 -51.6985 -154.547 0
14.2 9622.7 -52.0552 -154.463 0
14.3 9617.44 -52.4118 -154.379 0
14.4 9612.15 -52.7682 -154.294 0
14.5 9606.82 -53.1243 -154.209 0
14.6 9601.45 -53.4802 -154.123 0
14.7 9596.05 -53.8359 -154.037 0
14.8 9590.61 -54.1914 -153.95 0
14.9 9585.14 -54.5467 -153.862 0
15 9579.63 -54.9018 -153.774 0
15.1 9574.09 -55.2566 -153.685 0
15.2 9568.51 -55.6112 -153.596 0
15.3 9562.9 -55.9656 -153.506 0
15.4 9557.25 -56.3197 -153.416 0
15.5 9551.56 -56.6736 -153.325 0
15.6 9545.84 -57.0273 -153.233 0
15.7 9540.09 -57.3808 -153.141 0
15.8 9534.3 -57.734 -153.049 0
15.9 9528.47 -58.087 -152.956 0
16 9522.61 -58.4397 -152.862 0
16.1 9516.71 -58.7922 -152.767 0
16.2 9510.78 -59.1445 -152.672 0
16.3 9504.81 -59.4965 -152.577 0
16.4 9498.81 -59.8483 -152.481 0
16.5 9492.77 -60.1998 -152.384 0
16.6 9486.7 -60.5511 -152.287 0
16.7 9480.59 -60.9021 -152.189 0
16.8 9474.45 -61.2529 -152.091 0
16.9 9468.27 -61.6035 -151.992 0
17 9462.06 -61.9537 -151.893 0
17.1 9455.81 -62.3038 -151.793 0
17.2 9449.53 -62.6536 -151.692 0
17.3 9443.21 -63.0031 -151.591 0
17.4 9436.86 -63.3523 -151.49 0
17.5 9430.47 -63.7013 -151.388 0
17.6 9424.05 -64.0501 -151.285 0
17.7 9417.59 -64.3985 -151.181 0
17.8 9411.1 -64.7467 -151.078 0
17.9 9404.57 -65.0947 -150.973 0
18 9398.01 -65.4423 -150.868 0
18.1 9391.41 -65.7897 -150.763 0
18.2 9384.78 -66.1369 -150.657 0
18.3 9378.12 -66.4837 -150.55 0
18.4 9371.42 -66.8303 -150.443 0
18.5 9364.68 -67.1766 -150.335 0
18.6 9357.91 -67.5226 -150.227 0
18.7 9351.11 -67.8684 -150.118 0
18.8 9344.27 -68.2139 -150.008 0
18.9 9337.39 -68.559 -149.898 0
19 9330.49 -68.9039 -149.788 0
19.1 9323.55 -69.2486 -149.677 0
19.2 9316.57 -69.5929 -149.565 0
19.3 9309.56 -69.9369 -149.453 0
19.4 9302.51 -70.2807 -149.34 0
19.5 9295.43 -70.6241 -149.227 0
19.6 9288.32 -70.9673 -149.113 0
19.7 9281.17 -71.3102 -148.999 0
19.8 9273.99 -71.6527 -148.884 0
19.9 9266.77 -71.995 -148.768 0
20 9259.52 -72.337 -148.652 0
20.1 9252.24 -72.6787 -148.536 0
20.2 9244.92 -73.02 -148.419 0
20.3 9237.56 -73.3611 -148.301 0
20.4 9230.18 -73.7019 -148.183 0
20.5 9222.76 -74.0423 -148.064 0
20.6 9215.3 -74.3824 -147.945 0
20.7 9207.81 -74.7223 -147.825 0
20.8 9200.29 -75.0618 -147.705 0
20.9 9192.73 -75.401 -147.584 0
21 9185.14 -75.7399 -147.462 0
21.1 9177.52 -76.0785 -147.34 0
21.2 9169.86 -76.4167 -147.218 0
21.3 9162.16 -76.7547 -147.095 0
21.4 9154.44 -77.0923 -146.971 0
21.5 9146.68 -77.4296 -146.847 0
21.6 9138.88 -77.7665 -146.722 0
21.7 9131.06 -78.1032 -146.597 0
21.8 9123.2 -78.4395 -146.471 0
21.9 9115.3 -78.7755 -146.345 0
22 9107.37 -79.1111 -146.218 0
22.1 9099.41 -79.4464 -146.091 0
22.2 9091.42 -79.7814 -145.963 0
22.3 9083.39 -80.1161 -145.834 0
22.4 9075.33 -80.4504 -145.705 0
22.5 9067.23 -80.7843 -145.576 0
22.6 9059.1 -81.118 -145.446 0
22.7 9050.94 -81.4512 -145.315 0
22.8 9042.75 -81.7842 -145.184 0
22.9 9034.52 -82.1168 -145.052 0
23 9026.26 -82.449 -144.92 0
23.1 9017.96 -82.7809 -144.787 0
23.2 9009.64 -83.1125 -144.654 0
23.3 9001.27 -83.4437 -144.52 0
23.4 8992.88 -83.7745 -144.386 0
23.5 8984.45 -84.105 -144.251 0
23.6 8975.99 -84.4352 -144.116 0
23.7 8967.5 -84.765 -143.98 0
23.8 8958.97 -85.0944 -143.844 0
23.9 8950.42 -85.4234 -143.707 0
24 8941.82 -85.7521 -143.569 0
24.1 8933.2 -86.0805 -143.431 0
24.2 8924.54 -86.4084 -143.293 0
24.3 8915.85 -86.736 -143.154 0
24.4 8907.13 -87.0633 -143.014 0
24.5 8898.37 -87.3901 -142.874 0
24.6 8889.59 -87.7166 -142.733 0
24.7 8880.77 -88.0427 -142.592 0
24.8 8871.91 -88.3684 -142.451 0
24.9 8863.03 -88.6938 -142.308 0
25 8854.11 -89.0188 -142.166 0
25.1 8845.16 -89.3434 -142.023 0
25.2 8836.18 -89.6676 -141.879 0
25.3 8827.16 -89.9914 -141.735 0
25.4 8818.11 -90.3149 -141.59 0
25.5 8809.03 -90.638 -141.445 0
25.6 8799.92 -90.9606 -141.299 0
25.7 8790.78 -91.2829 -141.152 0
25.8 8781.6 -91.6048 -141.006 0
25.9 8772.39 -91.9263 -140.858 0
26 8763.15 -92.2474 -140.71 0
26.1 8753.88 -92.5681 -140.562 0
26.2 8744.57 -92.8885 -140.413 0
26.3 8735.24 -93.2084 -140.264 0
26.4 8725.87 -93.5279 -140.114 0
26.5 8716.47 -93.847 -139.963 0
26.6 8707.03 -94.1657 -139.813 0
26.7 8697.57 -94.484 -139.661 0
26.8 8688.07 -94.8019 -139.509 0
26.9 8678.55 -95.1194 -139.357 0
27 8668.99 -95.4365 -139.204 0
27.1 8659.39 -95.7532 -139.05 0
27.2 8649.77 -96.0694 -138.896 0
27.3 8640.12 -96.3853 -138.742 0
27.4 8630.43 -96.7007 -138.587 0
27.5 8620.71 -97.0157 -138.431 0
27.6 8610.97 -97.3303 -138.275 0
27.7 8601.19 -97.6444 -138.119 0
27.8 8591.37 -97.9582 -137.962 0
27.9 8581.53 -98.2715 -137.805 0
28 8571.66 -98.5844 -137.647 0
28.1 8561.75 -98.8968 -137.488 0
28.2 8551.82 -99.2089 -137.329 0
28.3 8541.85 -99.5205 -137.17 0
28.4 8531.85 -99.8317 -137.01 0
28.5 8521.82 -100.142 -136.849 0
28.6 8511.76 -100.453 -136.688 0
28.7 8501.67 -100.763 -136.527 0
28.8 8491.54 -101.072 -136.365 0
28.9 8481.39 -101.381 -136.202 0
29 8471.21 -101.69 -136.039 0
29.1 8460.99 -101.998 -135.876 0
29.2 8450.75 -102.305 -135.712 0
29.3 8440.47 -102.613 -135.548 0
29.4 8430.16 -102.919 -135.383 0
29.5 8419.82 -103.226 -135.217 0
29.6 8409.46 -103.531 -135.051 0
29.7 8399.06 -103.837 -134.885 0
29.8 8388.63 -104.142 -134.718 0
29.9 8378.17 -104.446 -134.551 0
30 8367.68 -104.75 -134.383 0
30.1 8357.16 -105.054 -134.215 0
30.2 8346.61 -105.357 -134.046 0
30.3 8336.02 -105.66 -133.876 0
30.4 8325.41 -105.962 -133.707 0
30.5 8314.77 -106.264 -133.536 0
30.6 8304.1 -106.565 -133.366 0
30.7 8293.4 -106.866 -133.194 0
30.8 8282.67 -107.166 -133.023 0
30.9 8271.91 -107.466 -132.85 0
31 8261.11 -107.765 -132.678 0
31.1 8250.29 -108.064 -132.505 0
31.2 8239.44 -108.363 -132.331 0
31.3 8228.56 -108.661 -132.157 0
31.4 8217.65 -108.958 -131.982 0
31.5 8206.71 -109.255 -131.807 0
31.6 8195.74 -109.552 -131.632 0
31.7 8184.74 -109.848 -131.456 0
31.8 8173.71 -110.143 -131.279 0
31.9 8162.65 -110.438 -131.102 0
32 8151.56 -110.733 -130.925 0
32.1 8140.45 -111.027 -130.747 0
32.2 8129.3 -111.321 -130.569 0
32.3 8118.12 -111.614 -130.39 0
32.4 8106.92 -111.906 -130.211 0
32.5 8095.68 -112.198 -130.031 0
32.6 8084.42 -112.49 -129.851 0
32.7 8073.13 -112.781 -129.67 0
32.8 8061.81 -113.072 -129.489 0
32.9 8050.46 -113.362 -129.307 0
33 8039.08 -113.652 -129.125 0
33.1 8027.67 -113.941 -128.943 0
33.2 8016.23 -114.229 -128.76 0
33.3 8004.76 -114.517 -128.576 0
33.4 7993.27 -114.805 -128.392 0
33.5 7981.75 -115.092 -128.208 0
33.6 7970.19 -115.379 -128.023 0
33.7 7958.61 -115.665 -127.838 0
33.8 7947 -115.95 -127.652 0
33.9 7935.37 -116.235 -127.466 0
34 7923.7 -116.52 -127.279 0
34.1 7912 -116.804 -127.092 0
34.2 7900.28 -117.087 -126.905 0
34.3 7888.53 -117.37 -126.716 0
34.4 7876.75 -117.652 -126.528 0
34.5 7864.94 -117.934 -126.339 0
34.6 7853.11 -118.216 -126.15 0
34.7 7841.24 -118.496 -125.96 0
34.8 7829.35 -118.777 -125.77 0
34.9 7817.43 -119.057 -125.579 0
35 7805.49 -119.336 -125.388 0
35.1 7793.51 -119.614 -125.196 0
35.2 7781.51 -119.893 -125.004 0
35.3 7769.48 -120.17 -124.812 0
35.4 7757.42 -120.447 -124.619 0
35.5 7745.33 -120.724 -124.425 0
35.6 7733.22 -121 -124.231 0
35.7 7721.08 -121.275 -124.037 0
35.8 7708.91 -121.55 -123.843 0
35.9 7696.71 -121.825 -123.647 0
36 7684.49 -122.098 -123.452 0.079312
36.1 7672.24 -122.349 -123.256 0.168708
36.2 7659.98 -122.553 -123.06 0.248597
36.3 7647.7 -122.708 -122.863 0.318942
36.4 7635.41 -122.821 -122.667 0.380811
36.5 7623.12 -122.896 -122.47 0.435216
36.6 7610.83 -122.938 -122.273 0.483052
36.7 7598.53 -122.952 -122.076 0.525105
36.8 7586.24 -122.94 -121.88 0.562069
36.9 7573.95 -122.906 -121.683 0.594554
37 7561.67 -122.852 -121.487 0.623097
37.1 7549.39 -122.781 -121.29 0.648169
37.2 7537.13 -122.695 -121.094 0.670188
37.3 7524.87 -122.596 -120.898 0.689518
37.4 7512.63 -122.485 -120.702 0.706483
37.5 7500.4 -122.363 -120.506 0.721366
37.6 7488.19 -122.233 -120.311 0.734415
37.7 7475.98 -122.095 -120.116 0.745852
37.8 7463.8 -121.95 -119.921 0.75587
37.9 7451.62 -121.799 -119.726 0.764639
38 7439.47 -121.643 -119.531 0.772308
38.1 7427.33 -121.482 -119.337 0.77901
38.2 7415.2 -121.318 -119.143 0.784861
38.3 7403.1 -121.149 -118.95 0.789963
38.4 7391.01 -120.978 -118.756 0.794406
38.5 7378.94 -120.804 -118.563 0.798269
38.6 7366.88 -120.628 -118.37 0.801621
38.7 7354.85 -120.45 -118.178 0.804526
38.8 7342.83 -120.27 -117.985 0.807035
38.9 7330.83 -120.089 -117.793 0.809197
39 7318.85 -119.907 -117.602 0.811053
39.1 7306.88 -119.723 -117.41 0.812641
39.2 7294.94 -119.539 -117.219 0.813992
39.3 7283.01 -119.354 -117.028 0.815136
39.4 7271.1 -119.168 -116.838 0.816096
39.5 7259.22 -118.982 -116.647 0.816896
39.6 7247.35 -118.795 -116.458 0.817555
39.7 7235.49 -118.608 -116.268 0.81809
39.8 7223.66 -118.421 -116.079 0.818515
39.9 7211.85 -118.234 -115.89 0.818845
40 7200.05 -118.046 -115.701 0.81909
40.1 7188.28 -117.859 -115.512 0.819261
40.2 7176.52 -117.671 -115.324 0.819367
40.3 7164.78 -117.484 -115.136 0.819416
40.4 7153.06 -117.296 -114.949 0.819414
40.5 7141.36 -117.109 -114.762 0.819369
40.6 7129.67 -116.921 -114.575 0.819285
40.7 7118.01 -116.734 -114.388 0.819167
40.8 7106.37 -116.547 -114.202 0.819019
40.9 7094.74 -116.36 -114.016 0.818845
41 7083.13 -116.173 -113.83 0.818648
41.1 7071.54 -115.987 -113.645 0.818431
41.2 7059.97 -115.801 -113.46 0.818197
41.3 7048.42 -115.614 -113.275 0.817948
41.4 7036.88 -115.429 -113.09 0.817684
41.5 7025.37 -115.243 -112.906 0.81741
41.6 7013.87 -115.058 -112.722 0.817125
41.7 7002.4 -114.872 -112.538 0.816831
41.8 6990.94 -114.688 -112.355 0.816529
41.9 6979.49 -114.503 -112.172 0.816221
42 6968.07 -114.319 -111.989 0.815907
42.1 6956.67 -114.135 -111.807 0.815587
42.2 6945.28 -113.951 -111.625 0.815264
42.3 6933.91 -113.767 -111.443 0.814936
42.4 6922.56 -113.584 -111.261 0.814606
42.5 6911.23 -113.401 -111.08 0.814272
42.6 6899.92 -113.218 -110.899 0.813937
42.7 6888.63 -113.036 -110.718 0.813599
42.8 6877.35 -112.854 -110.538 0.813259
42.9 6866.09 -112.672 -110.357 0.812918
43 6854.85 -112.491 -110.178 0.812576
43.1 6843.63 -112.309 -109.998 0.812233
43.2 6832.43 -112.128 -109.819 0.811889
43.3 6821.24 -111.948 -109.64 0.811545
43.4 6810.07 -111.767 -109.461 0.8112
43.5 6798.92 -111.587 -109.283 0.810855
43.6 6787.79 -111.407 -109.105 0.81051
43.7 6776.68 -111.228 -108.927 0.810164
43.8 6765.58 -111.048 -108.749 0.809818
43.9 6754.5 -110.869 -108.572 0.809473
44 6743.44 -110.691 -108.395 0.809127
44.1 6732.4 -110.512 -108.218 0.808782
44.2 6721.38 -110.334 -108.042 0.808437
44.3 6710.37 -110.156 -107.866 0.808092
44.4 6699.38 -109.979 -107.69 0.807748
44.5 6688.41 -109.802 -107.515 0.807404
44.6 6677.46 -109.625 -107.339 0.80706
44.7 6666.52 -109.448 -107.164 0.806716
44.8 6655.6 -109.272 -106.99 0.806373
44.9 6644.7 -109.095 -106.815 0.806031
45 6633.82 -108.92 -106.641 0.805688
45.1 6622.95 -108.744 -106.467 0.805347
45.2 6612.1 -108.569 -106.294 0.805005
45.3 6601.27 -108.394 -106.12 0.804664
45.4 6590.46 -108.219 -105.947 0.804324
45.5 6579.66 -108.045 -105.775 0.803984
45.6 6568.89 -107.87 -105.602 0.803645
45.7 6558.13 -107.697 -105.43 0.803306
45.8 6547.38 -107.523 -105.258 0.802967
45.9 6536.66 -107.35 -105.086 0.80263
46 6525.95 -107.177 -104.915 0.802292
46.1 6515.25 -107.004 -104.744 0.801955
46.2 6504.58 -106.831 -104.573 0.801619
46.3 6493.92 -106.659 -104.403 0.801283
46.4 6483.28 -106.487 -104.233 0.800948
46.5 6472.66 -106.316 -104.063 0.800613
46.6 6462.05 -106.144 -103.893 0.800279
46.7 6451.47 -105.973 -103.723 0.799945
46.8 6440.89 -105.802 -103.554 0.799612
46.9 6430.34 -105.632 -103.385 0.799279
47 6419.8 -105.462 -103.217 0.798947
47.1 6409.28 -105.292 -103.048 0.798615
47.2 6398.78 -105.122 -102.88 0.798284
47.3 6388.29 -104.952 -102.713 0.797953
47.4 6377.82 -104.783 -102.545 0.797623
47.5 6367.37 -104.614 -102.378 0.797293
47.6 6356.93 -104.446 -102.211 0.796964
47.7 6346.51 -104.277 -102.044 0.796635
47.8 6336.11 -104.109 -101.878 0.796307
47.9 6325.72 -103.941 -101.712 0.795979
48 6315.35 -103.774 -101.546 0.795652
48.1 6305 -103.607 -101.38 0.795325
48.2 6294.67 -103.44 -101.215 0.794999
48.3 6284.35 -103.273 -101.05 0.794673
48.4 6274.05 -103.106 -100.885 0.794348
48.5 6263.76 -102.94 -100.72 0.794023
48.6 6253.49 -102.774 -100.556 0.793699
48.7 6243.24 -102.609 -100.392 0.793375
48.8 6233 -102.443 -100.228 0.793051
48.9 6222.78 -102.278 -100.065 0.792729
49 6212.58 -102.113 -99.9013 0.792406
49.1 6202.39 -101.949 -99.7383 0.792084
49.2 6192.22 -101.784 -99.5756 0.791763
49.3 6182.07 -101.62 -99.4131 0.791442
49.4 6171.93 -101.457 -99.2509 0.791121
49.5 6161.81 -101.293 -99.089 0.790801
49.6 6151.71 -101.13 -98.9273 0.790482
49.7 6141.62 -100.967 -98.7659 0.790163
49.8 6131.54 -100.804 -98.6047 0.789844
49.9 6121.49 -100.641 -98.4438 0.789526
50 6111.45 -100.479 -98.2832 0.789208
50.1 6101.42 -100.317 -98.1228 0.788891
50.2 6091.42 -100.156 -97.9627 0.788574
50.3 6081.43 -99.9941 -97.8028 0.788258
50.4 6071.45 -99.8329 -97.6432 0.787942
50.5 6061.49 -99.672 -97.4839 0.787626
50.6 6051.55 -99.5113 -97.3248 0.787311
50.7 6041.62 -99.3509 -97.1659 0.786997
50.8 6031.71 -99.1908 -97.0074 0.786683
50.9 6021.82 -99.0309 -96.849 0.786369
51 6011.94 -98.8713 -96.691 0.786056
51.1 6002.07 -98.7119 -96.5332 0.785743
51.2 5992.23 -98.5528 -96.3756 0.785431
51.3 5982.39 -98.3939 -96.2183 0.785119
51.4 5972.58 -98.2353 -96.0613 0.784807
51.5 5962.78 -98.0769 -95.9045 0.784496
51.6 5952.99 -97.9188 -95.7479 0.784186
51.7 5943.23 -97.761 -95.5916 0.783875
51.8 5933.47 -97.6034 -95.4356 0.783566
51.9 5923.74 -97.4461 -95.2798 0.783256
52 5914.02 -97.289 -95.1243 0.782947
52.1 5904.31 -97.1322 -94.969 0.782639
52.2 5894.62 -96.9756 -94.8139 0.782331
52.3 5884.95 -96.8193 -94.6592 0.782023
52.4 5875.29 -96.6632 -94.5046 0.781716
52.5 5865.65 -96.5074 -94.3503 0.781409
52.6 5856.02 -96.3518 -94.1963 0.781102
52.7 5846.41 -96.1965 -94.0425 0.780796
52.8 5836.81 -96.0414 -93.889 0.78049
52.9 5827.23 -95.8866 -93.7357 0.780185
53 5817.66 -95.732 -93.5826 0.77988
53.1 5808.11 -95.5777 -93.4298 0.779576
53.2 5798.58 -95.4236 -93.2773 0.779272
53.3 5789.06 -95.2698 -93.1249 0.778968
53.4 5779.56 -95.1162 -92.9729 0.778665
53.5 5770.07 -94.9629 -92.8211 0.778362
53.6 5760.59 -94.8098 -92.6695 0.77806
53.7 5751.14 -94.657 -92.5182 0.777758
53.8 5741.69 -94.5044 -92.3671 0.777456
53.9 5732.26 -94.352 -92.2162 0.777155
54 5722.85 -94.1999 -92.0656 0.776854
54.1 5713.46 -94.0481 -91.9153 0.776553
54.2 5704.07 -93.8964 -91.7652 0.776253
54.3 5694.71 -93.7451 -91.6153 0.775953
54.4 5685.35 -93.5939 -91.4657 0.775654
54.5 5676.02 -93.4431 -91.3163 0.775355
54.6 5666.7 -93.2924 -91.1671 0.775057
54.7 5657.39 -93.142 -91.0182 0.774758
54.8 5648.1 -92.9919 -90.8696 0.77446
54.9 5638.82 -92.8419 -90.7211 0.774163
55 5629.56 -92.6923 -90.5729 0.773866
55.1 5620.31 -92.5428 -90.425 0.773569
55.2 5611.08 -92.3937 -90.2773 0.773273
55.3 5601.86 -92.2447 -90.1298 0.772977
55.4 5592.66 -92.096 -89.9826 0.772681
55.5 5583.47 -91.9475 -89.8356 0.772386
55.6 5574.3 -91.7993 -89.6888 0.772091
55.7 5565.14 -91.6513 -89.5423 0.771796
55.8 5556 -91.5035 -89.396 0.771502
55.9 5546.87 -91.356 -89.25 0.771208
56 5537.76 -91.2087 -89.1041 0.770915
56.1 5528.66 -91.0617 -88.9586 0.770622
56.2 5519.58 -90.9149 -88.8132 0.770329
56.3 5510.51 -90.7683 -88.6681 0.770037
56.4 5501.45 -90.6219 -88.5232 0.769745
56.5 5492.41 -90.4758 -88.3786 0.769453
56.6 5483.39 -90.33 -88.2342 0.769162
56.7 5474.37 -90.1843 -88.09 0.768871
56.8 5465.38 -90.0389 -87.946 0.76858
56.9 5456.4 -89.8938 -87.8023 0.76829
57 5447.43 -89.7488 -87.6588 0.768
57.1 5438.47 -89.6041 -87.5156 0.76771
57.2 5429.54 -89.4597 -87.3726 0.767421
57.3 5420.61 -89.3154 -87.2298 0.767132
57.4 5411.7 -89.1714 -87.0872 0.766843
57.5 5402.81 -89.0277 -86.9449 0.766555
57.6 5393.92 -88.8841 -86.8028 0.766267
57.7 5385.06 -88.7408 -86.6609 0.765979
57.8 5376.21 -88.5977 -86.5193 0.765692
57.9 5367.37 -88.4549 -86.3779 0.765405
58 5358.54 -88.3123 -86.2367 0.765118
58.1 5349.73 -88.1699 -86.0957 0.764832
58.2 5340.94 -88.0277 -85.955 0.764546
58.3 5332.16 -87.8858 -85.8145 0.764261
58.4 5323.39 -87.7441 -85.6742 0.763975
58.5 5314.64 -87.6026 -85.5342 0.76369
58.6 5305.9 -87.4614 -85.3943 0.763406
58.7 5297.17 -87.3203 -85.2547 0.763121
58.8 5288.46 -87.1796 -85.1154 0.762837
58.9 5279.76 -87.039 -84.9762 0.762553
59 5271.08 -86.8986 -84.8373 0.76227
59.1 5262.41 -86.7585 -84.6986 0.761987
59.2 5253.76 -86.6186 -84.5601 0.761704
59.3 5245.12 -86.479 -84.4219 0.761422
59.4 5236.49 -86.3395 -84.2838 0.76114
59.5 5227.88 -86.2003 -84.146 0.760858
59.6 5219.28 -86.0613 -84.0084 0.760576
59.7 5210.69 -85.9225 -83.8711 0.760295
59.8 5202.12 -85.784 -83.7339 0.760014
59.9 5193.56 -85.6457 -83.597 0.759734
60 5185.02 -85.5076 -83.4603 0.759453
60.1 5176.49 -85.3697 -83.3238 0.759173
60.2 5167.97 -85.232 -83.1876 0.758894
60.3 5159.47 -85.0946 -83.0515 0.758614
60.4 5150.98 -84.9574 -82.9157 0.758335
60.5 5142.51 -84.8204 -82.7801 0.758057
60.6 5134.04 -84.6836 -82.6447 0.757778
60.7 5125.6 -84.547 -82.5095 0.7575
60.8 5117.16 -84.4107 -82.3746 0.757222
60.9 5108.74 -84.2746 -82.2399 0.756944
61 5100.33 -84.1387 -82.1053 0.756667
61.1 5091.94 -84.003 -81.971 0.75639
61.2 5083.56 -83.8675 -81.837 0.756113
61.3 5075.19 -83.7323 -81.7031 0.755837
61.4 5066.84 -83.5973 -81.5695 0.755561
61.5 5058.5 -83.4624 -81.436 0.755285
61.6 5050.18 -83.3279 -81.3028 0.755009
61.7 5041.86 -83.1935 -81.1698 0.754734
61.8 5033.56 -83.0593 -81.037 0.754459
61.9 5025.28 -82.9254 -80.9044 0.754185
62 5017.01 -82.7916 -80.7721 0.75391
62.1 5008.75 -82.6581 -80.6399 0.753636
62.2 5000.5 -82.5248 -80.508 0.753362
62.3 4992.27 -82.3917 -80.3763 0.753089
62.4 4984.05 -82.2589 -80.2448 0.752815
62.5 4975.84 -82.1262 -80.1135 0.752542
62.6 4967.65 -81.9937 -79.9824 0.75227
62.7 4959.47 -81.8615 -79.8515 0.751997
62.8 4951.3 -81.7295 -79.7209 0.751725
62.9 4943.15 -81.5977 -79.5904 0.751453
63 4935.01 -81.4661 -79.4602 0.751181
63.1 4926.88 -81.3347 -79.3301 0.75091
63.2 4918.77 -81.2035 -79.2003 0.750639
63.3 4910.67 -81.0725 -79.0707 0.750368
63.4 4902.58 -80.9418 -78.9413 0.750097
63.5 4894.51 -80.8112 -78.8121 0.749827
63.6 4886.45 -80.6809 -78.6831 0.749557
63.7 4878.4 -80.5508 -78.5544 0.749287
63.8 4870.36 -80.4209 -78.4258 0.749018
63.9 4862.34 -80.2912 -78.2974 0.748749
64 4854.33 -80.1617 -78.1693 0.74848
64.1 4846.33 -80.0324 -78.0413 0.748211
64.2 4838.35 -79.9033 -77.9136 0.747943
64.3 4830.38 -79.7744 -77.786 0.747674
64.4 4822.42 -79.6457 -77.6587 0.747407
64.5 4814.47 -79.5173 -77.5316 0.747139
64.6 4806.54 -79.389 -77.4047 0.746871
64.7 4798.62 -79.261 -77.2779 0.746604
64.8 4790.71 -79.1331 -77.1514 0.746337
64.9 4782.82 -79.0055 -77.0251 0.746071
65 4774.94 -78.878 -76.899 0.745804
65.1 4767.07 -78.7508 -76.7731 0.745538
65.2 4759.21 -78.6238 -76.6474 0.745272
65.3 4751.37 -78.497 -76.5219 0.745007
65.4 4743.54 -78.3704 -76.3966 0.744741
65.5 4735.72 -78.2439 -76.2716 0.744476
65.6 4727.92 -78.1177 -76.1467 0.744212
65.7 4720.12 -77.9917 -76.022 0.743947
65.8 4712.34 -77.8659 -75.8975 0.743683
65.9 4704.58 -77.7403 -75.7732 0.743418
66 4696.82 -77.6149 -75.6491 0.743155
66.1 4689.08 -77.4897 -75.5252 0.742891
66.2 4681.35 -77.3647 -75.4016 0.742628
66.3 4673.63 -77.2399 -75.2781 0.742364
66.4 4665.92 -77.1153 -75.1548 0.742101
66.5 4658.23 -76.9909 -75.0317 0.741839
66.6 4650.55 -76.8667 -74.9088 0.741576
66.7 4642.88 -76.7427 -74.7861 0.741314
66.8 4635.23 -76.6189 -74.6636 0.741052
66.9 4627.58 -76.4953 -74.5413 0.740791
67 4619.95 -76.3719 -74.4192 0.740529
67.1 4612.33 -76.2487 -74.2973 0.740268
67.2 4604.73 -76.1257 -74.1756 0.740007
67.3 4597.13 -76.0029 -74.0541 0.739746
67.4 4589.55 -75.8803 -73.9328 0.739486
67.5 4581.98 -75.7578 -73.8117 0.739225
67.6 4574.42 -75.6356 -73.6908 0.738965
67.7 4566.88 -75.5136 -73.5701 0.738705
67.8 4559.35 -75.3918 -73.4495 0.738446
67.9 4551.83 -75.2701 -73.3292 0.738186
68 4544.32 -75.1487 -73.2091 0.737927
68.1 4536.82 -75.0275 -73.0891 0.737668
68.2 4529.34 -74.9064 -72.9694 0.73741
68.3 4521.86 -74.7856 -72.8498 0.737151
68.4 4514.4 -74.6649 -72.7304 0.736893
68.5 4506.95 -74.5444 -72.6113 0.736635
68.6 4499.52 -74.4242 -72.4923 0.736377
68.7 4492.09 -74.3041 -72.3735 0.73612
68.8 4484.68 -74.1842 -72.2549 0.735862
68.9 4477.28 -74.0645 -72.1365 0.735605
69 4469.89 -73.945 -72.0183 0.735349
69.1 4462.52 -73.8257 -71.9002 0.735092
69.2 4455.15 -73.7066 -71.7824 0.734835
69.3 4447.8 -73.5877 -71.6648 0.734579
69.4 4440.46 -73.4689 -71.5473 0.734323
69.5 4433.13 -73.3504 -71.43 0.734067
69.6 4425.81 -73.232 -71.313 0.733812
69.7 4418.5 -73.1139 -71.1961 0.733557
69.8 4411.21 -72.9959 -71.0794 0.733301
69.9 4403.93 -72.8781 -70.9629 0.733047
70 4396.66 -72.7605 -70.8465 0.732792
70.1 4389.4 -72.6431 -70.7304 0.732537
70.2 4382.15 -72.5259 -70.6145 0.732283
70.3 4374.92 -72.4088 -70.4987 0.732029
70.4 4367.7 -72.292 -70.3831 0.731775
70.5 4360.48 -72.1753 -70.2677 0.731522
70.6 4353.28 -72.0589 -70.1525 0.731268
70.7 4346.1 -71.9426 -70.0375 0.731015
70.8 4338.92 -71.8265 -69.9227 0.730762
70.9 4331.75 -71.7106 -69.808 0.730509
71 4324.6 -71.5949 -69.6936 0.730257
71.1 4317.46 -71.4793 -69.5793 0.730005
71.2 4310.33 -71.364 -69.4652 0.729752
71.3 4303.21 -71.2488 -69.3513 0.7295
71.4 4296.1 -71.1338 -69.2376 0.729249
71.5 4289 -71.019 -69.1241 0.728997
71.6 4281.92 -70.9044 -69.0107 0.728746
71.7 4274.85 -70.79 -68.8975 0.728495
71.8 4267.78 -70.6758 -68.7845 0.728244
71.9 4260.73 -70.5617 -68.6717 0.727993
72 4253.69 -70.4478 -68.5591 0.727743
72.1 4246.67 -70.3341 -68.4467 0.727492
72.2 4239.65 -70.2206 -68.3344 0.727242
72.3 4232.64 -70.1073 -68.2223 0.726992
72.4 4225.65 -69.9941 -68.1104 0.726743
72.5 4218.67 -69.8812 -67.9987 0.726493
72.6 4211.7 -69.7684 -67.8872 0.726244
72.7 4204.74 -69.6558 -67.7758 0.725995
72.8 4197.79 -69.5434 -67.6646 0.725746
72.9 4190.85 -69.4311 -67.5536 0.725497
73 4183.93 -69.319 -67.4428 0.725249
73.1 4177.01 -69.2072 -67.3322 0.725
73.2 4170.11 -69.0955 -67.2217 0.724752
73.3 4163.21 -68.9839 -67.1114 0.724504
73.4 4156.33 -68.8726 -67.0013 0.724257
73.5 4149.46 -68.7614 -66.8914 0.724009
73.6 4142.6 -68.6504 -66.7816 0.723762
73.7 4135.75 -68.5396 -66.672 0.723515
73.8 4128.92 -68.429 -66.5626 0.723268
73.9 4122.09 -68.3185 -66.4534 0.723021
74 4115.27 -68.2083 -66.3444 0.722775
74.1 4108.47 -68.0982 -66.2355 0.722528
74.2 4101.68 -67.9882 -66.1268 0.722282
74.3 4094.89 -67.8785 -66.0183 0.722036
74.4 4088.12 -67.7689 -65.91 0.72179
74.5 4081.36 -67.6595 -65.8018 0.721545
74.6 4074.61 -67.5503 -65.6938 0.721299
74.7 4067.87 -67.4413 -65.586 0.721054
74.8 4061.15 -67.3324 -65.4783 0.720809
74.9 4054.43 -67.2237 -65.3709 0.720564
75 4047.72 -67.1152 -65.2636 0.72032
75.1 4041.03 -67.0068 -65.1564 0.720075
75.2 4034.34 -66.8986 -65.0495 0.719831
75.3 4027.67 -66.7906 -64.9427 0.719587
75.4 4021.01 -66.6828 -64.8361 0.719343
75.5 4014.35 -66.5752 -64.7297 0.719099
75.6 4007.71 -66.4677 -64.6234 0.718856
75.7 4001.08 -66.3604 -64.5173 0.718612
75.8 3994.46 -66.2532 -64.4114 0.718369
75.9 3987.85 -66.1463 -64.3057 0.718126
76 3981.25 -66.0395 -64.2001 0.717883
76.1 3974.67 -65.9329 -64.0947 0.717641
76.2 3968.09 -65.8264 -63.9894 0.717398
76.3 3961.52 -65.7201 -63.8844 0.717156
76.4 3954.97 -65.614 -63.7795 0.716914
76.5 3948.42 -65.5081 -63.6747 0.716672
76.6 3941.89 -65.4023 -63.5702 0.71643
76.7 3935.36 -65.2967 -63.4658 0.716189
76.8 3928.85 -65.1913 -63.3616 0.715947
76.9 3922.34 -65.086 -63.2575 0.715706
77 3915.85 -64.981 -63.1536 0.715465
77.1 3909.37 -64.876 -63.0499 0.715224
77.2 3902.9 -64.7713 -62.9464 0.714984
77.3 3896.44 -64.6667 -62.843 0.714743
77.4 3889.98 -64.5623 -62.7398 0.714503
77.5 3883.54 -64.458 -62.6367 0.714263
77.6 3877.11 -64.3539 -62.5338 0.714023
77.7 3870.69 -64.25 -62.4311 0.713783
77.8 3864.28 -64.1463 -62.3286 0.713544
77.9 3857.89 -64.0427 -62.2262 0.713304
78 3851.5 -63.9393 -62.124 0.713065
78.1 3845.12 -63.836 -62.0219 0.712826
78.2 3838.75 -63.7329 -61.92 0.712587
78.3 3832.39 -63.63 -61.8183 0.712348
78.4 3826.04 -63.5273 -61.7167 0.71211
78.5 3819.71 -63.4247 -61.6153 0.711871
78.6 3813.38 -63.3223 -61.5141 0.711633
78.7 3807.06 -63.22 -61.413 0.711395
78.8 3800.76 -63.1179 -61.3121 0.711157
78.9 3794.46 -63.016 -61.2114 0.71092
79 3788.17 -62.9142 -61.1108 0.710682
79.1 3781.9 -62.8126 -61.0104 0.710445
79.2 3775.63 -62.7111 -60.9101 0.710208
79.3 3769.38 -62.6099 -60.81 0.709971
79.4 3763.13 -62.5087 -60.7101 0.709734
79.5 3756.89 -62.4078 -60.6103 0.709497
79.6 3750.67 -62.307 -60.5107 0.70926
79.7 3744.45 -62.2064 -60.4112 0.709024
79.8 3738.25 -62.1059 -60.312 0.708788
79.9 3732.05 -62.0056 -60.2128 0.708552
80 3725.87 -61.9054 -60.1139 0.708316
80.1 3719.69 -61.8055 -60.0151 0.70808
80.2 3713.53 -61.7056 -59.9164 0.707845
80.3 3707.37 -61.606 -59.8179 0.70761
80.4 3701.22 -61.5065 -59.7196 0.707374
80.5 3695.09 -61.4071 -59.6214 0.707139
80.6 3688.96 -61.3079 -59.5234 0.706904
80.7 3682.85 -61.2089 -59.4255 0.70667
80.8 3676.74 -61.11 -59.3278 0.706435
80.9 3670.64 -61.0113 -59.2303 0.706201
81 3664.56 -60.9128 -59.1329 0.705967
81.1 3658.48 -60.8144 -59.0357 0.705733
81.2 3652.41 -60.7161 -58.9386 0.705499
81.3 3646.36 -60.618 -58.8417 0.705265
81.4 3640.31 -60.5201 -58.745 0.705032
81.5 3634.27 -60.4224 -58.6484 0.704798
81.6 3628.25 -60.3248 -58.5519 0.704565
81.7 3622.23 -60.2273 -58.4556 0.704332
81.8 3616.22 -60.13 -58.3595 0.704099
81.9 3610.22 -60.0329 -58.2635 0.703866
82 3604.23 -59.9359 -58.1677 0.703634
82.1 3598.25 -59.8391 -58.0721 0.703401
82.2 3592.28 -59.7424 -57.9765 0.703169
82.3 3586.32 -59.6459 -57.8812 0.702937
82.4 3580.37 -59.5495 -57.786 0.702705
82.5 3574.43 -59.4533 -57.6909 0.702473
82.6 3568.5 -59.3572 -57.596 0.702241
82.7 3562.58 -59.2613 -57.5013 0.70201
82.8 3556.67 -59.1656 -57.4067 0.701779
82.9 3550.77 -59.07 -57.3123 0.701547
83 3544.87 -58.9746 -57.218 0.701316
83.1 3538.99 -58.8793 -57.1239 0.701085
83.2 3533.12 -58.7842 -57.0299 0.700855
83.3 3527.25 -58.6892 -56.9361 0.700624
83.4 3521.4 -58.5944 -56.8424 0.700394
83.5 3515.55 -58.4997 -56.7489 0.700164
83.6 3509.72 -58.4052 -56.6555 0.699933
83.7 3503.89 -58.3108 -56.5623 0.699704
83.8 3498.07 -58.2166 -56.4692 0.699474
83.9 3492.27 -58.1225 -56.3763 0.699244
84 3486.47 -58.0286 -56.2835 0.699015
84.1 3480.68 -57.9348 -56.1909 0.698785
84.2 3474.9 -57.8412 -56.0984 0.698556
84.3 3469.13 -57.7477 -56.0061 0.698327
84.4 3463.37 -57.6544 -55.9139 0.698098
84.5 3457.62 -57.5612 -55.8219 0.69787
84.6 3451.88 -57.4682 -55.73 0.697641
84.7 3446.14 -57.3754 -55.6383 0.697413
84.8 3440.42 -57.2826 -55.5467 0.697184
84.9 3434.71 -57.1901 -55.4553 0.696956
85 3429 -57.0976 -55.364 0.696728
85.1 3423.3 -57.0054 -55.2729 0.696501
85.2 3417.62 -56.9132 -55.1819 0.696273
85.3 3411.94 -56.8213 -55.091 0.696045
85.4 3406.27 -56.7294 -55.0003 0.695818
85.5 3400.61 -56.6378 -54.9098 0.695591
85.6 3394.96 -56.5462 -54.8194 0.695364
85.7 3389.32 -56.4548 -54.7291 0.695137
85.8 3383.69 -56.3636 -54.639 0.69491
85.9 3378.07 -56.2725 -54.5491 0.694684
86 3372.45 -56.1815 -54.4593 0.694457
86.1 3366.85 -56.0907 -54.3696 0.694231
86.2 3361.25 -56.0001 -54.2801 0.694005
86.3 3355.67 -55.9096 -54.1907 0.693779
86.4 3350.09 -55.8192 -54.1014 0.693553
86.5 3344.52 -55.729 -54.0123 0.693327
86.6 3338.96 -55.6389 -53.9234 0.693102
86.7 3333.41 -55.549 -53.8346 0.692876
86.8 3327.87 -55.4592 -53.7459 0.692651
86.9 3322.34 -55.3695 -53.6574 0.692426
87 3316.81 -55.28 -53.569 0.692201
87.1 3311.3 -55.1907 -53.4808 0.691976
87.2 3305.79 -55.1015 -53.3927 0.691751
87.3 3300.3 -55.0124 -53.3047 0.691527
87.4 3294.81 -54.9235 -53.2169 0.691302
87.5 3289.33 -54.8347 -53.1293 0.691078
87.6 3283.86 -54.746 -53.0418 0.690854
87.7 3278.4 -54.6575 -52.9544 0.69063
87.8 3272.95 -54.5692 -52.8671 0.690406
87.9 3267.5 -54.4809 -52.78 0.690183
88 3262.07 -54.3929 -52.6931 0.689959
88.1 3256.64 -54.3049 -52.6063 0.689736
88.2 3251.22 -54.2171 -52.5196 0.689512
88.3 3245.82 -54.1295 -52.433 0.689289
88.4 3240.42 -54.042 -52.3466 0.689066
88.5 3235.02 -53.9546 -52.2604 0.688843
88.6 3229.64 -53.8674 -52.1743 0.688621
88.7 3224.27 -53.7803 -52.0883 0.688398
88.8 3218.9 -53.6933 -52.0025 0.688176
88.9 3213.55 -53.6065 -51.9167 0.687954
89 3208.2 -53.5198 -51.8312 0.687732
89.1 3202.86 -53.4333 -51.7458 0.68751
89.2 3197.53 -53.3469 -51.6605 0.687288
89.3 3192.21 -53.2607 -51.5753 0.687066
89.4 3186.89 -53.1745 -51.4903 0.686845
89.5 3181.59 -53.0886 -51.4054 0.686623
89.6 3176.29 -53.0027 -51.3207 0.686402
89.7 3171.01 -52.917 -51.2361 0.686181
89.8 3165.73 -52.8314 -51.1516 0.68596
89.9 3160.46 -52.746 -51.0673 0.685739
90 3155.2 -52.6607 -50.9831 0.685518
90.1 3149.94 -52.5756 -50.8991 0.685298
90.2 3144.7 -52.4906 -50.8152 0.685077
90.3 3139.46 -52.4057 -50.7314 0.684857
90.4 3134.23 -52.3209 -50.6477 0.684637
90.5 3129.01 -52.2363 -50.5642 0.684417
90.6 3123.8 -52.1518 -50.4809 0.684197
90.7 3118.6 -52.0675 -50.3976 0.683977
90.8 3113.41 -51.9833 -50.3145 0.683758
90.9 3108.22 -51.8992 -50.2315 0.683538
91 3103.04 -51.8153 -50.1487 0.683319
91.1 3097.87 -51.7315 -50.066 0.6831
91.2 3092.71 -51.6478 -49.9834 0.682881
91.3 3087.56 -51.5643 -49.901 0.682662
91.4 3082.42 -51.4809 -49.8187 0.682443
91.5 3077.28 -51.3976 -49.7365 0.682224
91.6 3072.15 -51.3145 -49.6545 0.682006
91.7 3067.04 -51.2315 -49.5726 0.681788
91.8 3061.93 -51.1486 -49.4908 0.681569
91.9 3056.82 -51.0659 -49.4092 0.681351
92 3051.73 -50.9833 -49.3277 0.681133
92.1 3046.64 -50.9009 -49.2463 0.680916
92.2 3041.56 -50.8185 -49.165 0.680698
92.3 3036.5 -50.7363 -49.0839 0.68048
92.4 3031.43 -50.6543 -49.0029 0.680263
92.5 3026.38 -50.5723 -48.9221 0.680046
92.6 3021.34 -50.4905 -48.8414 0.679829
92.7 3016.3 -50.4088 -48.7608 0.679612
92.8 3011.27 -50.3273 -48.6803 0.679395
92.9 3006.25 -50.2459 -48.6 0.679178
93 3001.24 -50.1646 -48.5198 0.678961
93.1 2996.23 -50.0835 -48.4397 0.678745
93.2 2991.24 -50.0024 -48.3598 0.678529
93.3 2986.25 -49.9215 -48.28 0.678312
93.4 2981.27 -49.8408 -48.2003 0.678096
93.5 2976.3 -49.7602 -48.1207 0.677881
93.6 2971.33 -49.6796 -48.0413 0.677665
93.7 2966.38 -49.5993 -47.962 0.677449
93.8 2961.43 -49.519 -47.8829 0.677234
93.9 2956.49 -49.4389 -47.8038 0.677018
94 2951.56 -49.3589 -47.7249 0.676803
94.1 2946.63 -49.2791 -47.6461 0.676588
94.2 2941.72 -49.1993 -47.5675 0.676373
94.3 2936.81 -49.1197 -47.489 0.676158
94.4 2931.91 -49.0403 -47.4105 0.675943
94.5 2927.02 -48.9609 -47.3323 0.675729
94.6 2922.13 -48.8817 -47.2541 0.675514
94.7 2917.26 -48.8026 -47.1761 0.6753
94.8 2912.39 -48.7236 -47.0982 0.675086
94.9 2907.53 -48.6448 -47.0204 0.674872
95 2902.68 -48.5661 -46.9428 0.674658
95.1 2897.83 -48.4875 -46.8653 0.674444
95.2 2892.99 -48.409 -46.7879 0.67423
95.3 2888.16 -48.3307 -46.7106 0.674017
95.4 2883.34 -48.2525 -46.6335 0.673803
95.5 2878.53 -48.1744 -46.5565 0.67359
95.6 2873.72 -48.0965 -46.4796 0.673377
95.7 2868.93 -48.0186 -46.4028 0.673164
95.8 2864.14 -47.9409 -46.3262 0.672951
95.9 2859.35 -47.8633 -46.2496 0.672738
96 2854.58 -47.7859 -46.1732 0.672526
96.1 2849.81 -47.7085 -46.097 0.672313
96.2 2845.05 -47.6313 -46.0208 0.672101
96.3 2840.3 -47.5542 -45.9448 0.671889
96.4 2835.56 -47.4773 -45.8689 0.671677
96.5 2830.82 -47.4004 -45.7931 0.671465
96.6 2826.09 -47.3237 -45.7175 0.671253
96.7 2821.37 -47.2471 -45.6419 0.671041
96.8 2816.66 -47.1707 -45.5665 0.67083
96.9 2811.95 -47.0943 -45.4912 0.670618
97 2807.25 -47.0181 -45.4161 0.670407
97.1 2802.56 -46.942 -45.341 0.670196
97.2 2797.88 -46.866 -45.2661 0.669985
97.3 2793.21 -46.7902 -45.1913 0.669774
97.4 2788.54 -46.7144 -45.1166 0.669563
97.5 2783.88 -46.6388 -45.042 0.669352
97.6 2779.23 -46.5633 -44.9676 0.669142
97.7 2774.58 -46.4879 -44.8933 0.668931
97.8 2769.94 -46.4127 -44.8191 0.668721
97.9 2765.31 -46.3376 -44.745 0.668511
98 2760.69 -46.2625 -44.671 0.668301
98.1 2756.08 -46.1877 -44.5972 0.668091
98.2 2751.47 -46.1129 -44.5235 0.667881
98.3 2746.87 -46.0382 -44.4499 0.667671
98.4 2742.27 -45.9637 -44.3764 0.667462
98.5 2737.69 -45.8893 -44.303 0.667252
98.6 2733.11 -45.815 -44.2298 0.667043
98.7 2728.54 -45.7408 -44.1567 0.666834
98.8 2723.98 -45.6668 -44.0837 0.666625
98.9 2719.42 -45.5928 -44.0108 0.666416
99 2714.87 -45.519 -43.938 0.666207
99.1 2710.33 -45.4453 -43.8653 0.665999
99.2 2705.8 -45.3718 -43.7928 0.66579
99.3 2701.27 -45.2983 -43.7204 0.665582
99.4 2696.76 -45.225 -43.6481 0.665374
99.5 2692.24 -45.1517 -43.5759 0.665166
99.6 2687.74 -45.0786 -43.5038 0.664958
99.7 2683.24 -45.0056 -43.4319 0.66475
99.8 2678.75 -44.9328 -43.36 0.664542
99.9 2674.27 -44.86 -43.2883 0.664334
100 2669.8 -44.7874 -43.2167 0.664127
100.1 2665.33 -44.7148 -43.1452 0.66392
100.2 2660.87 -44.6424 -43.0739 0.663712
100.3 2656.41 -44.5701 -43.0026 0.663505
100.4 2651.97 -44.498 -42.9315 0.663298
100.5 2647.53 -44.4259 -42.8605 0.663091
100.6 2643.1 -44.354 -42.7895 0.662885
100.7 2638.67 -44.2821 -42.7188 0.662678
100.8 2634.25 -44.2104 -42.6481 0.662471
100.9 2629.84 -44.1388 -42.5775 0.662265
101 2625.44 -44.0674 -42.5071 0.662059
101.1 2621.05 -43.996 -42.4367 0.661853
101.2 2616.66 -43.9247 -42.3665 0.661647
101.3 2612.27 -43.8536 -42.2964 0.661441
101.4 2607.9 -43.7826 -42.2264 0.661235
101.5 2603.53 -43.7117 -42.1565 0.66103
101.6 2599.17 -43.6409 -42.0867 0.660824
101.7 2594.82 -43.5702 -42.0171 0.660619
101.8 2590.47 -43.4996 -41.9475 0.660413
101.9 2586.13 -43.4292 -41.8781 0.660208
102 2581.8 -43.3588 -41.8088 0.660003
102.1 2577.47 -43.2886 -41.7396 0.659799
102.2 2573.16 -43.2185 -41.6705 0.659594
102.3 2568.84 -43.1485 -41.6015 0.659389
102.4 2564.54 -43.0786 -41.5326 0.659185
102.5 2560.24 -43.0088 -41.4639 0.65898
102.6 2555.95 -42.9391 -41.3952 0.658776
102.7 2551.67 -42.8696 -41.3267 0.658572
102.8 2547.39 -42.8001 -41.2583 0.658368
102.9 2543.12 -42.7308 -41.19 0.658164
103 2538.86 -42.6616 -41.1218 0.65796
103.1 2534.6 -42.5925 -41.0537 0.657757
103.2 2530.36 -42.5235 -40.9857 0.657553
103.3 2526.11 -42.4546 -40.9178 0.65735
103.4 2521.88 -42.3858 -40.8501 0.657146
103.5 2517.65 -42.3171 -40.7824 0.656943
103.6 2513.43 -42.2486 -40.7149 0.65674
103.7 2509.21 -42.1801 -40.6474 0.656537
103.8 2505.01 -42.1118 -40.5801 0.656335
103.9 2500.81 -42.0435 -40.5129 0.656132
104 2496.61 -41.9754 -40.4458 0.655929
104.1 2492.42 -41.9074 -40.3788 0.655727
104.2 2488.24 -41.8395 -40.3119 0.655525
104.3 2484.07 -41.7717 -40.2451 0.655323
104.4 2479.9 -41.704 -40.1784 0.655121
104.5 2475.74 -41.6365 -40.1119 0.654919
104.6 2471.59 -41.569 -40.0454 0.654717
104.7 2467.44 -41.5016 -39.9791 0.654515
104.8 2463.3 -41.4344 -39.9128 0.654314
104.9 2459.17 -41.3673 -39.8467 0.654112
105 2455.04 -41.3002 -39.7807 0.653911
105.1 2450.92 -41.2333 -39.7147 0.65371
105.2 2446.81 -41.1665 -39.6489 0.653509
105.3 2442.7 -41.0998 -39.5832 0.653308
105.4 2438.6 -41.0332 -39.5176 0.653107
105.5 2434.51 -40.9667 -39.4521 0.652906
105.6 2430.42 -40.9003 -39.3867 0.652706
105.7 2426.34 -40.834 -39.3215 0.652505
105.8 2422.27 -40.7678 -39.2563 0.652305
105.9 2418.2 -40.7017 -39.1912 0.652105
106 2414.14 -40.6358 -39.1263 0.651905
106.1 2410.09 -40.5699 -39.0614 0.651705
106.2 2406.04 -40.5042 -38.9966 0.651505
106.3 2402 -40.4385 -38.932 0.651305
106.4 2397.97 -40.373 -38.8675 0.651105
106.5 2393.94 -40.3075 -38.803 0.650906
106.6 2389.92 -40.2422 -38.7387 0.650706
106.7 2385.9 -40.177 -38.6744 0.650507
106.8 2381.89 -40.1119 -38.6103 0.650308
106.9 2377.89 -40.0468 -38.5463 0.650109
107 2373.9 -39.9819 -38.4824 0.64991
107.1 2369.91 -39.9171 -38.4186 0.649711
107.2 2365.93 -39.8524 -38.3548 0.649513
107.3 2361.95 -39.7878 -38.2912 0.649314
107.4 2357.98 -39.7233 -38.2277 0.649116
107.5 2354.02 -39.6589 -38.1643 0.648918
107.6 2350.06 -39.5946 -38.101 0.648719
107.7 2346.11 -39.5304 -38.0378 0.648521
107.8 2342.17 -39.4664 -37.9747 0.648323
107.9 2338.23 -39.4024 -37.9117 0.648126
108 2334.3 -39.3385 -37.8489 0.647928
108.1 2330.38 -39.2747 -37.7861 0.64773
108.2 2326.46 -39.211 -37.7234 0.647533
108.3 2322.55 -39.1475 -37.6608 0.647336
108.4 2318.64 -39.084 -37.5983 0.647138
108.5 2314.75 -39.0206 -37.5359 0.646941
108.6 2310.85 -38.9574 -37.4736 0.646744
108.7 2306.97 -38.8942 -37.4115 0.646547
108.8 2303.09 -38.8311 -37.3494 0.646351
108.9 2299.21 -38.7682 -37.2874 0.646154
109 2295.35 -38.7053 -37.2255 0.645957
109.1 2291.48 -38.6426 -37.1638 0.645761
109.2 2287.63 -38.5799 -37.1021 0.645565
109.3 2283.78 -38.5173 -37.0405 0.645369
109.4 2279.94 -38.4549 -36.979 0.645173
109.5 2276.1 -38.3925 -36.9176 0.644977
109.6 2272.27 -38.3303 -36.8564 0.644781
109.7 2268.45 -38.2681 -36.7952 0.644585
109.8 2264.63 -38.2061 -36.7341 0.64439
109.9 2260.82 -38.1441 -36.6731 0.644194
110 2257.01 -38.0822 -36.6122 0.643999
110.1 2253.22 -38.0205 -36.5515 0.643804
110.2 2249.42 -37.9588 -36.4908 0.643609
110.3 2245.64 -37.8973 -36.4302 0.643414
110.4 2241.86 -37.8358 -36.3697 0.643219
110.5 2238.08 -37.7744 -36.3093 0.643024
110.6 2234.31 -37.7132 -36.249 0.64283
110.7 2230.55 -37.652 -36.1888 0.642635
110.8 2226.8 -37.5909 -36.1287 0.642441
110.9 2223.05 -37.53 -36.0687 0.642246
111 2219.3 -37.4691 -36.0088 0.642052
111.1 2215.56 -37.4083 -35.949 0.641858
111.2 2211.83 -37.3476 -35.8893 0.641664
111.3 2208.11 -37.2871 -35.8297 0.641471
111.4 2204.39 -37.2266 -35.7702 0.641277
111.5 2200.67 -37.1662 -35.7108 0.641083
111.6 2196.97 -37.1059 -35.6514 0.64089
111.7 2193.26 -37.0457 -35.5922 0.640697
111.8 2189.57 -36.9856 -35.5331 0.640503
111.9 2185.88 -36.9256 -35.4741 0.64031
112 2182.2 -36.8657 -35.4151 0.640117
112.1 2178.52 -36.8059 -35.3563 0.639924
112.2 2174.85 -36.7462 -35.2975 0.639732
112.3 2171.18 -36.6866 -35.2389 0.639539
112.4 2167.52 -36.6271 -35.1803 0.639347
112.5 2163.87 -36.5676 -35.1219 0.639154
112.6 2160.22 -36.5083 -35.0635 0.638962
112.7 2156.58 -36.4491 -35.0052 0.63877
112.8 2152.94 -36.3899 -34.9471 0.638578
112.9 2149.31 -36.3309 -34.889 0.638386
113 2145.69 -36.272 -34.831 0.638194
113.1 2142.07 -36.2131 -34.7731 0.638002
113.2 2138.46 -36.1543 -34.7153 0.637811
113.3 2134.85 -36.0957 -34.6576 0.637619
113.4 2131.25 -36.0371 -34.6 0.637428
113.5 2127.65 -35.9786 -34.5425 0.637237
113.6 2124.06 -35.9203 -34.485 0.637046
113.7 2120.48 -35.862 -34.4277 0.636855
113.8 2116.9 -35.8038 -34.3705 0.636664
113.9 2113.33 -35.7457 -34.3133 0.636473
114 2109.77 -35.6877 -34.2563 0.636282
114.1 2106.21 -35.6298 -34.1993 0.636092
114.2 2102.65 -35.5719 -34.1424 0.635901
114.3 2099.1 -35.5142 -34.0856 0.635711
114.4 2095.56 -35.4566 -34.029 0.635521
114.5 2092.02 -35.399 -33.9724 0.635331
114.6 2088.49 -35.3416 -33.9159 0.635141
114.7 2084.97 -35.2842 -33.8595 0.634951
114.8 2081.45 -35.2269 -33.8031 0.634761
114.9 2077.93 -35.1698 -33.7469 0.634572
115 2074.42 -35.1127 -33.6908 0.634382
115.1 2070.92 -35.0557 -33.6347 0.634193
115.2 2067.42 -34.9988 -33.5788 0.634004
115.3 2063.93 -34.942 -33.5229 0.633815
115.4 2060.45 -34.8853 -33.4672 0.633626
115.5 2056.97 -34.8287 -33.4115 0.633437
115.6 2053.49 -34.7721 -33.3559 0.633248
115.7 2050.02 -34.7157 -33.3004 0.633059
115.8 2046.56 -34.6593 -33.245 0.632871
115.9 2043.1 -34.6031 -33.1897 0.632682
116 2039.65 -34.5469 -33.1344 0.632494
116.1 2036.21 -34.4908 -33.0793 0.632306
116.2 2032.76 -34.4348 -33.0242 0.632118
116.3 2029.33 -34.3789 -32.9693 0.63193
116.4 2025.9 -34.3231 -32.9144 0.631742
116.5 2022.48 -34.2674 -32.8596 0.631554
116.6 2019.06 -34.2118 -32.8049 0.631366
116.7 2015.64 -34.1562 -32.7503 0.631179
116.8 2012.24 -34.1008 -32.6958 0.630991
116.9 2008.84 -34.0454 -32.6414 0.630804
117 2005.44 -33.9901 -32.587 0.630617
117.1 2002.05 -33.9349 -32.5328 0.63043
117.2 1998.66 -33.8798 -32.4786 0.630243
117.3 1995.28 -33.8248 -32.4245 0.630056
117.4 1991.91 -33.7699 -32.3705 0.629869
117.5 1988.54 -33.7151 -32.3166 0.629683
117.6 1985.18 -33.6603 -32.2628 0.629496
117.7 1981.82 -33.6057 -32.2091 0.62931
117.8 1978.47 -33.5511 -32.1555 0.629123
117.9 1975.12 -33.4966 -32.1019 0.628937
118 1971.78 -33.4422 -32.0485 0.628751
118.1 1968.44 -33.3879 -31.9951 0.628565
118.2 1965.11 -33.3337 -31.9418 0.628379
118.3 1961.79 -33.2796 -31.8886 0.628194
118.4 1958.47 -33.2255 -31.8355 0.628008
118.5 1955.15 -33.1715 -31.7824 0.627823
118.6 1951.84 -33.1177 -31.7295 0.627637
118.7 1948.54 -33.0639 -31.6766 0.627452
118.8 1945.24 -33.0102 -31.6239 0.627267
118.9 1941.95 -32.9566 -31.5712 0.627082
119 1938.66 -32.9031 -31.5186 0.626897
119.1 1935.38 -32.8496 -31.4661 0.626712
119.2 1932.1 -32.7963 -31.4136 0.626527
119.3 1928.83 -32.743 -31.3613 0.626343
119.4 1925.56 -32.6898 -31.309 0.626158
119.5 1922.3 -32.6367 -31.2568 0.625974
119.6 1919.05 -32.5837 -31.2047 0.62579
119.7 1915.8 -32.5308 -31.1527 0.625606
119.8 1912.55 -32.4779 -31.1008 0.625422
119.9 1909.31 -32.4252 -31.049 0.625238
120 1906.08 -32.3725 -30.9972 0.625054
120.1 1902.85 -32.3199 -30.9456 0.62487
120.2 1899.62 -32.2674 -30.894 0.624687
120.3 1896.4 -32.215 -30.8425 0.624503
120.4 1893.19 -32.1626 -30.791 0.62432
120.5 1889.98 -32.1104 -30.7397 0.624137
120.6 1886.78 -32.0582 -30.6885 0.623954
120.7 1883.58 -32.0061 -30.6373 0.623771
120.8 1880.39 -31.9541 -30.5862 0.623588
120.9 1877.2 -31.9022 -30.5352 0.623405
121 1874.02 -31.8504 -30.4843 0.623222
121.1 1870.84 -31.7986 -30.4335 0.62304
121.2 1867.67 -31.747 -30.3827 0.622857
121.3 1864.5 -31.6954 -30.332 0.622675
121.4 1861.34 -31.6439 -30.2814 0.622493
121.5 1858.18 -31.5925 -30.2309 0.622311
121.6 1855.03 -31.5411 -30.1805 0.622129
121.7 1851.89 -31.4899 -30.1302 0.621947
121.8 1848.74 -31.4387 -30.0799 0.621765
121.9 1845.61 -31.3876 -30.0297 0.621583
122 1842.48 -31.3366 -29.9796 0.621402
122.1 1839.35 -31.2857 -29.9296 0.62122
122.2 1836.23 -31.2349 -29.8797 0.621039
122.3 1833.11 -31.1841 -29.8298 0.620858
122.4 1830 -31.1334 -29.78 0.620677
122.5 1826.9 -31.0828 -29.7304 0.620496
122.6 1823.8 -31.0323 -29.6807 0.620315
122.7 1820.7 -30.9819 -29.6312 0.620134
122.8 1817.61 -30.9315 -29.5818 0.619953
122.9 1814.52 -30.8813 -29.5324 0.619773
123 1811.44 -30.8311 -29.4831 0.619592
123.1 1808.37 -30.781 -29.4339 0.619412
123.2 1805.3 -30.7309 -29.3848 0.619232
123.3 1802.23 -30.681 -29.3357 0.619052
123.4 1799.17 -30.6311 -29.2867 0.618872
123.5 1796.12 -30.5813 -29.2379 0.618692
123.6 1793.07 -30.5316 -29.189 0.618512
123.7 1790.02 -30.482 -29.1403 0.618332
123.8 1786.98 -30.4324 -29.0917 0.618153
123.9 1783.94 -30.383 -29.0431 0.617973
124 1780.91 -30.3336 -28.9946 0.617794
124.1 1777.89 -30.2843 -28.9462 0.617615
124.2 1774.86 -30.235 -28.8978 0.617436
124.3 1771.85 -30.1859 -28.8496 0.617257
124.4 1768.84 -30.1368 -28.8014 0.617078
124.5 1765.83 -30.0878 -28.7533 0.616899
124.6 1762.83 -30.0389 -28.7053 0.616721
124.7 1759.83 -29.99 -28.6573 0.616542
124.8 1756.84 -29.9413 -28.6095 0.616364
124.9 1753.85 -29.8926 -28.5617 0.616185
125 1750.87 -29.844 -28.514 0.616007
125.1 1747.9 -29.7955 -28.4663 0.615829
125.2 1744.92 -29.747 -28.4188 0.615651
125.3 1741.96 -29.6987 -28.3713 0.615473
125.4 1738.99 -29.6504 -28.3239 0.615295
125.5 1736.04 -29.6022 -28.2766 0.615118
125.6 1733.08 -29.554 -28.2293 0.61494
125.7 1730.13 -29.506 -28.1821 0.614763
125.8 1727.19 -29.458 -28.1351 0.614585
125.9 1724.25 -29.4101 -28.088 0.614408
126 1721.32 -29.3622 -28.0411 0.614231
126.1 1718.39 -29.3145 -27.9942 0.614054
126.2 1715.47 -29.2668 -27.9474 0.613877
126.3 1712.55 -29.2192 -27.9007 0.6137
126.4 1709.63 -29.1717 -27.8541 0.613523
126.5 1706.72 -29.1243 -27.8075 0.613347
126.6 1703.82 -29.0769 -27.761 0.61317
126.7 1700.91 -29.0296 -27.7146 0.612994
126.8 1698.02 -28.9824 -27.6683 0.612818
126.9 1695.13 -28.9353 -27.622 0.612642
127 1692.24 -28.8882 -27.5759 0.612466
127.1 1689.36 -28.8412 -27.5298 0.61229
127.2 1686.48 -28.7943 -27.4837 0.612114
127.3 1683.61 -28.7475 -27.4378 0.611938
127.4 1680.74 -28.7007 -27.3919 0.611763
127.5 1677.88 -28.654 -27.3461 0.611587
127.6 1675.02 -28.6074 -27.3003 0.611412
127.7 1672.17 -28.5609 -27.2547 0.611237
127.8 1669.32 -28.5144 -27.2091 0.611061
127.9 1666.47 -28.468 -27.1636 0.610886
128 1663.63 -28.4217 -27.1181 0.610711
128.1 1660.8 -28.3755 -27.0728 0.610537
128.2 1657.97 -28.3293 -27.0275 0.610362
128.3 1655.14 -28.2832 -26.9823 0.610187
128.4 1652.32 -28.2372 -26.9371 0.610013
128.5 1649.5 -28.1912 -26.8921 0.609838
128.6 1646.69 -28.1454 -26.8471 0.609664
128.7 1643.88 -28.0996 -26.8021 0.60949
128.8 1641.08 -28.0539 -26.7573 0.609316
128.9 1638.28 -28.0082 -26.7125 0.609142
129 1635.49 -27.9626 -26.6678 0.608968
129.1 1632.7 -27.9171 -26.6232 0.608794
129.2 1629.91 -27.8717 -26.5786 0.608621
129.3 1627.13 -27.8264 -26.5341 0.608447
129.4 1624.36 -27.7811 -26.4897 0.608274
129.5 1621.59 -27.7359 -26.4454 0.6081
129.6 1618.82 -27.6907 -26.4011 0.607927
129.7 1616.06 -27.6457 -26.3569 0.607754
129.8 1613.3 -27.6007 -26.3128 0.607581
129.9 1610.55 -27.5558 -26.2687 0.607408
130 1607.8 -27.5109 -26.2247 0.607235
130.1 1605.05 -27.4662 -26.1808 0.607063
130.2 1602.31 -27.4215 -26.137 0.60689
130.3 1599.58 -27.3768 -26.0932 0.606718
130.4 1596.85 -27.3323 -26.0495 0.606545
130.5 1594.12 -27.2878 -26.0059 0.606373
130.6 1591.4 -27.2434 -25.9624 0.606201
130.7 1588.68 -27.199 -25.9189 0.606029
130.8 1585.97 -27.1547 -25.8755 0.605857
130.9 1583.26 -27.1105 -25.8321 0.605685
131 1580.55 -27.0664 -25.7889 0.605513
131.1 1577.85 -27.0224 -25.7457 0.605342
131.2 1575.16 -26.9784 -25.7025 0.60517
131.3 1572.47 -26.9345 -25.6595 0.604999
131.4 1569.78 -26.8906 -25.6165 0.604828
131.5 1567.1 -26.8468 -25.5735 0.604657
131.6 1564.42 -26.8031 -25.5307 0.604486
131.7 1561.74 -26.7595 -25.4879 0.604315
131.8 1559.08 -26.7159 -25.4452 0.604144
131.9 1556.41 -26.6724 -25.4026 0.603973
132 1553.75 -26.629 -25.36 0.603802
132.1 1551.09 -26.5857 -25.3175 0.603632
132.2 1548.44 -26.5424 -25.2751 0.603461
132.3 1545.79 -26.4992 -25.2327 0.603291
132.4 1543.15 -26.456 -25.1904 0.603121
132.5 1540.51 -26.4129 -25.1482 0.602951
132.6 1537.88 -26.3699 -25.106 0.602781
132.7 1535.25 -26.327 -25.0639 0.602611
132.8 1532.62 -26.2841 -25.0219 0.602441
132.9 1530 -26.2413 -24.98 0.602271
133 1527.38 -26.1986 -24.9381 0.602102
133.1 1524.77 -26.1559 -24.8963 0.601932
133.2 1522.16 -26.1133 -24.8545 0.601763
133.3 1519.55 -26.0708 -24.8128 0.601594
133.4 1516.95 -26.0283 -24.7712 0.601425
133.5 1514.35 -25.986 -24.7297 0.601256
133.6 1511.76 -25.9436 -24.6882 0.601087
133.7 1509.17 -25.9014 -24.6468 0.600918
133.8 1506.59 -25.8592 -24.6055 0.600749
133.9 1504.01 -25.8171 -24.5642 0.60058
134 1501.44 -25.775 -24.523 0.600412
134.1 1498.86 -25.733 -24.4818 0.600243
134.2 1496.3 -25.6911 -24.4408 0.600075
134.3 1493.73 -25.6493 -24.3998 0.599907
134.4 1491.18 -25.6075 -24.3588 0.599739
134.5 1488.62 -25.5658 -24.3179 0.599571
134.6 1486.07 -25.5242 -24.2771 0.599403
134.7 1483.52 -25.4826 -24.2364 0.599235
134.8 1480.98 -25.4411 -24.1957 0.599068
134.9 1478.44 -25.3996 -24.1551 0.5989
135 1475.91 -25.3582 -24.1146 0.598733
135.1 1473.38 -25.3169 -24.0741 0.598565
135.2 1470.86 -25.2757 -24.0337 0.598398
135.3 1468.33 -25.2345 -23.9934 0.598231
135.4 1465.82 -25.1934 -23.9531 0.598064
135.5 1463.3 -25.1524 -23.9129 0.597897
135.6 1460.8 -25.1114 -23.8727 0.59773
135.7 1458.29 -25.0705 -23.8326 0.597563
135.8 1455.79 -25.0296 -23.7926 0.597397
135.9 1453.29 -24.9888 -23.7527 0.59723
136 1450.8 -24.9481 -23.7128 0.597064
136.1 1448.31 -24.9075 -23.673 0.596897
136.2 1445.83 -24.8669 -23.6332 0.596731
136.3 1443.35 -24.8264 -23.5935 0.596565
136.4 1440.87 -24.7859 -23.5539 0.596399
136.5 1438.4 -24.7455 -23.5143 0.596233
136.6 1435.93 -24.7052 -23.4748 0.596067
136.7 1433.46 -24.6649 -23.4354 0.595902
136.8 1431 -24.6247 -23.396 0.595736
136.9 1428.55 -24.5846 -23.3567 0.595571
137 1426.09 -24.5445 -23.3175 0.595405
137.1 1423.65 -24.5045 -23.2783 0.59524
137.2 1421.2 -24.4646 -23.2392 0.595075
137.3 1418.76 -24.4247 -23.2002 0.59491
137.4 1416.32 -24.3849 -23.1612 0.594745
137.5 1413.89 -24.3452 -23.1223 0.59458
137.6 1411.46 -24.3055 -23.0834 0.594415
137.7 1409.04 -24.2659 -23.0446 0.59425
137.8 1406.62 -24.2263 -23.0059 0.594086
137.9 1404.2 -24.1868 -22.9672 0.593921
138 1401.79 -24.1474 -22.9286 0.593757
138.1 1399.38 -24.108 -22.8901 0.593593
138.2 1396.97 -24.0687 -22.8516 0.593429
138.3 1394.57 -24.0295 -22.8132 0.593265
138.4 1392.18 -23.9903 -22.7748 0.593101
138.5 1389.78 -23.9512 -22.7365 0.592937
138.6 1387.39 -23.9122 -22.6983 0.592773
138.7 1385.01 -23.8732 -22.6601 0.59261
138.8 1382.63 -23.8343 -22.622 0.592446
138.9 1380.25 -23.7954 -22.584 0.592283
139 1377.88 -23.7566 -22.546 0.592119
139.1 1375.51 -23.7179 -22.5081 0.591956
139.2 1373.14 -23.6792 -22.4702 0.591793
139.3 1370.78 -23.6406 -22.4324 0.59163
139.4 1368.42 -23.6021 -22.3947 0.591467
139.5 1366.07 -23.5636 -22.357 0.591304
139.6 1363.71 -23.5251 -22.3194 0.591142
139.7 1361.37 -23.4868 -22.2819 0.590979
139.8 1359.03 -23.4485 -22.2444 0.590816
139.9 1356.69 -23.4102 -22.207 0.590654
140 1354.35 -23.3721 -22.1696 0.590492
140.1 1352.02 -23.334 -22.1323 0.59033
140.2 1349.69 -23.2959 -22.0951 0.590167
140.3 1347.37 -23.2579 -22.0579 0.590005
140.4 1345.05 -23.22 -22.0208 0.589844
140.5 1342.73 -23.1821 -21.9837 0.589682
140.6 1340.42 -23.1443 -21.9467 0.58952
140.7 1338.11 -23.1065 -21.9098 0.589359
140.8 1335.8 -23.0689 -21.8729 0.589197
140.9 1333.5 -23.0312 -21.8361 0.589036
141 1331.21 -22.9937 -21.7993 0.588874
141.1 1328.91 -22.9562 -21.7626 0.588713
141.2 1326.62 -22.9187 -21.726 0.588552
141.3 1324.34 -22.8813 -21.6894 0.588391
141.4 1322.05 -22.844 -21.6529 0.58823
141.5 1319.77 -22.8067 -21.6164 0.58807
141.6 1317.5 -22.7695 -21.58 0.587909
141.7 1315.23 -22.7324 -21.5437 0.587748
141.8 1312.96 -22.6953 -21.5074 0.587588
141.9 1310.7 -22.6583 -21.4711 0.587427
142 1308.44 -22.6213 -21.435 0.587267
142.1 1306.18 -22.5844 -21.3989 0.587107
142.2 1303.93 -22.5476 -21.3628 0.586947
142.3 1301.68 -22.5108 -21.3268 0.586787
142.4 1299.43 -22.474 -21.2909 0.586627
142.5 1297.19 -22.4374 -21.255 0.586467
142.6 1294.95 -22.4008 -21.2192 0.586308
142.7 1292.72 -22.3642 -21.1835 0.586148
142.8 1290.49 -22.3277 -21.1478 0.585989
142.9 1288.26 -22.2913 -21.1121 0.585829
143 1286.04 -22.2549 -21.0766 0.58567
143.1 1283.82 -22.2186 -21.041 0.585511
143.2 1281.6 -22.1823 -21.0056 0.585352
143.3 1279.39 -22.1461 -20.9702 0.585193
143.4 1277.18 -22.11 -20.9348 0.585034
143.5 1274.97 -22.0739 -20.8995 0.584875
143.6 1272.77 -22.0379 -20.8643 0.584717
143.7 1270.57 -22.0019 -20.8291 0.584558
143.8 1268.38 -21.966 -20.794 0.5844
143.9 1266.18 -21.9302 -20.759 0.584241
144 1264 -21.8944 -20.724 0.584083
144.1 1261.81 -21.8586 -20.689 0.583925
144.2 1259.63 -21.823 -20.6541 0.583767
144.3 1257.46 -21.7873 -20.6193 0.583609
144.4 1255.28 -21.7518 -20.5845 0.583451
144.5 1253.11 -21.7163 -20.5498 0.583293
144.6 1250.95 -21.6808 -20.5151 0.583136
144.7 1248.78 -21.6454 -20.4805 0.582978
144.8 1246.62 -21.6101 -20.446 0.582821
144.9 1244.47 -21.5748 -20.4115 0.582663
145 1242.32 -21.5396 -20.3771 0.582506
145.1 1240.17 -21.5044 -20.3427 0.582349
145.2 1238.02 -21.4693 -20.3084 0.582192
145.3 1235.88 -21.4343 -20.2741 0.582035
145.4 1233.74 -21.3993 -20.2399 0.581878
145.5 1231.61 -21.3643 -20.2057 0.581721
145.6 1229.48 -21.3294 -20.1716 0.581564
145.7 1227.35 -21.2946 -20.1376 0.581408
145.8 1225.22 -21.2598 -20.1036 0.581251
145.9 1223.1 -21.2251 -20.0697 0.581095
146 1220.99 -21.1905 -20.0358 0.580939
146.1 1218.87 -21.1559 -20.002 0.580783
146.2 1216.76 -21.1213 -19.9682 0.580626
146.3 1214.66 -21.0868 -19.9345 0.58047
146.4 1212.55 -21.0524 -19.9008 0.580315
146.5 1210.45 -21.018 -19.8672 0.580159
146.6 1208.35 -20.9837 -19.8337 0.580003
146.7 1206.26 -20.9494 -19.8002 0.579847
146.8 1204.17 -20.9152 -19.7668 0.579692
146.9 1202.09 -20.8811 -19.7334 0.579537
147 1200 -20.8469 -19.7 0.579381
147.1 1197.92 -20.8129 -19.6668 0.579226
147.2 1195.85 -20.7789 -19.6335 0.579071
147.3 1193.77 -20.745 -19.6004 0.578916
147.4 1191.7 -20.7111 -19.5673 0.578761
147.5 1189.64 -20.6772 -19.5342 0.578606
147.6 1187.58 -20.6435 -19.5012 0.578452
147.7 1185.52 -20.6097 -19.4683 0.578297
147.8 1183.46 -20.5761 -19.4354 0.578142
147.9 1181.41 -20.5425 -19.4025 0.577988
148 1179.36 -20.5089 -19.3697 0.577834
148.1 1177.31 -20.4754 -19.337 0.577679
148.2 1175.27 -20.442 -19.3043 0.577525
148.3 1173.23 -20.4086 -19.2717 0.577371
148.4 1171.2 -20.3752 -19.2391 0.577217
148.5 1169.16 -20.3419 -19.2066 0.577064
148.6 1167.13 -20.3087 -19.1741 0.57691
148.7 1165.11 -20.2755 -19.1417 0.576756
148.8 1163.09 -20.2424 -19.1094 0.576603
148.9 1161.07 -20.2093 -19.0771 0.576449
149 1159.05 -20.1763 -19.0448 0.576296
149.1 1157.04 -20.1433 -19.0126 0.576143
149.2 1155.03 -20.1104 -18.9804 0.575989
149.3 1153.02 -20.0775 -18.9483 0.575836
149.4 1151.02 -20.0447 -18.9163 0.575683
149.5 1149.02 -20.012 -18.8843 0.57553
149.6 1147.02 -19.9793 -18.8524 0.575378
149.7 1145.03 -19.9466 -18.8205 0.575225
149.8 1143.04 -19.914 -18.7886 0.575072
149.9 1141.05 -19.8815 -18.7569 0.57492
150 1139.07 -19.849 -18.7251 0.574768
150.1 1137.09 -19.8165 -18.6934 0.574615
150.2 1135.11 -19.7841 -18.6618 0.574463
150.3 1133.14 -19.7518 -18.6302 0.574311
150.4 1131.17 -19.7195 -18.5987 0.574159
150.5 1129.2 -19.6873 -18.5672 0.574007
150.6 1127.24 -19.6551 -18.5358 0.573855
150.7 1125.28 -19.623 -18.5044 0.573703
150.8 1123.32 -19.5909 -18.4731 0.573552
150.9 1121.37 -19.5589 -18.4419 0.5734
151 1119.42 -19.5269 -18.4106 0.573249
151.1 1117.47 -19.495 -18.3795 0.573098
151.2 1115.52 -19.4631 -18.3484 0.572946
151.3 1113.58 -19.4313 -18.3173 0.572795
151.4 1111.64 -19.3995 -18.2863 0.572644
151.5 1109.71 -19.3678 -18.2553 0.572493
151.6 1107.78 -19.3361 -18.2244 0.572342
151.7 1105.85 -19.3045 -18.1935 0.572191
151.8 1103.92 -19.2729 -18.1627 0.572041
151.9 1102 -19.2414 -18.132 0.57189
152 1100.08 -19.21 -18.1013 0.57174
152.1 1098.16 -19.1785 -18.0706 0.571589
152.2 1096.25 -19.1472 -18.04 0.571439
152.3 1094.34 -19.1159 -18.0094 0.571289
152.4 1092.43 -19.0846 -17.9789 0.571139
152.5 1090.53 -19.0534 -17.9485 0.570989
152.6 1088.63 -19.0222 -17.918 0.570839
152.7 1086.73 -18.9911 -17.8877 0.570689
152.8 1084.84 -18.9601 -17.8574 0.570539
152.9 1082.94 -18.9291 -17.8271 0.57039
153 1081.06 -18.8981 -17.7969 0.57024
153.1 1079.17 -18.8672 -17.7667 0.570091
153.2 1077.29 -18.8363 -17.7366 0.569941
153.3 1075.41 -18.8055 -17.7066 0.569792
153.4 1073.53 -18.7748 -17.6765 0.569643
153.5 1071.66 -18.744 -17.6466 0.569494
153.6 1069.79 -18.7134 -17.6167 0.569345
153.7 1067.92 -18.6828 -17.5868 0.569196
153.8 1066.06 -18.6522 -17.557 0.569047
153.9 1064.2 -18.6217 -17.5272 0.568898
154 1062.34 -18.5912 -17.4975 0.56875
154.1 1060.49 -18.5608 -17.4678 0.568601
154.2 1058.64 -18.5305 -17.4382 0.568453
154.3 1056.79 -18.5001 -17.4086 0.568304
154.4 1054.94 -18.4699 -17.3791 0.568156
154.5 1053.1 -18.4396 -17.3496 0.568008
154.6 1051.26 -18.4095 -17.3202 0.56786
154.7 1049.42 -18.3794 -17.2908 0.567712
154.8 1047.59 -18.3493 -17.2615 0.567564
154.9 1045.76 -18.3193 -17.2322 0.567416
155 1043.93 -18.2893 -17.2029 0.567269
155.1 1042.11 -18.2593 -17.1737 0.567121
155.2 1040.29 -18.2295 -17.1446 0.566974
155.3 1038.47 -18.1996 -17.1155 0.566826
155.4 1036.65 -18.1698 -17.0865 0.566679
155.5 1034.84 -18.1401 -17.0575 0.566532
155.6 1033.03 -18.1104 -17.0285 0.566385
155.7 1031.22 -18.0808 -16.9996 0.566238
155.8 1029.42 -18.0512 -16.9707 0.566091
155.9 1027.62 -18.0216 -16.9419 0.565944
156 1025.82 -17.9921 -16.9132 0.565797
156.1 1024.03 -17.9627 -16.8844 0.56565
156.2 1022.24 -17.9333 -16.8558 0.565504
156.3 1020.45 -17.9039 -16.8272 0.565357
156.4 1018.66 -17.8746 -16.7986 0.565211
156.5 1016.88 -17.8454 -16.77 0.565065
156.6 1015.1 -17.8162 -16.7416 0.564918
156.7 1013.32 -17.787 -16.7131 0.564772
156.8 1011.55 -17.7579 -16.6847 0.564626
156.9 1009.77 -17.7288 -16.6564 0.56448
157 1008.01 -17.6998 -16.6281 0.564334
157.1 1006.24 -17.6708 -16.5998 0.564189
157.2 1004.48 -17.6419 -16.5716 0.564043
157.3 1002.72 -17.613 -16.5435 0.563897
157.4 1000.96 -17.5841 -16.5154 0.563752
157.5 999.207 -17.5553 -16.4873 0.563607
157.6 997.456 -17.5266 -16.4593 0.563461
157.7 995.707 -17.4979 -16.4313 0.563316
157.8 993.962 -17.4692 -16.4034 0.563171
157.9 992.219 -17.4406 -16.3755 0.563026
158 990.479 -17.4121 -16.3477 0.562881
158.1 988.742 -17.3836 -16.3199 0.562736
158.2 987.008 -17.3551 -16.2921 0.562591
158.3 985.277 -17.3267 -16.2644 0.562447
158.4 983.549 -17.2983 -16.2368 0.562302
158.5 981.823 -17.27 -16.2092 0.562158
158.6 980.1 -17.2417 -16.1816 0.562013
158.7 978.38 -17.2134 -16.1541 0.561869
158.8 976.663 -17.1852 -16.1266 0.561725
158.9 974.949 -17.1571 -16.0992 0.561581
159 973.238 -17.129 -16.0718 0.561437
159.1 971.529 -17.1009 -16.0445 0.561293
159.2 969.823 -17.0729 -16.0172 0.561149
159.3 968.12 -17.0449 -15.9899 0.561005
159.4 966.42 -17.017 -15.9627 0.560861
159.5 964.722 -16.9891 -15.9356 0.560718
159.6 963.027 -16.9613 -15.9084 0.560574
159.7 961.335 -16.9335 -15.8814 0.560431
159.8 959.646 -16.9058 -15.8543 0.560288
159.9 957.96 -16.8781 -15.8274 0.560144
160 956.276 -16.8504 -15.8004 0.560001
160.1 954.595 -16.8228 -15.7735 0.559858
160.2 952.917 -16.7952 -15.7467 0.559715
160.3 951.242 -16.7677 -15.7199 0.559572
160.4 949.569 -16.7403 -15.6931 0.55943
160.5 947.899 -16.7128 -15.6664 0.559287
160.6 946.232 -16.6854 -15.6397 0.559144
160.7 944.567 -16.6581 -15.6131 0.559002
160.8 942.906 -16.6308 -15.5865 0.558859
160.9 941.247 -16.6035 -15.5599 0.558717
161 939.59 -16.5763 -15.5334 0.558575
161.1 937.937 -16.5492 -15.507 0.558433
161.2 936.286 -16.522 -15.4806 0.55829
161.3 934.638 -16.4949 -15.4542 0.558148
161.4 932.992 -16.4679 -15.4279 0.558007
161.5 931.35 -16.4409 -15.4016 0.557865
161.6 929.71 -16.414 -15.3754 0.557723
161.7 928.072 -16.3871 -15.3492 0.557581
161.8 926.438 -16.3602 -15.323 0.55744
161.9 924.806 -16.3334 -15.2969 0.557298
162 923.176 -16.3066 -15.2708 0.557157
162.1 921.55 -16.2799 -15.2448 0.557016
162.2 919.926 -16.2532 -15.2188 0.556875
162.3 918.304 -16.2265 -15.1929 0.556733
162.4 916.686 -16.1999 -15.167 0.556592
162.5 915.07 -16.1734 -15.1411 0.556452
162.6 913.456 -16.1469 -15.1153 0.556311
162.7 911.846 -16.1204 -15.0895 0.55617
162.8 910.238 -16.0939 -15.0638 0.556029
162.9 908.632 -16.0676 -15.0381 0.555889
163 907.029 -16.0412 -15.0125 0.555748
163.1 905.429 -16.0149 -14.9869 0.555608
163.2 903.832 -15.9886 -14.9613 0.555467
163.3 902.237 -15.9624 -14.9358 0.555327
163.4 900.644 -15.9362 -14.9103 0.555187
163.5 899.055 -15.9101 -14.8849 0.555047
163.6 897.468 -15.884 -14.8595 0.554907
163.7 895.883 -15.858 -14.8341 0.554767
163.8 894.301 -15.832 -14.8088 0.554627
163.9 892.722 -15.806 -14.7835 0.554488
164 891.145 -15.7801 -14.7583 0.554348
164.1 889.571 -15.7542 -14.7331 0.554208
164.2 887.999 -15.7283 -14.708 0.554069
164.3 886.43 -15.7025 -14.6829 0.55393
164.4 884.864 -15.6768 -14.6578 0.55379
164.5 883.3 -15.6511 -14.6328 0.553651
164.6 881.739 -15.6254 -14.6078 0.553512
164.7 880.18 -15.5998 -14.5829 0.553373
164.8 878.624 -15.5742 -14.558 0.553234
164.9 877.071 -15.5486 -14.5331 0.553095
165 875.52 -15.5231 -14.5083 0.552956
165.1 873.971 -15.4976 -14.4835 0.552818
165.2 872.425 -15.4722 -14.4588 0.552679
165.3 870.882 -15.4468 -14.4341 0.552541
165.4 869.341 -15.4215 -14.4095 0.552402
165.5 867.802 -15.3962 -14.3848 0.552264
165.6 866.267 -15.3709 -14.3603 0.552126
165.7 864.733 -15.3457 -14.3357 0.551988
165.8 863.203 -15.3205 -14.3112 0.551849
165.9 861.674 -15.2953 -14.2868 0.551711
166 860.148 -15.2702 -14.2624 0.551574
166.1 858.625 -15.2452 -14.238 0.551436
166.2 857.104 -15.2202 -14.2137 0.551298
166.3 855.586 -15.1952 -14.1894 0.55116
166.4 854.07 -15.1702 -14.1651 0.551023
166.5 852.557 -15.1453 -14.1409 0.550885
166.6 851.046 -15.1205 -14.1167 0.550748
166.7 849.538 -15.0957 -14.0926 0.55061
166.8 848.032 -15.0709 -14.0685 0.550473
166.9 846.529 -15.0461 -14.0445 0.550336
167 845.028 -15.0214 -14.0204 0.550199
167.1 843.529 -14.9968 -13.9965 0.550062
167.2 842.033 -14.9722 -13.9725 0.549925
167.3 840.54 -14.9476 -13.9486 0.549788
167.4 839.049 -14.923 -13.9248 0.549652
167.5 837.56 -14.8985 -13.901 0.549515
167.6 836.074 -14.8741 -13.8772 0.549378
167.7 834.59 -14.8497 -13.8534 0.549242
167.8 833.109 -14.8253 -13.8297 0.549106
167.9 831.63 -14.8009 -13.8061 0.548969
168 830.154 -14.7766 -13.7825 0.548833
168.1 828.68 -14.7524 -13.7589 0.548697
168.2 827.208 -14.7281 -13.7353 0.548561
168.3 825.739 -14.7039 -13.7118 0.548425
168.4 824.272 -14.6798 -13.6884 0.548289
168.5 822.808 -14.6557 -13.6649 0.548153
168.6 821.346 -14.6316 -13.6415 0.548017
168.7 819.886 -14.6076 -13.6182 0.547882
168.8 818.429 -14.5836 -13.5949 0.547746
168.9 816.974 -14.5596 -13.5716 0.547611
169 815.522 -14.5357 -13.5483 0.547475
169.1 814.072 -14.5118 -13.5251 0.54734
169.2 812.624 -14.488 -13.502 0.547205
169.3 811.179 -14.4642 -13.4789 0.54707
169.4 809.736 -14.4405 -13.4558 0.546935
169.5 808.296 -14.4167 -13.4327 0.5468
169.6 806.858 -14.393 -13.4097 0.546665
169.7 805.422 -14.3694 -13.3867 0.54653
169.8 803.988 -14.3458 -13.3638 0.546395
169.9 802.557 -14.3222 -13.3409 0.54626
170 801.129 -14.2987 -13.3181 0.546126
170.1 799.702 -14.2752 -13.2952 0.545991
170.2 798.278 -14.2517 -13.2725 0.545857
170.3 796.857 -14.2283 -13.2497 0.545723
170.4 795.437 -14.2049 -13.227 0.545588
170.5 794.02 -14.1816 -13.2043 0.545454
170.6 792.606 -14.1583 -13.1817 0.54532
170.7 791.193 -14.135 -13.1591 0.545186
170.8 789.783 -14.1118 -13.1365 0.545052
170.9 788.376 -14.0886 -13.114 0.544918
171 786.97 -14.0654 -13.0915 0.544785
171.1 785.567 -14.0423 -13.0691 0.544651
171.2 784.166 -14.0192 -13.0467 0.544517
171.3 782.768 -13.9962 -13.0243 0.544384
171.4 781.372 -13.9732 -13.0019 0.54425
171.5 779.978 -13.9502 -12.9796 0.544117
171.6 778.586 -13.9273 -12.9574 0.543984
171.7 777.197 -13.9044 -12.9352 0.543851
171.8 775.81 -13.8815 -12.913 0.543718
171.9 774.425 -13.8587 -12.8908 0.543585
172 773.043 -13.8359 -12.8687 0.543452
172.1 771.663 -13.8132 -12.8466 0.543319
172.2 770.285 -13.7905 -12.8246 0.543186
172.3 768.909 -13.7678 -12.8025 0.543053
172.4 767.536 -13.7452 -12.7806 0.542921
172.5 766.165 -13.7226 -12.7586 0.542788
172.6 764.796 -13.7 -12.7367 0.542656
172.7 763.429 -13.6775 -12.7149 0.542523
172.8 762.065 -13.655 -12.693 0.542391
172.9 760.702 -13.6325 -12.6712 0.542259
173 759.343 -13.6101 -12.6495 0.542127
173.1 757.985 -13.5877 -12.6278 0.541995
173.2 756.63 -13.5654 -12.6061 0.541863
173.3 755.276 -13.5431 -12.5844 0.541731
173.4 753.925 -13.5208 -12.5628 0.541599
173.5 752.577 -13.4986 -12.5412 0.541467
173.6 751.23 -13.4764 -12.5197 0.541335
173.7 749.886 -13.4542 -12.4982 0.541204
173.8 748.544 -13.4321 -12.4767 0.541072
173.9 747.204 -13.41 -12.4553 0.540941
174 745.866 -13.3879 -12.4339 0.54081
174.1 744.531 -13.3659 -12.4125 0.540678
174.2 743.197 -13.3439 -12.3912 0.540547
174.3 741.866 -13.3219 -12.3699 0.540416
174.4 740.537 -13.3 -12.3486 0.540285
174.5 739.211 -13.2781 -12.3274 0.540154
174.6 737.886 -13.2563 -12.3062 0.540023
174.7 736.564 -13.2345 -12.285 0.539892
174.8 735.244 -13.2127 -12.2639 0.539762
174.9 733.926 -13.191 -12.2428 0.539631
175 732.61 -13.1693 -12.2218 0.539501
175.1 731.296 -13.1476 -12.2007 0.53937
175.2 729.984 -13.126 -12.1798 0.53924
175.3 728.675 -13.1043 -12.1588 0.539109
175.4 727.368 -13.0828 -12.1379 0.538979
175.5 726.063 -13.0613 -12.117 0.538849
175.6 724.76 -13.0398 -12.0962 0.538719
175.7 723.459 -13.0183 -12.0753 0.538589
175.8 722.161 -12.9969 -12.0546 0.538459
175.9 720.864 -12.9755 -12.0338 0.538329
176 719.57 -12.9541 -12.0131 0.538199
176.1 718.278 -12.9328 -11.9924 0.53807
176.2 716.987 -12.9115 -11.9718 0.53794
176.3 715.7 -12.8902 -11.9512 0.537811
176.4 714.414 -12.869 -11.9306 0.537681
176.5 713.13 -12.8478 -11.9101 0.537552
176.6 711.848 -12.8267 -11.8896 0.537422
176.7 710.569 -12.8056 -11.8691 0.537293
176.8 709.291 -12.7845 -11.8487 0.537164
176.9 708.016 -12.7634 -11.8283 0.537035
177 706.743 -12.7424 -11.8079 0.536906
177.1 705.472 -12.7214 -11.7875 0.536777
177.2 704.203 -12.7005 -11.7672 0.536648
177.3 702.936 -12.6796 -11.747 0.536519
177.4 701.671 -12.6587 -11.7267 0.536391
177.5 700.408 -12.6378 -11.7065 0.536262
177.6 699.148 -12.617 -11.6864 0.536134
177.7 697.889 -12.5963 -11.6662 0.536005
177.8 696.633 -12.5755 -11.6461 0.535877
177.9 695.378 -12.5548 -11.6261 0.535748
178 694.126 -12.5341 -11.606 0.53562
178.1 692.875 -12.5135 -11.586 0.535492
178.2 691.627 -12.4929 -11.566 0.535364
178.3 690.381 -12.4723 -11.5461 0.535236
178.4 689.137 -12.4517 -11.5262 0.535108
178.5 687.895 -12.4312 -11.5063 0.53498
178.6 686.655 -12.4107 -11.4865 0.534852
178.7 685.417 -12.3903 -11.4667 0.534725
178.8 684.181 -12.3699 -11.4469 0.534597
178.9 682.947 -12.3495 -11.4271 0.53447
179 681.715 -12.3291 -11.4074 0.534342
179.1 680.485 -12.3088 -11.3878 0.534215
179.2 679.257 -12.2886 -11.3681 0.534087
179.3 678.031 -12.2683 -11.3485 0.53396
179.4 676.808 -12.2481 -11.3289 0.533833
179.5 675.586 -12.2279 -11.3094 0.533706
179.6 674.366 -12.2078 -11.2899 0.533579
179.7 673.148 -12.1876 -11.2704 0.533452
179.8 671.933 -12.1675 -11.2509 0.533325
179.9 670.719 -12.1475 -11.2315 0.533198
180 669.507 -12.1275 -11.2121 0.533072
180.1 668.297 -12.1075 -11.1928 0.532945
180.2 667.09 -12.0875 -11.1734 0.532819
180.3 665.884 -12.0676 -11.1541 0.532692
180.4 664.68 -12.0477 -11.1349 0.532566
180.5 663.478 -12.0278 -11.1157 0.532439
180.6 662.278 -12.008 -11.0965 0.532313
180.7 661.081 -11.9882 -11.0773 0.532187
180.8 659.885 -11.9685 -11.0582 0.532061
180.9 658.691 -11.9487 -11.0391 0.531935
181 657.499 -11.929 -11.02 0.531809
181.1 656.309 -11.9094 -11.0009 0.531683
181.2 655.121 -11.8897 -10.9819 0.531557
181.3 653.935 -11.8701 -10.963 0.531431
181.4 652.751 -11.8505 -10.944 0.531306
181.5 651.569 -11.831 -10.9251 0.53118
181.6 650.389 -11.8115 -10.9062 0.531055
181.7 649.21 -11.792 -10.8874 0.530929
181.8 648.034 -11.7726 -10.8685 0.530804
181.9 646.86 -11.7531 -10.8498 0.530678
182 645.687 -11.7338 -10.831 0.530553
182.1 644.517 -11.7144 -10.8123 0.530428
182.2 643.348 -11.6951 -10.7936 0.530303
182.3 642.182 -11.6758 -10.7749 0.530178
182.4 641.017 -11.6565 -10.7563 0.530053
182.5 639.854 -11.6373 -10.7377 0.529928
182.6 638.693 -11.6181 -10.7191 0.529803
182.7 637.534 -11.5989 -10.7006 0.529679
182.8 636.377 -11.5798 -10.682 0.529554
182.9 635.222 -11.5607 -10.6636 0.529429
183 634.069 -11.5416 -10.6451 0.529305
183.1 632.918 -11.5226 -10.6267 0.529181
183.2 631.768 -11.5036 -10.6083 0.529056
183.3 630.621 -11.4846 -10.5899 0.528932
183.4 629.475 -11.4656 -10.5716 0.528808
183.5 628.331 -11.4467 -10.5533 0.528684
183.6 627.19 -11.4278 -10.535 0.52856
183.7 626.05 -11.409 -10.5168 0.528436
183.8 624.912 -11.3901 -10.4986 0.528312
183.9 623.775 -11.3713 -10.4804 0.528188
184 622.641 -11.3526 -10.4623 0.528064
184.1 621.509 -11.3338 -10.4441 0.52794
184.2 620.378 -11.3151 -10.426 0.527817
184.3 619.249 -11.2965 -10.408 0.527693
184.4 618.122 -11.2778 -10.39 0.52757
184.5 616.998 -11.2592 -10.372 0.527446
184.6 615.874 -11.2406 -10.354 0.527323
184.7 614.753 -11.222 -10.336 0.5272
184.8 613.634 -11.2035 -10.3181 0.527077
184.9 612.516 -11.185 -10.3003 0.526954
185 611.4 -11.1666 -10.2824 0.52683
185.1 610.286 -11.1481 -10.2646 0.526708
185.2 609.174 -11.1297 -10.2468 0.526585
185.3 608.064 -11.1113 -10.229 0.526462
185.4 606.956 -11.093 -10.2113 0.526339
185.5 605.849 -11.0747 -10.1936 0.526216
185.6 604.745 -11.0564 -10.1759 0.526094
185.7 603.642 -11.0381 -10.1583 0.525971
185.8 602.541 -11.0199 -10.1406 0.525849
185.9 601.441 -11.0017 -10.1231 0.525726
186 600.344 -10.9835 -10.1055 0.525604
186.1 599.248 -10.9654 -10.088 0.525482
186.2 598.154 -10.9473 -10.0705 0.52536
186.3 597.062 -10.9292 -10.053 0.525237
186.4 595.972 -10.9111 -10.0356 0.525115
186.5 594.884 -10.8931 -10.0181 0.524993
186.6 593.797 -10.8751 -10.0008 0.524871
186.7 592.712 -10.8571 -9.9834 0.52475
186.8 591.629 -10.8392 -9.96607 0.524628
186.9 590.548 -10.8213 -9.94877 0.524506
187 589.469 -10.8034 -9.9315 0.524385
187.1 588.391 -10.7856 -9.91426 0.524263
187.2 587.315 -10.7677 -9.89704 0.524142
187.3 586.241 -10.75 -9.87986 0.52402
187.4 585.169 -10.7322 -9.8627 0.523899
187.5 584.098 -10.7145 -9.84557 0.523777
187.6 583.029 -10.6968 -9.82847 0.523656
187.7 581.962 -10.6791 -9.8114 0.523535
187.8 580.897 -10.6614 -9.79435 0.523414
187.9 579.834 -10.6438 -9.77734 0.523293
188 578.772 -10.6262 -9.76035 0.523172
188.1 577.712 -10.6086 -9.74339 0.523051
188.2 576.654 -10.5911 -9.72646 0.522931
188.3 575.597 -10.5736 -9.70955 0.52281
188.4 574.542 -10.5561 -9.69268 0.522689
188.5 573.489 -10.5387 -9.67583 0.522569
188.6 572.438 -10.5212 -9.65901 0.522448
188.7 571.389 -10.5039 -9.64222 0.522328
188.8 570.341 -10.4865 -9.62545 0.522207
188.9 569.295 -10.4692 -9.60872 0.522087
189 568.25 -10.4518 -9.59201 0.521967
189.1 567.208 -10.4346 -9.57533 0.521847
189.2 566.167 -10.4173 -9.55867 0.521726
189.3 565.128 -10.4001 -9.54204 0.521606
189.4 564.09 -10.3829 -9.52545 0.521486
189.5 563.055 -10.3657 -9.50887 0.521367
189.6 562.021 -10.3486 -9.49233 0.521247
189.7 560.988 -10.3314 -9.47581 0.521127
189.8 559.958 -10.3144 -9.45932 0.521007
189.9 558.929 -10.2973 -9.44286 0.520888
190 557.902 -10.2803 -9.42643 0.520768
190.1 556.876 -10.2633 -9.41002 0.520649
190.2 555.852 -10.2463 -9.39364 0.520529
190.3 554.83 -10.2293 -9.37729 0.52041
190.4 553.81 -10.2124 -9.36096 0.520291
190.5 552.791 -10.1955 -9.34466 0.520171
190.6 551.774 -10.1786 -9.32839 0.520052
190.7 550.759 -10.1618 -9.31214 0.519933
190.8 549.745 -10.145 -9.29592 0.519814
190.9 548.733 -10.1282 -9.27973 0.519695
191 547.723 -10.1114 -9.26357 0.519576
191.1 546.714 -10.0947 -9.24743 0.519458
191.2 545.707 -10.078 -9.23132 0.519339
191.3 544.702 -10.0613 -9.21523 0.51922
191.4 543.698 -10.0447 -9.19917 0.519102
191.5 542.696 -10.0281 -9.18314 0.518983
191.6 541.696 -10.0115 -9.16714 0.518865
191.7 540.697 -9.99489 -9.15116 0.518746
191.8 539.7 -9.97835 -9.13521 0.518628
191.9 538.705 -9.96183 -9.11928 0.51851
192 537.711 -9.94534 -9.10338 0.518391
192.1 536.719 -9.92888 -9.08751 0.518273
192.2 535.729 -9.91244 -9.07166 0.518155
192.3 534.74 -9.89603 -9.05584 0.518037
192.4 533.753 -9.87964 -9.04005 0.517919
192.5 532.767 -9.86329 -9.02428 0.517801
192.6 531.784 -9.84696 -9.00854 0.517684
192.7 530.801 -9.83065 -8.99282 0.517566
192.8 529.821 -9.81437 -8.97713 0.517448
192.9 528.842 -9.79812 -8.96147 0.517331
193 527.864 -9.78189 -8.94583 0.517213
193.1 526.889 -9.7657 -8.93022 0.517096
193.2 525.914 -9.74952 -8.91463 0.516978
193.3 524.942 -9.73337 -8.89907 0.516861
193.4 523.971 -9.71725 -8.88354 0.516744
193.5 523.002 -9.70116 -8.86803 0.516626
193.6 522.034 -9.68509 -8.85254 0.516509
193.7 521.068 -9.66905 -8.83709 0.516392
193.8 520.103 -9.65303 -8.82165 0.516275
193.9 519.14 -9.63704 -8.80625 0.516158
194 518.179 -9.62107 -8.79087 0.516041
194.1 517.219 -9.60513 -8.77551 0.515925
194.2 516.261 -9.58922 -8.76018 0.515808
194.3 515.305 -9.57333 -8.74488 0.515691
194.4 514.35 -9.55747 -8.7296 0.515574
194.5 513.396 -9.54163 -8.71434 0.515458
194.6 512.445 -9.52582 -8.69911 0.515341
194.7 511.494 -9.51004 -8.68391 0.515225
194.8 510.546 -9.49428 -8.66873 0.515109
194.9 509.599 -9.47854 -8.65358 0.514992
195 508.653 -9.46283 -8.63845 0.514876
195.1 507.709 -9.44715 -8.62335 0.51476
195.2 506.767 -9.43149 -8.60827 0.514644
195.3 505.826 -9.41586 -8.59322 0.514528
195.4 504.887 -9.40025 -8.57819 0.514412
195.5 503.949 -9.38467 -8.56319 0.514296
195.6 503.013 -9.36911 -8.54821 0.51418
195.7 502.078 -9.35358 -8.53326 0.514064
195.8 501.145 -9.33807 -8.51833 0.513949
195.9 500.214 -9.32259 -8.50342 0.513833
196 499.284 -9.30713 -8.48854 0.513717
196.1 498.356 -9.2917 -8.47369 0.513602
196.2 497.429 -9.27629 -8.45886 0.513487
196.3 496.503 -9.26091 -8.44405 0.513371
196.4 495.58 -9.24555 -8.42927 0.513256
196.5 494.657 -9.23022 -8.41452 0.513141
196.6 493.737 -9.21491 -8.39979 0.513025
196.7 492.817 -9.19963 -8.38508 0.51291
196.8 491.9 -9.18437 -8.3704 0.512795
196.9 490.984 -9.16914 -8.35574 0.51268
197 490.069 -9.15393 -8.3411 0.512565
197.1 489.156 -9.13875 -8.32649 0.51245
197.2 488.244 -9.12359 -8.31191 0.512335
197.3 487.334 -9.10845 -8.29735 0.512221
197.4 486.426 -9.09334 -8.28281 0.512106
197.5 485.519 -9.07825 -8.2683 0.511991
197.6 484.613 -9.06319 -8.25381 0.511877
197.7 483.709 -9.04815 -8.23934 0.511762
197.8 482.806 -9.03314 -8.2249 0.511648
197.9 481.905 -9.01815 -8.21048 0.511534
198 481.006 -9.00319 -8.19609 0.511419
198.1 480.108 -8.98825 -8.18172 0.511305
198.2 479.211 -8.97333 -8.16738 0.511191
198.3 478.316 -8.95844 -8.15306 0.511077
198.4 477.422 -8.94357 -8.13876 0.510963
198.5 476.53 -8.92873 -8.12448 0.510849
198.6 475.64 -8.91391 -8.11023 0.510735
198.7 474.75 -8.89911 -8.09601 0.510621
198.8 473.863 -8.88434 -8.0818 0.510507
198.9 472.976 -8.86959 -8.06762 0.510393
199 472.092 -8.85487 -8.05347 0.51028
199.1 471.208 -8.84016 -8.03933 0.510166
199.2 470.327 -8.82549 -8.02523 0.510052
199.3 469.446 -8.81083 -8.01114 0.509939
199.4 468.567 -8.79621 -7.99708 0.509825
199.5 467.69 -8.7816 -7.98304 0.509712
199.6 466.814 -8.76702 -7.96902 0.509599
199.7 465.939 -8.75246 -7.95503 0.509486
199.8 465.066 -8.73792 -7.94106 0.509372
199.9 464.195 -8.72341 -7.92712 0.509259
200 463.325 -8.70892 -7.91319 0.509146
200.1 462.456 -8.69446 -7.89929 0.509033
200.2 461.589 -8.68002 -7.88542 0.50892
200.3 460.723 -8.6656 -7.87156 0.508807
200.4 459.858 -8.65121 -7.85773 0.508695
200.5 458.995 -8.63683 -7.84393 0.508582
200.6 458.134 -8.62249 -7.83014 0.508469
200.7 457.274 -8.60816 -7.81638 0.508356
200.8 456.415 -8.59386 -7.80264 0.508244
200.9 455.558 -8.57958 -7.78893 0.508131
201 454.702 -8.56533 -7.77523 0.508019
201.1 453.848 -8.55109 -7.76156 0.507906
201.2 452.995 -8.53689 -7.74791 0.507794
201.3 452.143 -8.5227 -7.73429 0.507682
201.4 451.293 -8.50854 -7.72069 0.50757
201.5 450.444 -8.49439 -7.70711 0.507458
201.6 449.597 -8.48028 -7.69355 0.507345
201.7 448.751 -8.46618 -7.68002 0.507233
201.8 447.906 -8.45211 -7.6665 0.507121
201.9 447.063 -8.43806 -7.65301 0.50701
202 446.222 -8.42403 -7.63955 0.506898
202.1 445.381 -8.41003 -7.6261 0.506786
202.2 444.542 -8.39605 -7.61268 0.506674
202.3 443.705 -8.38209 -7.59928 0.506563
202.4 442.869 -8.36816 -7.5859 0.506451
202.5 442.034 -8.35424 -7.57255 0.506339
202.6 441.201 -8.34035 -7.55921 0.506228
202.7 440.369 -8.32648 -7.5459 0.506116
202.8 439.538 -8.31264 -7.53261 0.506005
202.9 438.709 -8.29881 -7.51934 0.505894
203 437.881 -8.28501 -7.5061 0.505783
203.1 437.055 -8.27123 -7.49288 0.505671
203.2 436.23 -8.25748 -7.47968 0.50556
203.3 435.406 -8.24374 -7.4665 0.505449
203.4 434.584 -8.23003 -7.45334 0.505338
203.5 433.763 -8.21634 -7.4402 0.505227
203.6 432.943 -8.20267 -7.42709 0.505116
203.7 432.125 -8.18903 -7.414 0.505005
203.8 431.308 -8.1754 -7.40093 0.504895
203.9 430.493 -8.1618 -7.38788 0.504784
204 429.678 -8.14822 -7.37486 0.504673
204.1 428.866 -8.13466 -7.36185 0.504563
204.2 428.054 -8.12113 -7.34887 0.504452
204.3 427.244 -8.10761 -7.33591 0.504342
204.4 426.435 -8.09412 -7.32297 0.504231
204.5 425.628 -8.08065 -7.31005 0.504121
204.6 424.822 -8.0672 -7.29715 0.504011
204.7 424.017 -8.05378 -7.28428 0.5039
204.8 423.214 -8.04037 -7.27142 0.50379
204.9 422.412 -8.02699 -7.25859 0.50368
205 421.611 -8.01363 -7.24578 0.50357
205.1 420.812 -8.00029 -7.23299 0.50346
205.2 420.014 -7.98697 -7.22022 0.50335
205.3 419.217 -7.97367 -7.20747 0.50324
205.4 418.422 -7.9604 -7.19475 0.50313
205.5 417.628 -7.94714 -7.18204 0.503021
205.6 416.835 -7.93391 -7.16936 0.502911
205.7 416.043 -7.9207 -7.1567 0.502801
205.8 415.253 -7.90751 -7.14405 0.502692
205.9 414.465 -7.89434 -7.13143 0.502582
206 413.677 -7.8812 -7.11883 0.502473
206.1 412.891 -7.86807 -7.10626 0.502363
206.2 412.106 -7.85497 -7.0937 0.502254
206.3 411.323 -7.84188 -7.08116 0.502144
206.4 410.54 -7.82882 -7.06865 0.502035
206.5 409.759 -7.81578 -7.05615 0.501926
206.6 408.98 -7.80276 -7.04368 0.501817
206.7 408.202 -7.78976 -7.03122 0.501708
206.8 407.424 -7.77679 -7.01879 0.501599
206.9 406.649 -7.76383 -7.00638 0.50149
207 405.874 -7.75089 -6.99399 0.501381
207.1 405.101 -7.73798 -6.98162 0.501272
207.2 404.329 -7.72508 -6.96927 0.501163
207.3 403.559 -7.71221 -6.95694 0.501054
207.4 402.789 -7.69936 -6.94463 0.500946
207.5 402.021 -7.68653 -6.93234 0.500837
207.6 401.255 -7.67372 -6.92007 0.500729
207.7 400.489 -7.66093 -6.90783 0.50062
207.8 399.725 -7.64816 -6.8956 0.500512
207.9 398.962 -7.63541 -6.88339 0.500403
208 398.201 -7.62268 -6.87121 0.500295
208.1 397.44 -7.60998 -6.85904 0.500187
208.2 396.681 -7.59729 -6.8469 0.500078
208.3 395.923 -7.58462 -6.83477 0.49997
208.4 395.167 -7.57198 -6.82267 0.499862
208.5 394.411 -7.55935 -6.81058 0.499754
208.6 393.657 -7.54675 -6.79852 0.499646
208.7 392.905 -7.53416 -6.78647 0.499538
208.8 392.153 -7.5216 -6.77445 0.49943
208.9 391.403 -7.50906 -6.76244 0.499322
209 390.654 -7.49653 -6.75046 0.499215
209.1 389.906 -7.48403 -6.73849 0.499107
209.2 389.159 -7.47155 -6.72655 0.498999
209.3 388.414 -7.45908 -6.71463 0.498892
209.4 387.67 -7.44664 -6.70272 0.498784
209.5 386.927 -7.43422 -6.69084 0.498677
209.6 386.186 -7.42182 -6.67897 0.498569
209.7 385.445 -7.40943 -6.66713 0.498462
209.8 384.706 -7.39707 -6.6553 0.498354
209.9 383.968 -7.38473 -6.64349 0.498247
210 383.232 -7.37241 -6.63171 0.49814
210.1 382.496 -7.36011 -6.61994 0.498033
210.2 381.762 -7.34782 -6.6082 0.497926
210.3 381.029 -7.33556 -6.59647 0.497819
210.4 380.298 -7.32332 -6.58476 0.497712
210.5 379.567 -7.3111 -6.57307 0.497605
210.6 378.838 -7.29889 -6.5614 0.497498
210.7 378.11 -7.28671 -6.54976 0.497391
210.8 377.383 -7.27455 -6.53813 0.497284
210.9 376.657 -7.2624 -6.52652 0.497177
211 375.933 -7.25028 -6.51493 0.497071
211.1 375.21 -7.23817 -6.50335 0.496964
211.2 374.488 -7.22609 -6.4918 0.496858
211.3 373.767 -7.21402 -6.48027 0.496751
211.4 373.047 -7.20198 -6.46876 0.496645
211.5 372.329 -7.18995 -6.45726 0.496538
211.6 371.612 -7.17794 -6.44579 0.496432
211.7 370.896 -7.16596 -6.43433 0.496326
211.8 370.181 -7.15399 -6.42289 0.496219
211.9 369.467 -7.14204 -6.41148 0.496113
212 368.755 -7.13011 -6.40008 0.496007
212.1 368.044 -7.1182 -6.3887 0.495901
212.2 367.334 -7.10631 -6.37734 0.495795
212.3 366.625 -7.09444 -6.36599 0.495689
212.4 365.917 -7.08259 -6.35467 0.495583
212.5 365.211 -7.07075 -6.34337 0.495477
212.6 364.505 -7.05894 -6.33208 0.495371
212.7 363.801 -7.04715 -6.32082 0.495266
212.8 363.098 -7.03537 -6.30957 0.49516
212.9 362.396 -7.02361 -6.29834 0.495054
213 361.696 -7.01188 -6.28713 0.494949
213.1 360.996 -7.00016 -6.27594 0.494843
213.2 360.298 -6.98846 -6.26477 0.494738
213.3 359.601 -6.97678 -6.25362 0.494632
213.4 358.905 -6.96512 -6.24248 0.494527
213.5 358.21 -6.95347 -6.23136 0.494422
213.6 357.517 -6.94185 -6.22027 0.494316
213.7 356.824 -6.93024 -6.20919 0.494211
213.8 356.133 -6.91866 -6.19813 0.494106
213.9 355.443 -6.90709 -6.18709 0.494001
214 354.754 -6.89554 -6.17606 0.493896
214.1 354.066 -6.88401 -6.16506 0.493791
214.2 353.379 -6.8725 -6.15407 0.493686
214.3 352.694 -6.86101 -6.1431 0.493581
214.4 352.009 -6.84953 -6.13215 0.493476
214.5 351.326 -6.83808 -6.12122 0.493371
214.6 350.644 -6.82664 -6.11031 0.493267
214.7 349.963 -6.81522 -6.09941 0.493162
214.8 349.283 -6.80382 -6.08853 0.493057
214.9 348.605 -6.79244 -6.07767 0.492953
215 347.927 -6.78108 -6.06683 0.492848
215.1 347.251 -6.76973 -6.05601 0.492744
215.2 346.575 -6.7584 -6.04521 0.492639
215.3 345.901 -6.7471 -6.03442 0.492535
215.4 345.228 -6.73581 -6.02365 0.492431
215.5 344.556 -6.72453 -6.0129 0.492326
215.6 343.886 -6.71328 -6.00217 0.492222
215.7 343.216 -6.70205 -5.99146 0.492118
215.8 342.547 -6.69083 -5.98076 0.492014
215.9 341.88 -6.67963 -5.97008 0.49191
216 341.214 -6.66845 -5.95942 0.491806
216.1 340.549 -6.65729 -5.94878 0.491702
216.2 339.885 -6.64614 -5.93815 0.491598
216.3 339.222 -6.63502 -5.92755 0.491494
216.4 338.56 -6.62391 -5.91696 0.49139
216.5 337.899 -6.61282 -5.90638 0.491287
216.6 337.239 -6.60175 -5.89583 0.491183
216.7 336.581 -6.59069 -5.88529 0.491079
216.8 335.923 -6.57965 -5.87478 0.490976
216.9 335.267 -6.56864 -5.86427 0.490872
217 334.612 -6.55763 -5.85379 0.490769
217.1 333.958 -6.54665 -5.84333 0.490665
217.2 333.305 -6.53569 -5.83288 0.490562
217.3 332.653 -6.52474 -5.82245 0.490458
217.4 332.002 -6.51381 -5.81203 0.490355
217.5 331.352 -6.5029 -5.80164 0.490252
217.6 330.704 -6.492 -5.79126 0.490149
217.7 330.056 -6.48113 -5.7809 0.490046
217.8 329.41 -6.47027 -5.77055 0.489943
217.9 328.764 -6.45943 -5.76023 0.48984
218 328.12 -6.4486 -5.74992 0.489737
218.1 327.477 -6.43779 -5.73963 0.489634
218.2 326.834 -6.42701 -5.72935 0.489531
218.3 326.193 -6.41623 -5.71909 0.489428
218.4 325.553 -6.40548 -5.70885 0.489325
218.5 324.914 -6.39474 -5.69863 0.489222
218.6 324.277 -6.38402 -5.68843 0.48912
218.7 323.64 -6.37332 -5.67824 0.489017
218.8 323.004 -6.36264 -5.66807 0.488915
218.9 322.369 -6.35197 -5.65791 0.488812
219 321.736 -6.34132 -5.64777 0.48871
219.1 321.103 -6.33069 -5.63765 0.488607
219.2 320.472 -6.32007 -5.62755 0.488505
219.3 319.841 -6.30947 -5.61746 0.488403
219.4 319.212 -6.29889 -5.60739 0.4883
219.5 318.584 -6.28833 -5.59734 0.488198
219.6 317.956 -6.27778 -5.5873 0.488096
219.7 317.33 -6.26725 -5.57728 0.487994
219.8 316.705 -6.25674 -5.56728 0.487892
219.9 316.081 -6.24624 -5.5573 0.48779
220 315.458 -6.23577 -5.54733 0.487688
220.1 314.836 -6.2253 -5.53738 0.487586
220.2 314.215 -6.21486 -5.52744 0.487484
220.3 313.595 -6.20443 -5.51752 0.487382
220.4 312.976 -6.19402 -5.50762 0.48728
220.5 312.358 -6.18363 -5.49773 0.487179
220.6 311.742 -6.17325 -5.48786 0.487077
220.7 311.126 -6.16289 -5.47801 0.486975
220.8 310.511 -6.15254 -5.46818 0.486874
220.9 309.897 -6.14222 -5.45836 0.486772
221 309.285 -6.13191 -5.44855 0.486671
221.1 308.673 -6.12161 -5.43877 0.486569
221.2 308.062 -6.11134 -5.429 0.486468
221.3 307.453 -6.10108 -5.41924 0.486367
221.4 306.844 -6.09083 -5.40951 0.486265
221.5 306.237 -6.08061 -5.39979 0.486164
221.6 305.63 -6.0704 -5.39008 0.486063
221.7 305.025 -6.0602 -5.38039 0.485962
221.8 304.42 -6.05003 -5.37072 0.485861
221.9 303.817 -6.03986 -5.36107 0.48576
222 303.214 -6.02972 -5.35143 0.485659
222.1 302.613 -6.01959 -5.3418 0.485558
222.2 302.012 -6.00948 -5.3322 0.485457
222.3 301.413 -5.99939 -5.32261 0.485356
222.4 300.814 -5.98931 -5.31303 0.485255
222.5 300.217 -5.97924 -5.30347 0.485155
222.6 299.621 -5.9692 -5.29393 0.485054
222.7 299.025 -5.95917 -5.2844 0.484953
222.8 298.431 -5.94915 -5.27489 0.484853
222.9 297.837 -5.93916 -5.2654 0.484752
223 297.245 -5.92918 -5.25592 0.484652
223.1 296.653 -5.91921 -5.24646 0.484551
223.2 296.063 -5.90926 -5.23701 0.484451
223.3 295.474 -5.89933 -5.22758 0.48435
223.4 294.885 -5.88941 -5.21816 0.48425
223.5 294.298 -5.87951 -5.20876 0.48415
223.6 293.711 -5.86963 -5.19938 0.48405
223.7 293.126 -5.85976 -5.19001 0.483949
223.8 292.541 -5.84991 -5.18066 0.483849
223.9 291.958 -5.84007 -5.17132 0.483749
224 291.375 -5.83025 -5.162 0.483649
224.1 290.794 -5.82044 -5.1527 0.483549
224.2 290.213 -5.81066 -5.14341 0.483449
224.3 289.633 -5.80088 -5.13414 0.483349
224.4 289.055 -5.79113 -5.12488 0.48325
224.5 288.477 -5.78138 -5.11564 0.48315
224.6 287.901 -5.77166 -5.10641 0.48305
224.7 287.325 -5.76195 -5.0972 0.48295
224.8 286.75 -5.75225 -5.088 0.482851
224.9 286.176 -5.74258 -5.07882 0.482751
225 285.603 -5.73291 -5.06966 0.482652
225.1 285.032 -5.72327 -5.06051 0.482552
225.2 284.461 -5.71364 -5.05137 0.482453
225.3 283.891 -5.70402 -5.04225 0.482353
225.4 283.322 -5.69442 -5.03315 0.482254
225.5 282.754 -5.68483 -5.02406 0.482154
225.6 282.187 -5.67527 -5.01499 0.482055
225.7 281.621 -5.66571 -5.00593 0.481956
225.8 281.056 -5.65617 -4.99689 0.481857
225.9 280.491 -5.64665 -4.98786 0.481758
226 279.928 -5.63714 -4.97885 0.481659
226.1 279.366 -5.62765 -4.96985 0.48156
226.2 278.805 -5.61818 -4.96087 0.481461
226.3 278.244 -5.60871 -4.95191 0.481362
226.4 277.685 -5.59927 -4.94295 0.481263
226.5 277.126 -5.58984 -4.93402 0.481164
226.6 276.569 -5.58042 -4.9251 0.481065
226.7 276.012 -5.57102 -4.91619 0.480966
226.8 275.456 -5.56164 -4.9073 0.480868
226.9 274.902 -5.55227 -4.89842 0.480769
227 274.348 -5.54291 -4.88956 0.48067
227.1 273.795 -5.53358 -4.88072 0.480572
227.2 273.243 -5.52425 -4.87189 0.480473
227.3 272.692 -5.51494 -4.86307 0.480375
227.4 272.142 -5.50565 -4.85427 0.480276
227.5 271.593 -5.49637 -4.84548 0.480178
227.6 271.044 -5.48711 -4.83671 0.48008
227.7 270.497 -5.47786 -4.82795 0.479981
227.8 269.951 -5.46862 -4.81921 0.479883
227.9 269.405 -5.45941 -4.81048 0.479785
228 268.861 -5.4502 -4.80177 0.479687
228.1 268.317 -5.44101 -4.79307 0.479589
228.2 267.774 -5.43184 -4.78439 0.479491
228.3 267.232 -5.42268 -4.77572 0.479393
228.4 266.691 -5.41354 -4.76706 0.479295
228.5 266.151 -5.40441 -4.75842 0.479197
228.6 265.612 -5.39529 -4.7498 0.479099
228.7 265.074 -5.38619 -4.74119 0.479001
228.8 264.537 -5.37711 -4.73259 0.478903
228.9 264.001 -5.36804 -4.72401 0.478805
229 263.465 -5.35898 -4.71544 0.478708
229.1 262.931 -5.34994 -4.70689 0.47861
229.2 262.397 -5.34091 -4.69835 0.478512
229.3 261.864 -5.3319 -4.68983 0.478415
229.4 261.332 -5.3229 -4.68132 0.478317
229.5 260.801 -5.31392 -4.67282 0.47822
229.6 260.271 -5.30495 -4.66434 0.478122
229.7 259.742 -5.296 -4.65588 0.478025
229.8 259.214 -5.28706 -4.64742 0.477928
229.9 258.687 -5.27814 -4.63899 0.47783
230 258.16 -5.26923 -4.63056 0.477733
230.1 257.635 -5.26033 -4.62215 0.477636
230.2 257.11 -5.25145 -4.61376 0.477539
230.3 256.586 -5.24258 -4.60538 0.477442
230.4 256.063 -5.23373 -4.59701 0.477344
230.5 255.541 -5.22489 -4.58866 0.477247
230.6 255.02 -5.21607 -4.58032 0.47715
230.7 254.5 -5.20726 -4.57199 0.477054
230.8 253.98 -5.19847 -4.56368 0.476957
230.9 253.462 -5.18969 -4.55539 0.47686
231 252.944 -5.18092 -4.5471 0.476763
231.1 252.427 -5.17217 -4.53884 0.476666
231.2 251.911 -5.16343 -4.53058 0.476569
231.3 251.396 -5.1547 -4.52234 0.476473
231.4 250.882 -5.14599 -4.51411 0.476376
231.5 250.369 -5.1373 -4.5059 0.47628
231.6 249.856 -5.12862 -4.4977 0.476183
231.7 249.345 -5.11995 -4.48952 0.476087
231.8 248.834 -5.1113 -4.48135 0.47599
231.9 248.324 -5.10266 -4.47319 0.475894
232 247.815 -5.09403 -4.46505 0.475797
232.1 247.307 -5.08542 -4.45692 0.475701
232.2 246.8 -5.07682 -4.4488 0.475605
232.3 246.294 -5.06824 -4.4407 0.475508
232.4 245.788 -5.05967 -4.43261 0.475412
232.5 245.283 -5.05111 -4.42453 0.475316
232.6 244.78 -5.04257 -4.41647 0.47522
232.7 244.277 -5.03404 -4.40842 0.475124
232.8 243.774 -5.02553 -4.40039 0.475028
232.9 243.273 -5.01703 -4.39237 0.474932
233 242.773 -5.00854 -4.38436 0.474836
233.1 242.273 -5.00007 -4.37637 0.47474
233.2 241.774 -4.99161 -4.36839 0.474644
233.3 241.277 -4.98317 -4.36042 0.474548
233.4 240.779 -4.97473 -4.35247 0.474453
233.5 240.283 -4.96632 -4.34453 0.474357
233.6 239.788 -4.95791 -4.33661 0.474261
233.7 239.293 -4.94952 -4.32869 0.474166
233.8 238.8 -4.94114 -4.32079 0.47407
233.9 238.307 -4.93278 -4.31291 0.473974
234 237.815 -4.92443 -4.30504 0.473879
234.1 237.324 -4.91609 -4.29718 0.473783
234.2 236.833 -4.90777 -4.28933 0.473688
234.3 236.344 -4.89946 -4.2815 0.473593
234.4 235.855 -4.89117 -4.27368 0.473497
234.5 235.367 -4.88288 -4.26587 0.473402
234.6 234.88 -4.87461 -4.25808 0.473307
234.7 234.394 -4.86636 -4.2503 0.473211
234.8 233.908 -4.85812 -4.24253 0.473116
234.9 233.424 -4.84989 -4.23478 0.473021
235 232.94 -4.84167 -4.22704 0.472926
235.1 232.457 -4.83347 -4.21931 0.472831
235.2 231.975 -4.82528 -4.2116 0.472736
235.3 231.494 -4.81711 -4.2039 0.472641
235.4 231.013 -4.80894 -4.19621 0.472546
235.5 230.534 -4.80079 -4.18854 0.472451
235.6 230.055 -4.79266 -4.18088 0.472356
235.7 229.577 -4.78454 -4.17323 0.472262
235.8 229.099 -4.77643 -4.16559 0.472167
235.9 228.623 -4.76833 -4.15797 0.472072
236 228.147 -4.76025 -4.15036 0.471978
236.1 227.673 -4.75218 -4.14276 0.471883
236.2 227.199 -4.74412 -4.13518 0.471788
236.3 226.725 -4.73607 -4.12761 0.471694
236.4 226.253 -4.72804 -4.12005 0.471599
236.5 225.781 -4.72003 -4.1125 0.471505
236.6 225.311 -4.71202 -4.10497 0.47141
236.7 224.841 -4.70403 -4.09745 0.471316
236.8 224.371 -4.69605 -4.08994 0.471222
236.9 223.903 -4.68808 -4.08245 0.471127
237 223.435 -4.68013 -4.07496 0.471033
237.1 222.968 -4.67219 -4.0675 0.470939
237.2 222.502 -4.66426 -4.06004 0.470845
237.3 222.037 -4.65635 -4.0526 0.470751
237.4 221.573 -4.64845 -4.04516 0.470657
237.5 221.109 -4.64056 -4.03775 0.470563
237.6 220.646 -4.63268 -4.03034 0.470469
237.7 220.184 -4.62482 -4.02295 0.470375
237.8 219.723 -4.61697 -4.01557 0.470281
237.9 219.262 -4.60913 -4.0082 0.470187
238 218.803 -4.60131 -4.00084 0.470093
238.1 218.344 -4.59349 -3.9935 0.469999
238.2 217.885 -4.58569 -3.98617 0.469905
238.3 217.428 -4.57791 -3.97885 0.469812
238.4 216.971 -4.57013 -3.97154 0.469718
238.5 216.516 -4.56237 -3.96425 0.469624
238.6 216.06 -4.55462 -3.95697 0.469531
238.7 215.606 -4.54688 -3.9497 0.469437
238.8 215.153 -4.53916 -3.94244 0.469344
238.9 214.7 -4.53145 -3.9352 0.46925
239 214.248 -4.52375 -3.92797 0.469157
239.1 213.797 -4.51606 -3.92075 0.469063
239.2 213.346 -4.50839 -3.91354 0.46897
239.3 212.897 -4.50073 -3.90634 0.468877
239.4 212.448 -4.49308 -3.89916 0.468783
239.5 211.999 -4.48544 -3.89199 0.46869
239.6 211.552 -4.47782 -3.88483 0.468597
239.7 211.105 -4.47021 -3.87769 0.468504
239.8 210.66 -4.46261 -3.87055 0.468411
239.9 210.214 -4.45502 -3.86343 0.468318
240 209.77 -4.44744 -3.85632 0.468225
240.1 209.326 -4.43988 -3.84922 0.468132
240.2 208.884 -4.43233 -3.84214 0.468039
240.3 208.441 -4.42479 -3.83506 0.467946
240.4 208 -4.41727 -3.828 0.467853
240.5 207.56 -4.40975 -3.82095 0.46776
240.6 207.12 -4.40225 -3.81391 0.467667
240.7 206.681 -4.39476 -3.80689 0.467575
240.8 206.242 -4.38728 -3.79988 0.467482
240.9 205.805 -4.37982 -3.79287 0.467389
241 205.368 -4.37237 -3.78588 0.467297
241.1 204.932 -4.36493 -3.77891 0.467204
241.2 204.496 -4.3575 -3.77194 0.467111
241.3 204.062 -4.35008 -3.76499 0.467019
241.4 203.628 -4.34268 -3.75804 0.466926
241.5 203.195 -4.33528 -3.75111 0.466834
241.6 202.762 -4.3279 -3.74419 0.466742
241.7 202.33 -4.32053 -3.73729 0.466649
241.8 201.899 -4.31318 -3.73039 0.466557
241.9 201.469 -4.30583 -3.72351 0.466465
242 201.04 -4.2985 -3.71664 0.466372
242.1 200.611 -4.29118 -3.70978 0.46628
242.2 200.183 -4.28387 -3.70293 0.466188
242.3 199.756 -4.27657 -3.69609 0.466096
242.4 199.329 -4.26929 -3.68927 0.466004
242.5 198.903 -4.26201 -3.68245 0.465912
242.6 198.478 -4.25475 -3.67565 0.46582
242.7 198.054 -4.2475 -3.66886 0.465728
242.8 197.63 -4.24026 -3.66208 0.465636
242.9 197.207 -4.23304 -3.65532 0.465544
243 196.785 -4.22582 -3.64856 0.465452
243.1 196.363 -4.21862 -3.64182 0.46536
243.2 195.943 -4.21143 -3.63508 0.465269
243.3 195.523 -4.20425 -3.62836 0.465177
243.4 195.103 -4.19708 -3.62165 0.465085
243.5 194.685 -4.18992 -3.61495 0.464993
243.6 194.267 -4.18278 -3.60827 0.464902
243.7 193.85 -4.17564 -3.60159 0.46481
243.8 193.433 -4.16852 -3.59493 0.464719
243.9 193.017 -4.16141 -3.58828 0.464627
244 192.602 -4.15431 -3.58163 0.464536
244.1 192.188 -4.14723 -3.575 0.464444
244.2 191.774 -4.14015 -3.56839 0.464353
244.3 191.361 -4.13309 -3.56178 0.464262
244.4 190.949 -4.12603 -3.55518 0.46417
244.5 190.537 -4.11899 -3.5486 0.464079
244.6 190.127 -4.11196 -3.54202 0.463988
244.7 189.716 -4.10495 -3.53546 0.463897
244.8 189.307 -4.09794 -3.52891 0.463805
244.9 188.898 -4.09094 -3.52237 0.463714
245 188.49 -4.08396 -3.51584 0.463623
245.1 188.083 -4.07699 -3.50932 0.463532
245.2 187.676 -4.07002 -3.50282 0.463441
245.3 187.27 -4.06307 -3.49632 0.46335
245.4 186.865 -4.05614 -3.48984 0.463259
245.5 186.46 -4.04921 -3.48337 0.463168
245.6 186.056 -4.04229 -3.4769 0.463078
245.7 185.653 -4.03539 -3.47045 0.462987
245.8 185.251 -4.02849 -3.46401 0.462896
245.9 184.849 -4.02161 -3.45758 0.462805
246 184.448 -4.01474 -3.45117 0.462714
246.1 184.047 -4.00788 -3.44476 0.462624
246.2 183.648 -4.00103 -3.43836 0.462533
246.3 183.249 -3.99419 -3.43198 0.462443
246.4 182.85 -3.98736 -3.4256 0.462352
246.5 182.452 -3.98055 -3.41924 0.462262
246.6 182.055 -3.97374 -3.41289 0.462171
246.7 181.659 -3.96695 -3.40654 0.462081
246.8 181.263 -3.96016 -3.40021 0.46199
246.9 180.868 -3.95339 -3.39389 0.4619
247 180.474 -3.94663 -3.38758 0.461809
247.1 180.08 -3.93988 -3.38129 0.461719
247.2 179.687 -3.93314 -3.375 0.461629
247.3 179.295 -3.92642 -3.36872 0.461539
247.4 178.903 -3.9197 -3.36246 0.461449
247.5 178.512 -3.91299 -3.3562 0.461358
247.6 178.122 -3.9063 -3.34996 0.461268
247.7 177.733 -3.89961 -3.34372 0.461178
247.8 177.344 -3.89294 -3.3375 0.461088
247.9 176.955 -3.88628 -3.33129 0.460998
248 176.568 -3.87962 -3.32508 0.460908
248.1 176.181 -3.87298 -3.31889 0.460818
248.2 175.794 -3.86635 -3.31271 0.460728
248.3 175.409 -3.85973 -3.30654 0.460638
248.4 175.024 -3.85312 -3.30038 0.460549
248.5 174.639 -3.84653 -3.29423 0.460459
248.6 174.256 -3.83994 -3.28809 0.460369
248.7 173.873 -3.83336 -3.28196 0.460279
248.8 173.49 -3.8268 -3.27585 0.46019
248.9 173.109 -3.82024 -3.26974 0.4601
249 172.728 -3.8137 -3.26364 0.460011
249.1 172.347 -3.80716 -3.25756 0.459921
249.2 171.968 -3.80064 -3.25148 0.459831
249.3 171.588 -3.79413 -3.24542 0.459742
249.4 171.21 -3.78762 -3.23936 0.459653
249.5 170.832 -3.78113 -3.23332 0.459563
249.6 170.455 -3.77465 -3.22728 0.459474
249.7 170.079 -3.76818 -3.22126 0.459384
249.8 169.703 -3.76172 -3.21524 0.459295
249.9 169.328 -3.75527 -3.20924 0.459206
250 168.953 -3.74883 -3.20325 0.459117
250.1 168.579 -3.7424 -3.19727 0.459027
250.2 168.206 -3.73598 -3.19129 0.458938
250.3 167.833 -3.72958 -3.18533 0.458849
250.4 167.461 -3.72318 -3.17938 0.45876
250.5 167.09 -3.71679 -3.17344 0.458671
250.6 166.719 -3.71041 -3.16751 0.458582
250.7 166.349 -3.70405 -3.16158 0.458493
250.8 165.98 -3.69769 -3.15567 0.458404
250.9 165.611 -3.69135 -3.14977 0.458315
251 165.243 -3.68501 -3.14388 0.458226
251.1 164.875 -3.67869 -3.138 0.458137
251.2 164.508 -3.67237 -3.13213 0.458048
251.3 164.142 -3.66607 -3.12627 0.45796
251.4 163.776 -3.65977 -3.12042 0.457871
251.5 163.411 -3.65349 -3.11458 0.457782
251.6 163.047 -3.64721 -3.10875 0.457694
251.7 162.683 -3.64095 -3.10293 0.457605
251.8 162.32 -3.6347 -3.09712 0.457516
251.9 161.957 -3.62845 -3.09132 0.457428
252 161.595 -3.62222 -3.08552 0.457339
252.1 161.234 -3.616 -3.07974 0.457251
252.2 160.873 -3.60979 -3.07397 0.457162
252.3 160.513 -3.60358 -3.06821 0.457074
252.4 160.154 -3.59739 -3.06246 0.456985
252.5 159.795 -3.59121 -3.05672 0.456897
252.6 159.437 -3.58503 -3.05099 0.456809
252.7 159.079 -3.57887 -3.04527 0.456721
252.8 158.722 -3.57272 -3.03956 0.456632
252.9 158.366 -3.56658 -3.03386 0.456544
253 158.01 -3.56044 -3.02816 0.456456
253.1 157.655 -3.55432 -3.02248 0.456368
253.2 157.301 -3.54821 -3.01681 0.45628
253.3 156.947 -3.5421 -3.01115 0.456192
253.4 156.593 -3.53601 -3.00549 0.456104
253.5 156.241 -3.52993 -2.99985 0.456016
253.6 155.889 -3.52386 -2.99422 0.455928
253.7 155.537 -3.51779 -2.98859 0.45584
253.8 155.186 -3.51174 -2.98298 0.455752
253.9 154.836 -3.5057 -2.97738 0.455664
254 154.486 -3.49966 -2.97178 0.455576
254.1 154.137 -3.49364 -2.9662 0.455488
254.2 153.789 -3.48762 -2.96062 0.4554
254.3 153.441 -3.48162 -2.95506 0.455313
254.4 153.094 -3.47562 -2.9495 0.455225
254.5 152.747 -3.46964 -2.94395 0.455137
254.6 152.401 -3.46366 -2.93842 0.45505
254.7 152.055 -3.4577 -2.93289 0.454962
254.8 151.711 -3.45174 -2.92737 0.454875
254.9 151.366 -3.4458 -2.92186 0.454787
255 151.023 -3.43986 -2.91636 0.4547
255.1 150.68 -3.43393 -2.91087 0.454612
255.2 150.337 -3.42802 -2.90539 0.454525
255.3 149.995 -3.42211 -2.89992 0.454437
255.4 149.654 -3.41621 -2.89446 0.45435
255.5 149.313 -3.41032 -2.88901 0.454263
255.6 148.973 -3.40444 -2.88357 0.454175
255.7 148.633 -3.39857 -2.87813 0.454088
255.8 148.294 -3.39271 -2.87271 0.454001
255.9 147.956 -3.38686 -2.8673 0.453914
256 147.618 -3.38102 -2.86189 0.453827
256.1 147.281 -3.37519 -2.85649 0.453739
256.2 146.944 -3.36937 -2.85111 0.453652
256.3 146.608 -3.36356 -2.84573 0.453565
256.4 146.273 -3.35776 -2.84036 0.453478
256.5 145.938 -3.35196 -2.83501 0.453391
256.6 145.603 -3.34618 -2.82966 0.453304
256.7 145.27 -3.3404 -2.82432 0.453217
256.8 144.937 -3.33464 -2.81899 0.453131
256.9 144.604 -3.32888 -2.81366 0.453044
257 144.272 -3.32314 -2.80835 0.452957
257.1 143.94 -3.3174 -2.80305 0.45287
257.2 143.61 -3.31167 -2.79775 0.452783
257.3 143.279 -3.30595 -2.79247 0.452697
257.4 142.95 -3.30024 -2.78719 0.45261
257.5 142.62 -3.29454 -2.78193 0.452523
257.6 142.292 -3.28885 -2.77667 0.452437
257.7 141.964 -3.28317 -2.77142 0.45235
257.8 141.636 -3.2775 -2.76618 0.452264
257.9 141.309 -3.27184 -2.76095 0.452177
258 140.983 -3.26618 -2.75573 0.452091
258.1 140.657 -3.26054 -2.75052 0.452004
258.2 140.332 -3.2549 -2.74531 0.451918
258.3 140.007 -3.24928 -2.74012 0.451831
258.4 139.683 -3.24366 -2.73493 0.451745
258.5 139.36 -3.23805 -2.72976 0.451659
258.6 139.037 -3.23245 -2.72459 0.451572
258.7 138.714 -3.22686 -2.71943 0.451486
258.8 138.393 -3.22128 -2.71428 0.4514
258.9 138.071 -3.21571 -2.70914 0.451314
259 137.751 -3.21015 -2.70401 0.451228
259.1 137.43 -3.20459 -2.69889 0.451141
259.2 137.111 -3.19905 -2.69377 0.451055
259.3 136.792 -3.19351 -2.68867 0.450969
259.4 136.473 -3.18799 -2.68357 0.450883
259.5 136.155 -3.18247 -2.67848 0.450797
259.6 135.838 -3.17696 -2.6734 0.450711
259.7 135.521 -3.17146 -2.66833 0.450625
259.8 135.205 -3.16597 -2.66327 0.450539
259.9 134.889 -3.16049 -2.65822 0.450454
260 134.574 -3.15502 -2.65318 0.450368
260.1 134.259 -3.14955 -2.64814 0.450282
260.2 133.945 -3.1441 -2.64312 0.450196
260.3 133.631 -3.13865 -2.6381 0.45011
260.4 133.318 -3.13321 -2.63309 0.450025
260.5 133.006 -3.12778 -2.62809 0.449939
260.6 132.694 -3.12237 -2.6231 0.449853
260.7 132.382 -3.11695 -2.61812 0.449768
260.8 132.071 -3.11155 -2.61314 0.449682
260.9 131.761 -3.10616 -2.60818 0.449597
261 131.451 -3.10077 -2.60322 0.449511
261.1 131.142 -3.0954 -2.59827 0.449426
261.2 130.833 -3.09003 -2.59333 0.44934
261.3 130.525 -3.08467 -2.5884 0.449255
261.4 130.217 -3.07932 -2.58348 0.44917
261.5 129.91 -3.07398 -2.57856 0.449084
261.6 129.604 -3.06865 -2.57366 0.448999
261.7 129.297 -3.06333 -2.56876 0.448914
261.8 128.992 -3.05801 -2.56387 0.448828
261.9 128.687 -3.05271 -2.55899 0.448743
262 128.382 -3.04741 -2.55412 0.448658
262.1 128.079 -3.04212 -2.54926 0.448573
262.2 127.775 -3.03684 -2.5444 0.448488
262.3 127.472 -3.03157 -2.53956 0.448403
262.4 127.17 -3.0263 -2.53472 0.448317
262.5 126.868 -3.02105 -2.52989 0.448232
262.6 126.567 -3.0158 -2.52507 0.448147
262.7 126.266 -3.01057 -2.52025 0.448062
262.8 125.966 -3.00534 -2.51545 0.447977
262.9 125.666 -3.00012 -2.51065 0.447893
263 125.367 -2.9949 -2.50587 0.447808
263.1 125.068 -2.9897 -2.50109 0.447723
263.2 124.77 -2.98451 -2.49632 0.447638
263.3 124.472 -2.97932 -2.49155 0.447553
263.4 124.175 -2.97414 -2.4868 0.447469
263.5 123.878 -2.96897 -2.48205 0.447384
263.6 123.582 -2.96381 -2.47731 0.447299
263.7 123.287 -2.95866 -2.47258 0.447214
263.8 122.991 -2.95351 -2.46786 0.44713
263.9 122.697 -2.94838 -2.46315 0.447045
264 122.403 -2.94325 -2.45844 0.446961
264.1 122.109 -2.93813 -2.45375 0.446876
264.2 121.816 -2.93302 -2.44906 0.446792
264.3 121.524 -2.92791 -2.44438 0.446707
264.4 121.232 -2.92282 -2.43971 0.446623
264.5 120.94 -2.91773 -2.43504 0.446538
264.6 120.649 -2.91266 -2.43039 0.446454
264.7 120.359 -2.90759 -2.42574 0.44637
264.8 120.069 -2.90252 -2.4211 0.446285
264.9 119.779 -2.89747 -2.41647 0.446201
265 119.49 -2.89243 -2.41184 0.446117
265.1 119.202 -2.88739 -2.40723 0.446032
265.2 118.914 -2.88236 -2.40262 0.445948
265.3 118.626 -2.87734 -2.39802 0.445864
265.4 118.339 -2.87233 -2.39343 0.44578
265.5 118.053 -2.86732 -2.38884 0.445696
265.6 117.767 -2.86233 -2.38427 0.445612
265.7 117.481 -2.85734 -2.3797 0.445528
265.8 117.196 -2.85236 -2.37514 0.445444
265.9 116.912 -2.84739 -2.37059 0.44536
266 116.628 -2.84242 -2.36604 0.445276
266.1 116.344 -2.83747 -2.36151 0.445192
266.2 116.061 -2.83252 -2.35698 0.445108
266.3 115.779 -2.82758 -2.35246 0.445024
266.4 115.497 -2.82265 -2.34795 0.44494
266.5 115.215 -2.81773 -2.34344 0.444857
266.6 114.934 -2.81281 -2.33895 0.444773
266.7 114.654 -2.8079 -2.33446 0.444689
266.8 114.374 -2.803 -2.32998 0.444605
266.9 114.094 -2.79811 -2.3255 0.444522
267 113.815 -2.79323 -2.32104 0.444438
267.1 113.536 -2.78835 -2.31658 0.444354
267.2 113.258 -2.78349 -2.31213 0.444271
267.3 112.981 -2.77863 -2.30769 0.444187
267.4 112.703 -2.77377 -2.30326 0.444104
267.5 112.427 -2.76893 -2.29883 0.44402
267.6 112.151 -2.76409 -2.29441 0.443937
267.7 111.875 -2.75927 -2.29 0.443853
267.8 111.6 -2.75445 -2.2856 0.44377
267.9 111.325 -2.74963 -2.2812 0.443687
268 111.051 -2.74483 -2.27681 0.443603
268.1 110.777 -2.74003 -2.27243 0.44352
268.2 110.504 -2.73524 -2.26806 0.443437
268.3 110.231 -2.73046 -2.26369 0.443353
268.4 109.959 -2.72569 -2.25934 0.44327
268.5 109.687 -2.72092 -2.25499 0.443187
268.6 109.415 -2.71616 -2.25065 0.443104
268.7 109.144 -2.71141 -2.24631 0.443021
268.8 108.874 -2.70667 -2.24198 0.442937
268.9 108.604 -2.70194 -2.23767 0.442854
269 108.335 -2.69721 -2.23335 0.442771
269.1 108.066 -2.69249 -2.22905 0.442688
269.2 107.797 -2.68778 -2.22475 0.442605
269.3 107.529 -2.68307 -2.22046 0.442522
269.4 107.261 -2.67838 -2.21618 0.442439
269.5 106.994 -2.67369 -2.21191 0.442356
269.6 106.728 -2.66901 -2.20764 0.442274
269.7 106.461 -2.66434 -2.20338 0.442191
269.8 106.196 -2.65967 -2.19913 0.442108
269.9 105.93 -2.65501 -2.19489 0.442025
270 105.666 -2.65036 -2.19065 0.441942
270.1 105.401 -2.64572 -2.18642 0.44186
270.2 105.137 -2.64108 -2.1822 0.441777
270.3 104.874 -2.63645 -2.17798 0.441694
270.4 104.611 -2.63183 -2.17378 0.441612
270.5 104.348 -2.62722 -2.16958 0.441529
270.6 104.086 -2.62262 -2.16538 0.441446
270.7 103.825 -2.61802 -2.1612 0.441364
270.8 103.564 -2.61343 -2.15702 0.441281
270.9 103.303 -2.60884 -2.15285 0.441199
271 103.043 -2.60427 -2.14869 0.441116
271.1 102.783 -2.5997 -2.14453 0.441034
271.2 102.524 -2.59514 -2.14038 0.440952
271.3 102.265 -2.59059 -2.13624 0.440869
271.4 102.007 -2.58604 -2.13211 0.440787
271.5 101.749 -2.5815 -2.12798 0.440704
271.6 101.491 -2.57697 -2.12386 0.440622
271.7 101.234 -2.57245 -2.11975 0.44054
271.8 100.978 -2.56793 -2.11564 0.440458
271.9 100.722 -2.56342 -2.11155 0.440375
272 100.466 -2.55892 -2.10745 0.440293
272.1 100.211 -2.55443 -2.10337 0.440211
272.2 99.9559 -2.54994 -2.09929 0.440129
272.3 99.7016 -2.54546 -2.09523 0.440047
272.4 99.4477 -2.54099 -2.09116 0.439965
272.5 99.1943 -2.53652 -2.08711 0.439883
272.6 98.9413 -2.53206 -2.08306 0.439801
272.7 98.6888 -2.52761 -2.07902 0.439719
272.8 98.4367 -2.52317 -2.07499 0.439637
272.9 98.185 -2.51873 -2.07096 0.439555
273 97.9338 -2.51431 -2.06694 0.439473
273.1 97.683 -2.50988 -2.06293 0.439391
273.2 97.4327 -2.50547 -2.05892 0.439309
273.3 97.1828 -2.50106 -2.05493 0.439227
273.4 96.9334 -2.49666 -2.05093 0.439146
273.5 96.6844 -2.49227 -2.04695 0.439064
273.6 96.4358 -2.48788 -2.04297 0.438982
273.7 96.1877 -2.48351 -2.039 0.4389
273.8 95.94 -2.47913 -2.03504 0.438819
273.9 95.6927 -2.47477 -2.03108 0.438737
274 95.4459 -2.47041 -2.02713 0.438656
274.1 95.1995 -2.46606 -2.02319 0.438574
274.2 94.9536 -2.46172 -2.01926 0.438492
274.3 94.708 -2.45738 -2.01533 0.438411
274.4 94.4629 -2.45305 -2.01141 0.438329
274.5 94.2183 -2.44873 -2.00749 0.438248
274.6 93.9741 -2.44442 -2.00358 0.438166
274.7 93.7303 -2.44011 -1.99968 0.438085
274.8 93.4869 -2.43581 -1.99579 0.438004
274.9 93.244 -2.43151 -1.9919 0.437922
275 93.0014 -2.42723 -1.98802 0.437841
275.1 92.7594 -2.42295 -1.98415 0.43776
275.2 92.5177 -2.41867 -1.98028 0.437678
275.3 92.2765 -2.41441 -1.97642 0.437597
275.4 92.0357 -2.41015 -1.97257 0.437516
275.5 91.7953 -2.4059 -1.96872 0.437435
275.6 91.5554 -2.40165 -1.96489 0.437353
275.7 91.3158 -2.39741 -1.96105 0.437272
275.8 91.0767 -2.39318 -1.95723 0.437191
275.9 90.838 -2.38896 -1.95341 0.43711
276 90.5998 -2.38474 -1.9496 0.437029
276.1 90.3619 -2.38053 -1.94579 0.436948
276.2 90.1245 -2.37633 -1.94199 0.436867
276.3 89.8875 -2.37213 -1.9382 0.436786
276.4 89.6509 -2.36794 -1.93441 0.436705
276.5 89.4147 -2.36376 -1.93064 0.436624
276.6 89.179 -2.35958 -1.92686 0.436543
276.7 88.9437 -2.35541 -1.9231 0.436462
276.8 88.7087 -2.35125 -1.91934 0.436382
276.9 88.4742 -2.34709 -1.91559 0.436301
277 88.2402 -2.34294 -1.91184 0.43622
277.1 88.0065 -2.3388 -1.9081 0.436139
277.2 87.7732 -2.33466 -1.90437 0.436058
277.3 87.5404 -2.33053 -1.90065 0.435978
277.4 87.3079 -2.32641 -1.89693 0.435897
277.5 87.0759 -2.3223 -1.89321 0.435816
277.6 86.8443 -2.31819 -1.88951 0.435736
277.7 86.6131 -2.31409 -1.88581 0.435655
277.8 86.3823 -2.30999 -1.88212 0.435575
277.9 86.1519 -2.3059 -1.87843 0.435494
278 85.9219 -2.30182 -1.87475 0.435414
278.1 85.6924 -2.29774 -1.87108 0.435333
278.2 85.4632 -2.29367 -1.86741 0.435253
278.3 85.2345 -2.28961 -1.86375 0.435172
278.4 85.0061 -2.28556 -1.8601 0.435092
278.5 84.7782 -2.28151 -1.85645 0.435011
278.6 84.5506 -2.27746 -1.85281 0.434931
278.7 84.3235 -2.27343 -1.84918 0.434851
278.8 84.0967 -2.2694 -1.84555 0.43477
278.9 83.8704 -2.26538 -1.84193 0.43469
279 83.6445 -2.26136 -1.83831 0.43461
279.1 83.4189 -2.25735 -1.8347 0.43453
279.2 83.1938 -2.25335 -1.8311 0.434449
279.3 82.9691 -2.24935 -1.8275 0.434369
279.4 82.7447 -2.24536 -1.82392 0.434289
279.5 82.5208 -2.24138 -1.82033 0.434209
279.6 82.2972 -2.2374 -1.81676 0.434129
279.7 82.0741 -2.23343 -1.81319 0.434049
279.8 81.8513 -2.22947 -1.80962 0.433969
279.9 81.629 -2.22551 -1.80606 0.433889
280 81.407 -2.22156 -1.80251 0.433809
280.1 81.1855 -2.21761 -1.79897 0.433729
280.2 80.9643 -2.21367 -1.79543 0.433649
280.3 80.7435 -2.20974 -1.7919 0.433569
280.4 80.5231 -2.20582 -1.78837 0.433489
280.5 80.3031 -2.2019 -1.78485 0.433409
280.6 80.0835 -2.19798 -1.78134 0.433329
280.7 79.8643 -2.19408 -1.77783 0.43325
280.8 79.6455 -2.19018 -1.77433 0.43317
280.9 79.4271 -2.18628 -1.77083 0.43309
281 79.209 -2.1824 -1.76734 0.43301
281.1 78.9914 -2.17852 -1.76386 0.432931
281.2 78.7741 -2.17464 -1.76039 0.432851
281.3 78.5572 -2.17077 -1.75692 0.432771
281.4 78.3407 -2.16691 -1.75345 0.432692
281.5 78.1246 -2.16305 -1.74999 0.432612
281.6 77.9089 -2.1592 -1.74654 0.432533
281.7 77.6935 -2.15536 -1.7431 0.432453
281.8 77.4786 -2.15152 -1.73966 0.432373
281.9 77.264 -2.14769 -1.73622 0.432294
282 77.0498 -2.14387 -1.7328 0.432215
282.1 76.836 -2.14005 -1.72938 0.432135
282.2 76.6225 -2.13624 -1.72596 0.432056
282.3 76.4095 -2.13243 -1.72255 0.431976
282.4 76.1968 -2.12863 -1.71915 0.431897
282.5 75.9845 -2.12484 -1.71575 0.431818
282.6 75.7726 -2.12105 -1.71236 0.431738
282.7 75.5611 -2.11727 -1.70898 0.431659
282.8 75.3499 -2.1135 -1.7056 0.43158
282.9 75.1391 -2.10973 -1.70223 0.431501
283 74.9287 -2.10597 -1.69886 0.431421
283.1 74.7187 -2.10221 -1.6955 0.431342
283.2 74.509 -2.09846 -1.69214 0.431263
283.3 74.2997 -2.09472 -1.6888 0.431184
283.4 74.0908 -2.09098 -1.68545 0.431105
283.5 73.8823 -2.08725 -1.68212 0.431026
283.6 73.6741 -2.08352 -1.67879 0.430947
283.7 73.4663 -2.0798 -1.67546 0.430868
283.8 73.2589 -2.07609 -1.67214 0.430789
283.9 73.0519 -2.07238 -1.66883 0.43071
284 72.8452 -2.06868 -1.66552 0.430631
284.1 72.6389 -2.06498 -1.66222 0.430552
284.2 72.4329 -2.06129 -1.65893 0.430473
284.3 72.2273 -2.05761 -1.65564 0.430394
284.4 72.0221 -2.05393 -1.65235 0.430315
284.5 71.8173 -2.05026 -1.64908 0.430236
284.6 71.6128 -2.04659 -1.6458 0.430158
284.7 71.4087 -2.04293 -1.64254 0.430079
284.8 71.205 -2.03928 -1.63928 0.43
284.9 71.0016 -2.03563 -1.63603 0.429921
285 70.7986 -2.03199 -1.63278 0.429843
285.1 70.5959 -2.02835 -1.62953 0.429764
285.2 70.3936 -2.02472 -1.6263 0.429685
285.3 70.1917 -2.0211 -1.62307 0.429607
285.4 69.9901 -2.01748 -1.61984 0.429528
285.5 69.7889 -2.01387 -1.61662 0.429449
285.6 69.5881 -2.01026 -1.61341 0.429371
285.7 69.3876 -2.00666 -1.6102 0.429292
285.8 69.1874 -2.00307 -1.607 0.429214
285.9 68.9877 -1.99948 -1.6038 0.429135
286 68.7883 -1.9959 -1.60061 0.429057
286.1 68.5892 -1.99232 -1.59743 0.428979
286.2 68.3905 -1.98875 -1.59425 0.4289
286.3 68.1922 -1.98518 -1.59107 0.428822
286.4 67.9942 -1.98162 -1.58791 0.428743
286.5 67.7966 -1.97807 -1.58474 0.428665
286.6 67.5993 -1.97452 -1.58159 0.428587
286.7 67.4024 -1.97098 -1.57844 0.428509
286.8 67.2058 -1.96744 -1.57529 0.42843
286.9 67.0096 -1.96391 -1.57215 0.428352
287 66.8137 -1.96039 -1.56902 0.428274
287.1 66.6182 -1.95687 -1.56589 0.428196
287.2 66.423 -1.95336 -1.56277 0.428118
287.3 66.2282 -1.94985 -1.55965 0.428039
287.4 66.0338 -1.94635 -1.55654 0.427961
287.5 65.8397 -1.94285 -1.55343 0.427883
287.6 65.6459 -1.93936 -1.55033 0.427805
287.7 65.4525 -1.93588 -1.54724 0.427727
287.8 65.2594 -1.9324 -1.54415 0.427649
287.9 65.0667 -1.92892 -1.54107 0.427571
288 64.8743 -1.92546 -1.53799 0.427493
288.1 64.6823 -1.92199 -1.53492 0.427415
288.2 64.4906 -1.91854 -1.53185 0.427337
288.3 64.2993 -1.91509 -1.52879 0.42726
288.4 64.1083 -1.91164 -1.52573 0.427182
288.5 63.9177 -1.9082 -1.52268 0.427104
288.6 63.7273 -1.90477 -1.51964 0.427026
288.7 63.5374 -1.90134 -1.5166 0.426948
288.8 63.3478 -1.89792 -1.51356 0.426871
288.9 63.1585 -1.8945 -1.51054 0.426793
289 62.9695 -1.89109 -1.50751 0.426715
289.1 62.7809 -1.88768 -1.5045 0.426637
289.2 62.5927 -1.88428 -1.50148 0.42656
289.3 62.4048 -1.88089 -1.49848 0.426482
289.4 62.2172 -1.8775 -1.49548 0.426404
289.5 62.0299 -1.87411 -1.49248 0.426327
289.6 61.843 -1.87074 -1.48949 0.426249
289.7 61.6565 -1.86736 -1.4865 0.426172
289.8 61.4702 -1.864 -1.48352 0.426094
289.9 61.2843 -1.86063 -1.48055 0.426017
290 61.0988 -1.85728 -1.47758 0.425939
290.1 60.9136 -1.85393 -1.47462 0.425862
290.2 60.7287 -1.85058 -1.47166 0.425784
290.3 60.5441 -1.84724 -1.46871 0.425707
290.4 60.3599 -1.84391 -1.46576 0.42563
290.5 60.176 -1.84058 -1.46282 0.425552
290.6 59.9924 -1.83725 -1.45988 0.425475
290.7 59.8092 -1.83394 -1.45695 0.425398
290.8 59.6263 -1.83062 -1.45402 0.42532
290.9 59.4438 -1.82732 -1.4511 0.425243
291 59.2615 -1.82401 -1.44818 0.425166
291.1 59.0796 -1.82072 -1.44527 0.425089
291.2 58.898 -1.81743 -1.44237 0.425012
291.3 58.7168 -1.81414 -1.43947 0.424934
291.4 58.5359 -1.81086 -1.43657 0.424857
291.5 58.3553 -1.80759 -1.43368 0.42478
291.6 58.175 -1.80432 -1.4308 0.424703
291.7 57.9951 -1.80105 -1.42792 0.424626
291.8 57.8154 -1.79779 -1.42505 0.424549
291.9 57.6361 -1.79454 -1.42218 0.424472
292 57.4572 -1.79129 -1.41931 0.424395
292.1 57.2785 -1.78805 -1.41646 0.424318
292.2 57.1002 -1.78481 -1.4136 0.424241
292.3 56.9222 -1.78158 -1.41076 0.424164
292.4 56.7445 -1.77835 -1.40791 0.424087
292.5 56.5672 -1.77513 -1.40508 0.42401
292.6 56.3902 -1.77191 -1.40224 0.423934
292.7 56.2135 -1.7687 -1.39942 0.423857
292.8 56.0371 -1.76549 -1.39659 0.42378
292.9 55.861 -1.76229 -1.39378 0.423703
293 55.6852 -1.7591 -1.39096 0.423626
293.1 55.5098 -1.75591 -1.38816 0.42355
293.2 55.3347 -1.75272 -1.38536 0.423473
293.3 55.1599 -1.74954 -1.38256 0.423396
293.4 54.9854 -1.74636 -1.37977 0.42332
293.5 54.8113 -1.74319 -1.37698 0.423243
293.6 54.6374 -1.74003 -1.3742 0.423166
293.7 54.4639 -1.73687 -1.37142 0.42309
293.8 54.2907 -1.73372 -1.36865 0.423013
293.9 54.1178 -1.73057 -1.36588 0.422937
294 53.9452 -1.72742 -1.36312 0.42286
294.1 53.7729 -1.72428 -1.36037 0.422784
294.2 53.601 -1.72115 -1.35762 0.422707
294.3 53.4293 -1.71802 -1.35487 0.422631
294.4 53.258 -1.7149 -1.35213 0.422554
294.5 53.087 -1.71178 -1.34939 0.422478
294.6 52.9163 -1.70867 -1.34666 0.422401
294.7 52.7459 -1.70556 -1.34393 0.422325
294.8 52.5758 -1.70246 -1.34121 0.422249
294.9 52.406 -1.69936 -1.3385 0.422172
295 52.2365 -1.69626 -1.33578 0.422096
295.1 52.0673 -1.69318 -1.33308 0.42202
295.2 51.8985 -1.69009 -1.33038 0.421944
295.3 51.7299 -1.68702 -1.32768 0.421867
295.4 51.5617 -1.68394 -1.32499 0.421791
295.5 51.3938 -1.68087 -1.3223 0.421715
295.6 51.2261 -1.67781 -1.31962 0.421639
295.7 51.0588 -1.67475 -1.31694 0.421563
295.8 50.8918 -1.6717 -1.31427 0.421487
295.9 50.7251 -1.66865 -1.3116 0.42141
296 50.5587 -1.66561 -1.30894 0.421334
296.1 50.3926 -1.66257 -1.30628 0.421258
296.2 50.2268 -1.65954 -1.30363 0.421182
296.3 50.0613 -1.65651 -1.30098 0.421106
296.4 49.8961 -1.65349 -1.29834 0.42103
296.5 49.7312 -1.65047 -1.2957 0.420954
296.6 49.5666 -1.64746 -1.29307 0.420878
296.7 49.4023 -1.64445 -1.29044 0.420803
296.8 49.2383 -1.64145 -1.28781 0.420727
296.9 49.0746 -1.63845 -1.28519 0.420651
297 48.9112 -1.63545 -1.28258 0.420575
297.1 48.7481 -1.63247 -1.27997 0.420499
297.2 48.5853 -1.62948 -1.27736 0.420423
297.3 48.4228 -1.6265 -1.27476 0.420348
297.4 48.2606 -1.62353 -1.27217 0.420272
297.5 48.0987 -1.62056 -1.26958 0.420196
297.6 47.9371 -1.6176 -1.26699 0.42012
297.7 47.7758 -1.61464 -1.26441 0.420045
297.8 47.6147 -1.61168 -1.26184 0.419969
297.9 47.454 -1.60873 -1.25926 0.419893
298 47.2936 -1.60579 -1.2567 0.419818
298.1 47.1334 -1.60285 -1.25414 0.419742
298.2 46.9736 -1.59991 -1.25158 0.419667
298.3 46.8141 -1.59698 -1.24902 0.419591
298.4 46.6548 -1.59405 -1.24648 0.419516
298.5 46.4958 -1.59113 -1.24393 0.41944
298.6 46.3371 -1.58822 -1.24139 0.419365
298.7 46.1788 -1.58531 -1.23886 0.419289
298.8 46.0207 -1.5824 -1.23633 0.419214
298.9 45.8629 -1.5795 -1.23381 0.419138
299 45.7053 -1.5766 -1.23129 0.419063
299.1 45.5481 -1.57371 -1.22877 0.418987
299.2 45.3912 -1.57082 -1.22626 0.418912
299.3 45.2345 -1.56794 -1.22375 0.418837
299.4 45.0782 -1.56506 -1.22125 0.418761
299.5 44.9221 -1.56218 -1.21875 0.418686
299.6 44.7663 -1.55932 -1.21626 0.418611
299.7 44.6108 -1.55645 -1.21377 0.418536
299.8 44.4556 -1.55359 -1.21129 0.41846
299.9 44.3007 -1.55074 -1.20881 0.418385
300 44.146 -1.54789 -1.20634 0.41831
300.1 43.9917 -1.54504 -1.20387 0.418235
300.2 43.8376 -1.5422 -1.2014 0.41816
300.3 43.6838 -1.53936 -1.19894 0.418085
300.4 43.5303 -1.53653 -1.19648 0.41801
300.5 43.377 -1.53371 -1.19403 0.417935
300.6 43.2241 -1.53088 -1.19159 0.41786
300.7 43.0714 -1.52807 -1.18914 0.417784
300.8 42.919 -1.52525 -1.1867 0.417709
300.9 42.7669 -1.52244 -1.18427 0.417635
301 42.6151 -1.51964 -1.18184 0.41756
301.1 42.4636 -1.51684 -1.17942 0.417485
301.2 42.3123 -1.51405 -1.177 0.41741
301.3 42.1613 -1.51126 -1.17458 0.417335
301.4 42.0106 -1.50847 -1.17217 0.41726
301.5 41.8602 -1.50569 -1.16976 0.417185
301.6 41.71 -1.50291 -1.16736 0.41711
301.7 41.5602 -1.50014 -1.16496 0.417035
301.8 41.4106 -1.49737 -1.16257 0.416961
301.9 41.2612 -1.49461 -1.16018 0.416886
302 41.1122 -1.49185 -1.15779 0.416811
302.1 40.9634 -1.4891 -1.15541 0.416736
302.2 40.8149 -1.48635 -1.15304 0.416662
302.3 40.6667 -1.4836 -1.15067 0.416587
302.4 40.5187 -1.48086 -1.1483 0.416512
302.5 40.3711 -1.47813 -1.14594 0.416438
302.6 40.2237 -1.47539 -1.14358 0.416363
302.7 40.0765 -1.47267 -1.14122 0.416289
302.8 39.9297 -1.46995 -1.13887 0.416214
302.9 39.7831 -1.46723 -1.13653 0.41614
303 39.6368 -1.46451 -1.13419 0.416065
303.1 39.4907 -1.4618 -1.13185 0.41599
303.2 39.3449 -1.4591 -1.12952 0.415916
303.3 39.1994 -1.4564 -1.12719 0.415842
303.4 39.0542 -1.4537 -1.12487 0.415767
303.5 38.9092 -1.45101 -1.12255 0.415693
303.6 38.7645 -1.44832 -1.12023 0.415618
303.7 38.6201 -1.44564 -1.11792 0.415544
303.8 38.476 -1.44296 -1.11562 0.41547
303.9 38.3321 -1.44029 -1.11331 0.415395
304 38.1884 -1.43762 -1.11101 0.415321
304.1 38.0451 -1.43495 -1.10872 0.415247
304.2 37.902 -1.43229 -1.10643 0.415172
304.3 37.7591 -1.42964 -1.10415 0.415098
304.4 37.6166 -1.42698 -1.10187 0.415024
304.5 37.4743 -1.42434 -1.09959 0.41495
304.6 37.3322 -1.42169 -1.09732 0.414875
304.7 37.1905 -1.41905 -1.09505 0.414801
304.8 37.0489 -1.41642 -1.09278 0.414727
304.9 36.9077 -1.41379 -1.09052 0.414653
305 36.7667 -1.41116 -1.08827 0.414579
305.1 36.626 -1.40854 -1.08602 0.414505
305.2 36.4855 -1.40592 -1.08377 0.414431
305.3 36.3453 -1.40331 -1.08153 0.414357
305.4 36.2054 -1.4007 -1.07929 0.414283
305.5 36.0657 -1.3981 -1.07705 0.414209
305.6 35.9263 -1.39549 -1.07482 0.414135
305.7 35.7871 -1.3929 -1.07259 0.414061
305.8 35.6482 -1.39031 -1.07037 0.413987
305.9 35.5096 -1.38772 -1.06815 0.413913
306 35.3712 -1.38513 -1.06594 0.413839
306.1 35.2331 -1.38256 -1.06373 0.413765
306.2 35.0952 -1.37998 -1.06152 0.413691
306.3 34.9576 -1.37741 -1.05932 0.413618
306.4 34.8202 -1.37484 -1.05712 0.413544
306.5 34.6831 -1.37228 -1.05493 0.41347
306.6 34.5463 -1.36972 -1.05274 0.413396
306.7 34.4097 -1.36717 -1.05056 0.413322
306.8 34.2734 -1.36462 -1.04837 0.413249
306.9 34.1373 -1.36207 -1.0462 0.413175
307 34.0015 -1.35953 -1.04402 0.413101
307.1 33.8659 -1.35699 -1.04185 0.413028
307.2 33.7306 -1.35446 -1.03969 0.412954
307.3 33.5955 -1.35193 -1.03753 0.41288
307.4 33.4607 -1.34941 -1.03537 0.412807
307.5 33.3261 -1.34688 -1.03322 0.412733
307.6 33.1918 -1.34437 -1.03107 0.41266
307.7 33.0578 -1.34185 -1.02892 0.412586
307.8 32.924 -1.33935 -1.02678 0.412513
307.9 32.7904 -1.33684 -1.02465 0.412439
308 32.6571 -1.33434 -1.02251 0.412366
308.1 32.524 -1.33185 -1.02038 0.412292
308.2 32.3912 -1.32935 -1.01826 0.412219
308.3 32.2587 -1.32686 -1.01614 0.412145
308.4 32.1263 -1.32438 -1.01402 0.412072
308.5 31.9943 -1.3219 -1.01191 0.411999
308.6 31.8625 -1.31943 -1.0098 0.411925
308.7 31.7309 -1.31695 -1.00769 0.411852
308.8 31.5996 -1.31449 -1.00559 0.411779
308.9 31.4685 -1.31202 -1.0035 0.411705
309 31.3376 -1.30956 -1.0014 0.411632
309.1 31.2071 -1.30711 -0.999313 0.411559
309.2 31.0767 -1.30465 -0.997227 0.411485
309.3 30.9466 -1.30221 -0.995146 0.411412
309.4 30.8168 -1.29976 -0.993068 0.411339
309.5 30.6871 -1.29732 -0.990994 0.411266
309.6 30.5578 -1.29489 -0.988924 0.411193
309.7 30.4287 -1.29246 -0.986859 0.41112
309.8 30.2998 -1.29003 -0.984796 0.411046
309.9 30.1711 -1.2876 -0.982738 0.410973
310 30.0427 -1.28519 -0.980684 0.4109
310.1 29.9146 -1.28277 -0.978633 0.410827
310.2 29.7867 -1.28036 -0.976587 0.410754
310.3 29.659 -1.27795 -0.974544 0.410681
310.4 29.5316 -1.27555 -0.972505 0.410608
310.5 29.4044 -1.27315 -0.97047 0.410535
310.6 29.2774 -1.27075 -0.968439 0.410462
310.7 29.1507 -1.26836 -0.966411 0.410389
310.8 29.0242 -1.26597 -0.964387 0.410316
310.9 28.898 -1.26359 -0.962368 0.410244
311 28.772 -1.2612 -0.960352 0.410171
311.1 28.6462 -1.25883 -0.958339 0.410098
311.2 28.5207 -1.25646 -0.956331 0.410025
311.3 28.3954 -1.25409 -0.954326 0.409952
311.4 28.2703 -1.25172 -0.952325 0.409879
311.5 28.1455 -1.24936 -0.950328 0.409807
311.6 28.0209 -1.247 -0.948335 0.409734
311.7 27.8966 -1.24465 -0.946345 0.409661
311.8 27.7725 -1.2423 -0.94436 0.409588
311.9 27.6486 -1.23996 -0.942378 0.409516
312 27.525 -1.23761 -0.940399 0.409443
312.1 27.4015 -1.23528 -0.938425 0.40937
312.2 27.2784 -1.23294 -0.936454 0.409298
312.3 27.1554 -1.23061 -0.934487 0.409225
312.4 27.0327 -1.22829 -0.932523 0.409153
312.5 26.9102 -1.22596 -0.930564 0.40908
312.6 26.788 -1.22364 -0.928608 0.409007
312.7 26.666 -1.22133 -0.926655 0.408935
312.8 26.5442 -1.21902 -0.924707 0.408862
312.9 26.4226 -1.21671 -0.922762 0.40879
313 26.3013 -1.21441 -0.920821 0.408717
313.1 26.1802 -1.21211 -0.918883 0.408645
313.2 26.0593 -1.20981 -0.916949 0.408572
313.3 25.9387 -1.20752 -0.915019 0.4085
313.4 25.8183 -1.20523 -0.913093 0.408428
313.5 25.6981 -1.20295 -0.91117 0.408355
313.6 25.5782 -1.20067 -0.90925 0.408283
313.7 25.4584 -1.19839 -0.907335 0.408211
313.8 25.3389 -1.19611 -0.905423 0.408138
313.9 25.2197 -1.19384 -0.903515 0.408066
314 25.1006 -1.19158 -0.90161 0.407994
314.1 24.9818 -1.18932 -0.899709 0.407921
314.2 24.8632 -1.18706 -0.897811 0.407849
314.3 24.7448 -1.1848 -0.895917 0.407777
314.4 24.6267 -1.18255 -0.894027 0.407705
314.5 24.5088 -1.1803 -0.89214 0.407633
314.6 24.3911 -1.17806 -0.890257 0.40756
314.7 24.2736 -1.17582 -0.888378 0.407488
314.8 24.1564 -1.17358 -0.886502 0.407416
314.9 24.0393 -1.17135 -0.884629 0.407344
315 23.9225 -1.16912 -0.882761 0.407272
315.1 23.806 -1.16689 -0.880895 0.4072
315.2 23.6896 -1.16467 -0.879034 0.407128
315.3 23.5735 -1.16245 -0.877176 0.407056
315.4 23.4576 -1.16024 -0.875321 0.406984
315.5 23.3419 -1.15803 -0.87347 0.406912
315.6 23.2264 -1.15582 -0.871622 0.40684
315.7 23.1111 -1.15362 -0.869778 0.406768
315.8 22.9961 -1.15142 -0.867938 0.406696
315.9 22.8813 -1.14922 -0.866101 0.406624
316 22.7667 -1.14703 -0.864267 0.406552
316.1 22.6523 -1.14484 -0.862437 0.40648
316.2 22.5382 -1.14265 -0.860611 0.406408
316.3 22.4242 -1.14047 -0.858788 0.406337
316.4 22.3105 -1.13829 -0.856968 0.406265
316.5 22.197 -1.13612 -0.855152 0.406193
316.6 22.0837 -1.13395 -0.85334 0.406121
316.7 21.9707 -1.13178 -0.85153 0.406049
316.8 21.8578 -1.12961 -0.849725 0.405978
316.9 21.7452 -1.12745 -0.847923 0.405906
317 21.6327 -1.12529 -0.846124 0.405834
317.1 21.5205 -1.12314 -0.844329 0.405763
317.2 21.4085 -1.12099 -0.842537 0.405691
317.3 21.2968 -1.11884 -0.840748 0.405619
317.4 21.1852 -1.1167 -0.838963 0.405548
317.5 21.0739 -1.11456 -0.837182 0.405476
317.6 20.9627 -1.11243 -0.835404 0.405404
317.7 20.8518 -1.11029 -0.833629 0.405333
317.8 20.7411 -1.10816 -0.831857 0.405261
317.9 20.6306 -1.10604 -0.830089 0.40519
318 20.5203 -1.10392 -0.828325 0.405118
318.1 20.4102 -1.1018 -0.826564 0.405047
318.2 20.3004 -1.09968 -0.824806 0.404975
318.3 20.1907 -1.09757 -0.823051 0.404904
318.4 20.0813 -1.09546 -0.8213 0.404832
318.5 19.972 -1.09336 -0.819553 0.404761
318.6 19.863 -1.09126 -0.817808 0.40469
318.7 19.7542 -1.08916 -0.816067 0.404618
318.8 19.6456 -1.08706 -0.81433 0.404547
318.9 19.5372 -1.08497 -0.812596 0.404475
319 19.429 -1.08289 -0.810865 0.404404
319.1 19.3211 -1.0808 -0.809137 0.404333
319.2 19.2133 -1.07872 -0.807413 0.404261
319.3 19.1057 -1.07664 -0.805692 0.40419
319.4 18.9984 -1.07457 -0.803974 0.404119
319.5 18.8912 -1.0725 -0.80226 0.404048
319.6 18.7843 -1.07043 -0.800549 0.403977
319.7 18.6776 -1.06837 -0.798841 0.403905
319.8 18.571 -1.06631 -0.797136 0.403834
319.9 18.4647 -1.06425 -0.795435 0.403763
320 18.3586 -1.0622 -0.793737 0.403692
320.1 18.2527 -1.06015 -0.792043 0.403621
320.2 18.147 -1.0581 -0.790352 0.40355
320.3 18.0415 -1.05606 -0.788663 0.403479
320.4 17.9362 -1.05402 -0.786979 0.403407
320.5 17.8311 -1.05198 -0.785297 0.403336
320.6 17.7262 -1.04995 -0.783619 0.403265
320.7 17.6215 -1.04792 -0.781944 0.403194
320.8 17.517 -1.04589 -0.780272 0.403123
320.9 17.4127 -1.04387 -0.778603 0.403052
321 17.3086 -1.04185 -0.776938 0.402981
321.1 17.2047 -1.03983 -0.775276 0.402911
321.2 17.1011 -1.03782 -0.773617 0.40284
321.3 16.9976 -1.0358 -0.771961 0.402769
321.4 16.8943 -1.0338 -0.770309 0.402698
321.5 16.7912 -1.03179 -0.76866 0.402627
321.6 16.6883 -1.02979 -0.767014 0.402556
321.7 16.5857 -1.0278 -0.765371 0.402485
321.8 16.4832 -1.0258 -0.763731 0.402414
321.9 16.3809 -1.02381 -0.762095 0.402344
322 16.2788 -1.02183 -0.760461 0.402273
322.1 16.1769 -1.01984 -0.758831 0.402202
322.2 16.0753 -1.01786 -0.757204 0.402131
322.3 15.9738 -1.01588 -0.75558 0.402061
322.4 15.8725 -1.01391 -0.75396 0.40199
322.5 15.7714 -1.01194 -0.752342 0.401919
322.6 15.6705 -1.00997 -0.750728 0.401849
322.7 15.5698 -1.00801 -0.749116 0.401778
322.8 15.4693 -1.00605 -0.747508 0.401707
322.9 15.369 -1.00409 -0.745903 0.401637
323 15.2688 -1.00213 -0.744301 0.401566
323.1 15.1689 -1.00018 -0.742703 0.401496
323.2 15.0692 -0.998232 -0.741107 0.401425
323.3 14.9697 -0.996287 -0.739515 0.401355
323.4 14.8703 -0.994345 -0.737925 0.401284
323.5 14.7712 -0.992406 -0.736339 0.401214
323.6 14.6722 -0.990471 -0.734756 0.401143
323.7 14.5735 -0.988538 -0.733176 0.401073
323.8 14.4749 -0.986609 -0.731599 0.401002
323.9 14.3765 -0.984683 -0.730025 0.400932
324 14.2784 -0.98276 -0.728454 0.400861
324.1 14.1804 -0.98084 -0.726886 0.400791
324.2 14.0826 -0.978924 -0.725321 0.400721
324.3 13.985 -0.97701 -0.723759 0.40065
324.4 13.8876 -0.9751 -0.722201 0.40058
324.5 13.7903 -0.973193 -0.720645 0.40051
324.6 13.6933 -0.971289 -0.719093 0.400439
324.7 13.5964 -0.969388 -0.717543 0.400369
324.8 13.4998 -0.96749 -0.715997 0.400299
324.9 13.4033 -0.965595 -0.714453 0.400228
325 13.3071 -0.963704 -0.712913 0.400158
325.1 13.211 -0.961815 -0.711375 0.400088
325.2 13.1151 -0.95993 -0.709841 0.400018
325.3 13.0194 -0.958048 -0.70831 0.399948
325.4 12.9238 -0.956169 -0.706781 0.399877
325.5 12.8285 -0.954292 -0.705256 0.399807
325.6 12.7334 -0.952419 -0.703734 0.399737
325.7 12.6384 -0.95055 -0.702214 0.399667
325.8 12.5436 -0.948683 -0.700698 0.399597
325.9 12.449 -0.946819 -0.699184 0.399527
326 12.3546 -0.944958 -0.697674 0.399457
326.1 12.2604 -0.943101 -0.696166 0.399387
326.2 12.1664 -0.941246 -0.694662 0.399317
326.3 12.0725 -0.939394 -0.69316 0.399247
326.4 11.9789 -0.937546 -0.691662 0.399177
326.5 11.8854 -0.935701 -0.690166 0.399107
326.6 11.7921 -0.933858 -0.688673 0.399037
326.7 11.699 -0.932019 -0.687184 0.398967
326.8 11.6061 -0.930182 -0.685697 0.398897
326.9 11.5133 -0.928349 -0.684213 0.398827
327 11.4208 -0.926519 -0.682732 0.398757
327.1 11.3284 -0.924691 -0.681254 0.398687
327.2 11.2362 -0.922867 -0.679779 0.398618
327.3 11.1442 -0.921046 -0.678307 0.398548
327.4 11.0523 -0.919227 -0.676837 0.398478
327.5 10.9607 -0.917412 -0.675371 0.398408
327.6 10.8692 -0.9156 -0.673907 0.398338
327.7 10.7779 -0.91379 -0.672447 0.398269
327.8 10.6868 -0.911984 -0.670989 0.398199
327.9 10.5959 -0.91018 -0.669534 0.398129
328 10.5051 -0.90838 -0.668082 0.39806
328.1 10.4146 -0.906582 -0.666633 0.39799
328.2 10.3242 -0.904788 -0.665187 0.39792
328.3 10.234 -0.902996 -0.663744 0.397851
328.4 10.1439 -0.901208 -0.662303 0.397781
328.5 10.0541 -0.899422 -0.660865 0.397711
328.6 9.96441 -0.897639 -0.659431 0.397642
328.7 9.87492 -0.895859 -0.657999 0.397572
328.8 9.7856 -0.894082 -0.65657 0.397503
328.9 9.69646 -0.892308 -0.655143 0.397433
329 9.60749 -0.890537 -0.65372 0.397363
329.1 9.5187 -0.888769 -0.652299 0.397294
329.2 9.43009 -0.887004 -0.650881 0.397224
329.3 9.34165 -0.885241 -0.649466 0.397155
329.4 9.25339 -0.883482 -0.648054 0.397086
329.5 9.16531 -0.881725 -0.646645 0.397016
329.6 9.0774 -0.879972 -0.645238 0.396947
329.7 8.98966 -0.878221 -0.643835 0.396877
329.8 8.9021 -0.876473 -0.642434 0.396808
329.9 8.81472 -0.874728 -0.641036 0.396739
330 8.72751 -0.872986 -0.63964 0.396669
330.1 8.64047 -0.871247 -0.638248 0.3966
330.2 8.55361 -0.86951 -0.636858 0.396531
330.3 8.46691 -0.867777 -0.635471 0.396461
330.4 8.3804 -0.866046 -0.634086 0.396392
330.5 8.29405 -0.864318 -0.632705 0.396323
330.6 8.20788 -0.862593 -0.631326 0.396253
330.7 8.12188 -0.860871 -0.62995 0.396184
330.8 8.03605 -0.859152 -0.628577 0.396115
330.9 7.95039 -0.857435 -0.627206 0.396046
331 7.8649 -0.855721 -0.625838 0.395977
331.1 7.77959 -0.85401 -0.624473 0.395907
331.2 7.69444 -0.852302 -0.623111 0.395838
331.3 7.60947 -0.850597 -0.621751 0.395769
331.4 7.52466 -0.848895 -0.620395 0.3957
331.5 7.44003 -0.847195 -0.61904 0.395631
331.6 7.35556 -0.845498 -0.617689 0.395562
331.7 7.27127 -0.843804 -0.61634 0.395493
331.8 7.18714 -0.842113 -0.614994 0.395424
331.9 7.10318 -0.840425 -0.613651 0.395355
332 7.01939 -0.838739 -0.61231 0.395286
332.1 6.93577 -0.837056 -0.610972 0.395217
332.2 6.85232 -0.835376 -0.609637 0.395148
332.3 6.76903 -0.833698 -0.608305 0.395079
332.4 6.68591 -0.832024 -0.606975 0.39501
332.5 6.60296 -0.830352 -0.605647 0.394941
332.6 6.52018 -0.828683 -0.604323 0.394872
332.7 6.43756 -0.827016 -0.603001 0.394803
332.8 6.35511 -0.825353 -0.601682 0.394734
332.9 6.27282 -0.823692 -0.600365 0.394665
333 6.1907 -0.822034 -0.599051 0.394597
333.1 6.10874 -0.820378 -0.59774 0.394528
333.2 6.02695 -0.818726 -0.596431 0.394459
333.3 5.94533 -0.817076 -0.595125 0.39439
333.4 5.86387 -0.815429 -0.593822 0.394321
333.5 5.78257 -0.813784 -0.592521 0.394253
333.6 5.70144 -0.812142 -0.591223 0.394184
333.7 5.62047 -0.810503 -0.589928 0.394115
333.8 5.53967 -0.808867 -0.588635 0.394046
333.9 5.45903 -0.807233 -0.587344 0.393978
334 5.37855 -0.805602 -0.586057 0.393909
334.1 5.29823 -0.803974 -0.584772 0.39384
334.2 5.21808 -0.802348 -0.583489 0.393772
334.3 5.13809 -0.800725 -0.582209 0.393703
334.4 5.05826 -0.799105 -0.580932 0.393634
334.5 4.97859 -0.797487 -0.579657 0.393566
334.6 4.89908 -0.795872 -0.578385 0.393497
334.7 4.81974 -0.79426 -0.577116 0.393429
334.8 4.74055 -0.79265 -0.575849 0.39336
334.9 4.66153 -0.791043 -0.574584 0.393292
335 4.58266 -0.789439 -0.573323 0.393223
335.1 4.50396 -0.787837 -0.572063 0.393155
335.2 4.42542 -0.786238 -0.570807 0.393086
335.3 4.34703 -0.784641 -0.569553 0.393018
335.4 4.26881 -0.783048 -0.568301 0.392949
335.5 4.19074 -0.781456 -0.567052 0.392881
335.6 4.11283 -0.779868 -0.565805 0.392812
335.7 4.03508 -0.778282 -0.564561 0.392744
335.8 3.95749 -0.776699 -0.56332 0.392676
335.9 3.88006 -0.775118 -0.562081 0.392607
336 3.80279 -0.77354 -0.560845 0.392539
336.1 3.72567 -0.771964 -0.559611 0.392471
336.2 3.64871 -0.770391 -0.558379 0.392402
336.3 3.5719 -0.768821 -0.55715 0.392334
336.4 3.49526 -0.767253 -0.555924 0.392266
336.5 3.41877 -0.765688 -0.5547 0.392198
336.6 3.34243 -0.764126 -0.553479 0.392129
336.7 3.26625 -0.762566 -0.55226 0.392061
336.8 3.19023 -0.761008 -0.551044 0.391993
336.9 3.11436 -0.759453 -0.54983 0.391925
337 3.03865 -0.757901 -0.548618 0.391857
337.1 2.96309 -0.756351 -0.547409 0.391788
337.2 2.88769 -0.754804 -0.546203 0.39172
337.3 2.81244 -0.753259 -0.544999 0.391652
337.4 2.73735 -0.751717 -0.543798 0.391584
337.5 2.6624 -0.750178 -0.542598 0.391516
337.6 2.58762 -0.748641 -0.541402 0.391448
337.7 2.51298 -0.747106 -0.540208 0.39138
337.8 2.4385 -0.745574 -0.539016 0.391312
337.9 2.36417 -0.744045 -0.537827 0.391244
338 2.29 -0.742518 -0.53664 0.391176
338.1 2.21598 -0.740994 -0.535456 0.391108
338.2 2.1421 -0.739472 -0.534274 0.39104
338.3 2.06839 -0.737953 -0.533094 0.390972
338.4 1.99482 -0.736436 -0.531917 0.390904
338.5 1.9214 -0.734921 -0.530742 0.390836
338.6 1.84814 -0.73341 -0.52957 0.390768
338.7 1.77502 -0.7319 -0.5284 0.3907
338.8 1.70206 -0.730393 -0.527233 0.390632
338.9 1.62924 -0.728889 -0.526068 0.390564
339 1.55658 -0.727387 -0.524905 0.390496
339.1 1.48407 -0.725888 -0.523745 0.390429
339.2 1.4117 -0.724391 -0.522587 0.390361
339.3 1.33949 -0.722896 -0.521432 0.390293
339.4 1.26742 -0.721404 -0.520279 0.390225
339.5 1.1955 -0.719915 -0.519128 0.390157
339.6 1.12373 -0.718428 -0.51798 0.39009
339.7 1.05211 -0.716943 -0.516834 0.390022
339.8 0.980642 -0.715461 -0.51569 0.389954
339.9 0.909318 -0.713981 -0.514549 0.389886
340 0.838142 -0.712504 -0.51341 0.389819
340.1 0.767112 -0.711029 -0.512274 0.389751
340.2 0.69623 -0.709557 -0.51114 0.389683
340.3 0.625495 -0.708087 -0.510008 0.389616
340.4 0.554906 -0.706619 -0.508879 0.389548
340.5 0.484464 -0.705154 -0.507751 0.389481
