time_s altitude_m v_r_mps v_target_mps throttle
0 200000 0 -3600.5 0
0.1 200000 -0.333147 -3600.5 0
0.2 200000 -0.666294 -3600.5 0
0.3 200000 -0.99944 -3600.5 0
0.4 200000 -1.33259 -3600.49 0
0.5 199999 -1.66573 -3600.49 0
0.6 199999 -1.99888 -3600.49 0
0.7 199999 -2.33203 -3600.48 0
0.8 199999 -2.66517 -3600.48 0
0.9 199998 -2.99832 -3600.47 0
1 199998 -3.33147 -3600.46 0
1.1 199998 -3.66462 -3600.46 0
1.2 199997 -3.99776 -3600.45 0
1.3 199997 -4.33091 -3600.44 0
1.4 199996 -4.66406 -3600.43 0
1.5 199996 -4.9972 -3600.42 0
1.6 199995 -5.33035 -3600.41 0
1.7 199995 -5.6635 -3600.4 0
1.8 199994 -5.99665 -3600.39 0
1.9 199993 -6.3298 -3600.38 0
2 199993 -6.66294 -3600.37 0
2.1 199992 -6.99609 -3600.35 0
2.2 199991 -7.32924 -3600.34 0
2.3 199990 -7.66239 -3600.33 0
2.4 199990 -7.99554 -3600.31 0
2.5 199989 -8.32868 -3600.3 0
2.6 199988 -8.66183 -3600.28 0
2.7 199987 -8.99498 -3600.26 0
2.8 199986 -9.32813 -3600.25 0
2.9 199985 -9.66128 -3600.23 0
3 199984 -9.99443 -3600.21 0
3.1 199983 -10.3276 -3600.19 0
3.2 199982 -10.6607 -3600.17 0
3.3 199981 -10.9939 -3600.15 0
3.4 199980 -11.327 -3600.13 0
3.5 199978 -11.6602 -3600.11 0
3.6 199977 -11.9933 -3600.09 0
3.7 199976 -12.3265 -3600.07 0
3.8 199975 -12.6596 -3600.04 0
3.9 199973 -12.9928 -3600.02 0
4 199972 -13.3259 -3600 0
4.1 199971 -13.6591 -3599.97 0
4.2 199969 -13.9922 -3599.95 0
4.3 199968 -14.3254 -3599.92 0
4.4 199966 -14.6585 -3599.89 0
4.5 199965 -14.9917 -3599.87 0
4.6 199963 -15.3249 -3599.84 0
4.7 199962 -15.658 -3599.81 0
4.8 199960 -15.9912 -3599.78 0
4.9 199958 -16.3243 -3599.75 0
5 199957 -16.6575 -3599.72 0
5.1 199955 -16.9906 -3599.69 0
5.2 199953 -17.3238 -3599.66 0
5.3 199951 -17.6569 -3599.63 0
5.4 199950 -17.9901 -3599.59 0
5.5 199948 -18.3232 -3599.56 0
5.6 199946 -18.6564 -3599.53 0
5.7 199944 -18.9896 -3599.49 0
5.8 199942 -19.3227 -3599.46 0
5.9 199940 -19.6559 -3599.42 0
6 199938 -19.989 -3599.38 0
6.1 199936 -20.3222 -3599.35 0
6.2 199934 -20.6553 -3599.31 0
6.3 199932 -20.9885 -3599.27 0
6.4 199930 -21.3217 -3599.23 0
6.5 199927 -21.6548 -3599.19 0
6.6 199925 -21.988 -3599.15 0
6.7 199923 -22.3211 -3599.11 0
6.8 199921 -22.6543 -3599.07 0
6.9 199918 -22.9875 -3599.03 0
7 199916 -23.3206 -3598.99 0
7.1 199914 -23.6538 -3598.95 0
7.2 199911 -23.987 -3598.9 0
7.3 199909 -24.3201 -3598.86 0
7.4 199906 -24.6533 -3598.81 0
7.5 199904 -24.9864 -3598.77 0
7.6 199901 -25.3196 -3598.72 0
7.7 199899 -25.6528 -3598.68 0
7.8 199896 -25.9859 -3598.63 0
7.9 199893 -26.3191 -3598.58 0
8 199891 -26.6523 -3598.53 0
8.1 199888 -26.9854 -3598.48 0
8.2 199885 -27.3186 -3598.43 0
8.3 199882 -27.6518 -3598.38 0
8.4 199880 -27.9849 -3598.33 0
8.5 199877 -28.3181 -3598.28 0
8.6 199874 -28.6513 -3598.23 0
8.7 199871 -28.9844 -3598.18 0
8.8 199868 -29.3176 -3598.13 0
8.9 199865 -29.6508 -3598.07 0
9 199862 -29.984 -3598.02 0
9.1 199859 -30.3171 -3597.96 0
9.2 199856 -30.6503 -3597.91 0
9.3 199853 -30.9835 -3597.85 0
9.4 199850 -31.3167 -3597.79 0
9.5 199846 -31.6498 -3597.74 0
9.6 199843 -31.983 -3597.68 0
9.7 199840 -32.3162 -3597.62 0
9.8 199837 -32.6494 -3597.56 0
9.9 199833 -32.9825 -3597.5 0
10 199830 -33.3157 -3597.44 0
10.1 199827 -33.6489 -3597.38 0
10.2 199823 -33.9821 -3597.32 0
10.3 199820 -34.3152 -3597.26 0
10.4 199816 -34.6484 -3597.19 0
10.5 199813 -34.9816 -3597.13 0
10.6 199809 -35.3148 -3597.07 0
10.7 199806 -35.648 -3597 0
10.8 199802 -35.9811 -3596.94 0
10.9 199798 -36.3143 -3596.87 0
11 199795 -36.6475 -3596.81 0
11.1 199791 -36.9807 -3596.74 0
11.2 199787 -37.3139 -3596.67 0
11.3 199784 -37.6471 -3596.6 0
11.4 199780 -37.9803 -3596.53 0
11.5 199776 -38.3134 -3596.47 0
11.6 199772 -38.6466 -3596.4 0
11.7 199768 -38.9798 -3596.33 0
11.8 199764 -39.313 -3596.25 0
11.9 199760 -39.6462 -3596.18 0
12 199756 -39.9794 -3596.11 0
12.1 199752 -40.3126 -3596.04 0
12.2 199748 -40.6458 -3595.96 0
12.3 199744 -40.979 -3595.89 0
12.4 199740 -41.3122 -3595.82 0
12.5 199736 -41.6454 -3595.74 0
12.6 199731 -41.9786 -3595.66 0
12.7 199727 -42.3118 -3595.59 0
12.8 199723 -42.6449 -3595.51 0
12.9 199718 -42.9781 -3595.43 0
13 199714 -43.3113 -3595.35 0
13.1 199710 -43.6445 -3595.28 0
13.2 199705 -43.9777 -3595.2 0
13.3 199701 -44.3109 -3595.12 0
13.4 199696 -44.6441 -3595.04 0
13.5 199692 -44.9773 -3594.95 0
13.6 199687 -45.3106 -3594.87 0
13.7 199683 -45.6438 -3594.79 0
13.8 199678 -45.977 -3594.71 0
13.9 199674 -46.3102 -3594.62 0
14 199669 -46.6434 -3594.54 0
14.1 199664 -46.9766 -3594.45 0
14.2 199659 -47.3098 -3594.37 0
14.3 199655 -47.643 -3594.28 0
14.4 199650 -47.9762 -3594.2 0
14.5 199645 -48.3094 -3594.11 0
14.6 199640 -48.6426 -3594.02 0
14.7 199635 -48.9758 -3593.93 0
14.8 199630 -49.3091 -3593.84 0
14.9 199625 -49.6423 -3593.75 0
15 199620 -49.9755 -3593.66 0
15.1 199615 -50.3087 -3593.57 0
15.2 199610 -50.6419 -3593.48 0
15.3 199605 -50.9751 -3593.39 0
15.4 199600 -51.3084 -3593.3 0
15.5 199595 -51.6416 -3593.2 0
15.6 199589 -51.9748 -3593.11 0
15.7 199584 -52.308 -3593.01 0
15.8 199579 -52.6413 -3592.92 0
15.9 199574 -52.9745 -3592.82 0
16 199568 -53.3077 -3592.73 0
16.1 199563 -53.6409 -3592.63 0
16.2 199557 -53.9742 -3592.53 0
16.3 199552 -54.3074 -3592.44 0
16.4 199546 -54.6406 -3592.34 0
16.5 199541 -54.9738 -3592.24 0
16.6 199535 -55.3071 -3592.14 0
16.7 199530 -55.6403 -3592.04 0
16.8 199524 -55.9735 -3591.94 0
16.9 199519 -56.3068 -3591.83 0
17 199513 -56.64 -3591.73 0
17.1 199507 -56.9733 -3591.63 0
17.2 199501 -57.3065 -3591.53 0
17.3 199496 -57.6397 -3591.42 0
17.4 199490 -57.973 -3591.32 0
17.5 199484 -58.3062 -3591.21 0
17.6 199478 -58.6395 -3591.11 0
17.7 199472 -58.9727 -3591 0
17.8 199466 -59.3059 -3590.89 0
17.9 199460 -59.6392 -3590.78 0
18 199454 -59.9724 -3590.68 0
18.1 199448 -60.3057 -3590.57 0
18.2 199442 -60.6389 -3590.46 0
18.3 199436 -60.9722 -3590.35 0
18.4 199430 -61.3054 -3590.24 0
18.5 199424 -61.6387 -3590.13 0
18.6 199417 -61.9719 -3590.01 0
18.7 199411 -62.3052 -3589.9 0
18.8 199405 -62.6384 -3589.79 0
18.9 199399 -62.9717 -3589.68 0
19 199392 -63.305 -3589.56 0
19.1 199386 -63.6382 -3589.45 0
19.2 199379 -63.9715 -3589.33 0
19.3 199373 -64.3047 -3589.21 0
19.4 199367 -64.638 -3589.1 0
19.5 199360 -64.9713 -3588.98 0
19.6 199354 -65.3045 -3588.86 0
19.7 199347 -65.6378 -3588.74 0
19.8 199340 -65.9711 -3588.63 0
19.9 199334 -66.3043 -3588.51 0
20 199327 -66.6376 -3588.39 0
20.1 199320 -66.9709 -3588.26 0
20.2 199314 -67.3041 -3588.14 0
20.3 199307 -67.6374 -3588.02 0
20.4 199300 -67.9707 -3587.9 0
20.5 199293 -68.304 -3587.78 0
20.6 199286 -68.6373 -3587.65 0
20.7 199279 -68.9705 -3587.53 0
20.8 199272 -69.3038 -3587.4 0
20.9 199265 -69.6371 -3587.28 0
21 199258 -69.9704 -3587.15 0
21.1 199251 -70.3037 -3587.02 0
21.2 199244 -70.6369 -3586.9 0
21.3 199237 -70.9702 -3586.77 0
21.4 199230 -71.3035 -3586.64 0
21.5 199223 -71.6368 -3586.51 0
21.6 199216 -71.9701 -3586.38 0
21.7 199208 -72.3034 -3586.25 0
21.8 199201 -72.6367 -3586.12 0
21.9 199194 -72.97 -3585.99 0
22 199186 -73.3033 -3585.85 0
22.1 199179 -73.6366 -3585.72 0
22.2 199172 -73.9699 -3585.59 0
22.3 199164 -74.3032 -3585.45 0
22.4 199157 -74.6365 -3585.32 0
22.5 199149 -74.9698 -3585.18 0
22.6 199142 -75.3031 -3585.05 0
22.7 199134 -75.6364 -3584.91 0
22.8 199126 -75.9697 -3584.78 0
22.9 199119 -76.303 -3584.64 0
23 199111 -76.6363 -3584.5 0
23.1 199103 -76.9696 -3584.36 0
23.2 199096 -77.3029 -3584.22 0
23.3 199088 -77.6362 -3584.08 0
23.4 199080 -77.9696 -3583.94 0
23.5 199072 -78.3029 -3583.8 0
23.6 199064 -78.6362 -3583.66 0
23.7 199056 -78.9695 -3583.51 0
23.8 199048 -79.3028 -3583.37 0
23.9 199040 -79.6362 -3583.23 0
24 199032 -79.9695 -3583.08 0
24.1 199024 -80.3028 -3582.94 0
24.2 199016 -80.6361 -3582.79 0
24.3 199008 -80.9695 -3582.65 0
24.4 199000 -81.3028 -3582.5 0
24.5 198992 -81.6361 -3582.35 0
24.6 198984 -81.9695 -3582.21 0
24.7 198975 -82.3028 -3582.06 0
24.8 198967 -82.6361 -3581.91 0
24.9 198959 -82.9695 -3581.76 0
25 198950 -83.3028 -3581.61 0
25.1 198942 -83.6362 -3581.46 0
25.2 198934 -83.9695 -3581.31 0
25.3 198925 -84.3028 -3581.15 0
25.4 198917 -84.6362 -3581 0
25.5 198908 -84.9695 -3580.85 0
25.6 198900 -85.3029 -3580.69 0
25.7 198891 -85.6362 -3580.54 0
25.8 198882 -85.9696 -3580.38 0
25.9 198874 -86.3029 -3580.23 0
26 198865 -86.6363 -3580.07 0
26.1 198856 -86.9697 -3579.92 0
26.2 198848 -87.303 -3579.76 0
26.3 198839 -87.6364 -3579.6 0
26.4 198830 -87.9697 -3579.44 0
26.5 198821 -88.3031 -3579.28 0
26.6 198812 -88.6365 -3579.12 0
26.7 198803 -88.9698 -3578.96 0
26.8 198795 -89.3032 -3578.8 0
26.9 198786 -89.6366 -3578.64 0
27 198777 -89.9699 -3578.48 0
27.1 198767 -90.3033 -3578.31 0
27.2 198758 -90.6367 -3578.15 0
27.3 198749 -90.9701 -3577.99 0
27.4 198740 -91.3034 -3577.82 0
27.5 198731 -91.6368 -3577.66 0
27.6 198722 -91.9702 -3577.49 0
27.7 198713 -92.3036 -3577.33 0
27.8 198703 -92.637 -3577.16 0
27.9 198694 -92.9704 -3576.99 0
28 198685 -93.3037 -3576.82 0
28.1 198675 -93.6371 -3576.65 0
28.2 198666 -93.9705 -3576.48 0
28.3 198656 -94.3039 -3576.31 0
28.4 198647 -94.6373 -3576.14 0
28.5 198637 -94.9707 -3575.97 0
28.6 198628 -95.3041 -3575.8 0
28.7 198618 -95.6375 -3575.63 0
28.8 198609 -95.9709 -3575.45 0
28.9 198599 -96.3043 -3575.28 0
29 198589 -96.6377 -3575.11 0
29.1 198580 -96.9711 -3574.93 0
29.2 198570 -97.3045 -3574.76 0
29.3 198560 -97.638 -3574.58 0
29.4 198550 -97.9714 -3574.4 0
29.5 198540 -98.3048 -3574.23 0
29.6 198530 -98.6382 -3574.05 0
29.7 198521 -98.9716 -3573.87 0
29.8 198511 -99.305 -3573.69 0
29.9 198501 -99.6385 -3573.51 0
30 198491 -99.9719 -3573.33 0
30.1 198481 -100.305 -3573.15 0
30.2 198470 -100.639 -3572.97 0
30.3 198460 -100.972 -3572.79 0
30.4 198450 -101.306 -3572.6 0
30.5 198440 -101.639 -3572.42 0
30.6 198430 -101.972 -3572.24 0
30.7 198420 -102.306 -3572.05 0
30.8 198409 -102.639 -3571.87 0
30.9 198399 -102.973 -3571.68 0
31 198389 -103.306 -3571.5 0
31.1 198378 -103.64 -3571.31 0
31.2 198368 -103.973 -3571.12 0
31.3 198357 -104.307 -3570.93 0
31.4 198347 -104.64 -3570.74 0
31.5 198336 -104.973 -3570.56 0
31.6 198326 -105.307 -3570.37 0
31.7 198315 -105.64 -3570.18 0
31.8 198305 -105.974 -3569.98 0
31.9 198294 -106.307 -3569.79 0
32 198283 -106.641 -3569.6 0
32.1 198273 -106.974 -3569.41 0
32.2 198262 -107.308 -3569.21 0
32.3 198251 -107.641 -3569.02 0
32.4 198240 -107.975 -3568.83 0
32.5 198229 -108.308 -3568.63 0
32.6 198219 -108.642 -3568.43 0
32.7 198208 -108.975 -3568.24 0
32.8 198197 -109.309 -3568.04 0
32.9 198186 -109.642 -3567.84 0
33 198175 -109.976 -3567.64 0
33.1 198164 -110.309 -3567.45 0
33.2 198153 -110.642 -3567.25 0
33.3 198141 -110.976 -3567.05 0
33.4 198130 -111.309 -3566.85 0
33.5 198119 -111.643 -3566.64 0
33.6 198108 -111.976 -3566.44 0
33.7 198097 -112.31 -3566.24 0
33.8 198085 -112.643 -3566.04 0
33.9 198074 -112.977 -3565.83 0
34 198063 -113.31 -3565.63 0
34.1 198051 -113.644 -3565.42 0
34.2 198040 -113.977 -3565.22 0
34.3 198028 -114.311 -3565.01 0
34.4 198017 -114.645 -3564.81 0
34.5 198005 -114.978 -3564.6 0
34.6 197994 -115.312 -3564.39 0
34.7 197982 -115.645 -3564.18 0
34.8 197971 -115.979 -3563.97 0
34.9 197959 -116.312 -3563.76 0
35 197947 -116.646 -3563.55 0
35.1 197936 -116.979 -3563.34 0
35.2 197924 -117.313 -3563.13 0
35.3 197912 -117.646 -3562.92 0
35.4 197900 -117.98 -3562.71 0
35.5 197889 -118.313 -3562.49 0
35.6 197877 -118.647 -3562.28 0
35.7 197865 -118.98 -3562.06 0
35.8 197853 -119.314 -3561.85 0
35.9 197841 -119.647 -3561.63 0
36 197829 -119.981 -3561.42 0
36.1 197817 -120.315 -3561.2 0
36.2 197805 -120.648 -3560.98 0
36.3 197793 -120.982 -3560.77 0
36.4 197780 -121.315 -3560.55 0
36.5 197768 -121.649 -3560.33 0
36.6 197756 -121.982 -3560.11 0
36.7 197744 -122.316 -3559.89 0
36.8 197731 -122.649 -3559.67 0
36.9 197719 -122.983 -3559.44 0
37 197707 -123.317 -3559.22 0
37.1 197694 -123.65 -3559 0
37.2 197682 -123.984 -3558.78 0
37.3 197670 -124.317 -3558.55 0
37.4 197657 -124.651 -3558.33 0
37.5 197645 -124.984 -3558.1 0
37.6 197632 -125.318 -3557.88 0
37.7 197619 -125.652 -3557.65 0
37.8 197607 -125.985 -3557.42 0
37.9 197594 -126.319 -3557.19 0
38 197581 -126.652 -3556.97 0
38.1 197569 -126.986 -3556.74 0
38.2 197556 -127.32 -3556.51 0
38.3 197543 -127.653 -3556.28 0
38.4 197530 -127.987 -3556.05 0
38.5 197518 -128.32 -3555.82 0
38.6 197505 -128.654 -3555.58 0
38.7 197492 -128.988 -3555.35 0
38.8 197479 -129.321 -3555.12 0
38.9 197466 -129.655 -3554.88 0
39 197453 -129.988 -3554.65 0
39.1 197440 -130.322 -3554.42 0
39.2 197427 -130.656 -3554.18 0
39.3 197414 -130.989 -3553.94 0
39.4 197400 -131.323 -3553.71 0
39.5 197387 -131.657 -3553.47 0
39.6 197374 -131.99 -3553.23 0
39.7 197361 -132.324 -3552.99 0
39.8 197347 -132.658 -3552.75 0
39.9 197334 -132.991 -3552.51 0
40 197321 -133.325 -3552.27 0
40.1 197307 -133.658 -3552.03 0
40.2 197294 -133.992 -3551.79 0
40.3 197281 -134.326 -3551.55 0
40.4 197267 -134.659 -3551.31 0
40.5 197254 -134.993 -3551.06 0
40.6 197240 -135.327 -3550.82 0
40.7 197226 -135.66 -3550.58 0
40.8 197213 -135.994 -3550.33 0
40.9 197199 -136.328 -3550.09 0
41 197185 -136.661 -3549.84 0
41.1 197172 -136.995 -3549.59 0
41.2 197158 -137.329 -3549.34 0
41.3 197144 -137.662 -3549.1 0
41.4 197130 -137.996 -3548.85 0
41.5 197117 -138.33 -3548.6 0
41.6 197103 -138.663 -3548.35 0
41.7 197089 -138.997 -3548.1 0
41.8 197075 -139.331 -3547.85 0
41.9 197061 -139.664 -3547.6 0
42 197047 -139.998 -3547.34 0
42.1 197033 -140.332 -3547.09 0
42.2 197019 -140.666 -3546.84 0
42.3 197005 -140.999 -3546.58 0
42.4 196990 -141.333 -3546.33 0
42.5 196976 -141.667 -3546.07 0
42.6 196962 -142 -3545.82 0
42.7 196948 -142.334 -3545.56 0
42.8 196933 -142.668 -3545.3 0
42.9 196919 -143.001 -3545.05 0
43 196905 -143.335 -3544.79 0
43.1 196890 -143.669 -3544.53 0
43.2 196876 -144.003 -3544.27 0
43.3 196862 -144.336 -3544.01 0
43.4 196847 -144.67 -3543.75 0
43.5 196833 -145.004 -3543.49 0
43.6 196818 -145.338 -3543.22 0
43.7 196803 -145.671 -3542.96 0
43.8 196789 -146.005 -3542.7 0
43.9 196774 -146.339 -3542.44 0
44 196759 -146.673 -3542.17 0
44.1 196745 -147.006 -3541.91 0
44.2 196730 -147.34 -3541.64 0
44.3 196715 -147.674 -3541.37 0
44.4 196700 -148.008 -3541.11 0
44.5 196686 -148.341 -3540.84 0
44.6 196671 -148.675 -3540.57 0
44.7 196656 -149.009 -3540.3 0
44.8 196641 -149.343 -3540.03 0
44.9 196626 -149.676 -3539.76 0
45 196611 -150.01 -3539.49 0
45.1 196596 -150.344 -3539.22 0
45.2 196581 -150.678 -3538.95 0
45.3 196566 -151.011 -3538.68 0
45.4 196550 -151.345 -3538.41 0
45.5 196535 -151.679 -3538.13 0
45.6 196520 -152.013 -3537.86 0
45.7 196505 -152.347 -3537.59 0
45.8 196489 -152.68 -3537.31 0
45.9 196474 -153.014 -3537.03 0
46 196459 -153.348 -3536.76 0
46.1 196443 -153.682 -3536.48 0
46.2 196428 -154.016 -3536.2 0
46.3 196413 -154.349 -3535.93 0
46.4 196397 -154.683 -3535.65 0
46.5 196382 -155.017 -3535.37 0
46.6 196366 -155.351 -3535.09 0
46.7 196350 -155.685 -3534.81 0
46.8 196335 -156.019 -3534.53 0
46.9 196319 -156.352 -3534.24 0
47 196303 -156.686 -3533.96 0
47.1 196288 -157.02 -3533.68 0
47.2 196272 -157.354 -3533.4 0
47.3 196256 -157.688 -3533.11 0
47.4 196240 -158.022 -3532.83 0
47.5 196225 -158.355 -3532.54 0
47.6 196209 -158.689 -3532.26 0
47.7 196193 -159.023 -3531.97 0
47.8 196177 -159.357 -3531.68 0
47.9 196161 -159.691 -3531.39 0
48 196145 -160.025 -3531.11 0
48.1 196129 -160.359 -3530.82 0
48.2 196113 -160.692 -3530.53 0
48.3 196097 -161.026 -3530.24 0
48.4 196080 -161.36 -3529.95 0
48.5 196064 -161.694 -3529.65 0
48.6 196048 -162.028 -3529.36 0
48.7 196032 -162.362 -3529.07 0
48.8 196015 -162.696 -3528.78 0
48.9 195999 -163.03 -3528.48 0
49 195983 -163.363 -3528.19 0
49.1 195966 -163.697 -3527.89 0
49.2 195950 -164.031 -3527.6 0
49.3 195933 -164.365 -3527.3 0
49.4 195917 -164.699 -3527.01 0
49.5 195900 -165.033 -3526.71 0
49.6 195884 -165.367 -3526.41 0
49.7 195867 -165.701 -3526.11 0
49.8 195851 -166.035 -3525.81 0
49.9 195834 -166.369 -3525.51 0
50 195817 -166.702 -3525.21 0
50.1 195801 -167.036 -3524.91 0
50.2 195784 -167.37 -3524.61 0
50.3 195767 -167.704 -3524.31 0
50.4 195750 -168.038 -3524.01 0
50.5 195733 -168.372 -3523.7 0
50.6 195717 -168.706 -3523.4 0
50.7 195700 -169.04 -3523.09 0
50.8 195683 -169.374 -3522.79 0
50.9 195666 -169.708 -3522.48 0
51 195649 -170.042 -3522.18 0
51.1 195632 -170.376 -3521.87 0
51.2 195615 -170.71 -3521.56 0
51.3 195597 -171.044 -3521.25 0
51.4 195580 -171.378 -3520.94 0
51.5 195563 -171.712 -3520.63 0
51.6 195546 -172.046 -3520.32 0
51.7 195529 -172.38 -3520.01 0
51.8 195511 -172.714 -3519.7 0
51.9 195494 -173.048 -3519.39 0
52 195477 -173.382 -3519.08 0
52.1 195459 -173.716 -3518.77 0
52.2 195442 -174.05 -3518.45 0
52.3 195424 -174.384 -3518.14 0
52.4 195407 -174.718 -3517.82 0
52.5 195389 -175.052 -3517.51 0
52.6 195372 -175.386 -3517.19 0
52.7 195354 -175.72 -3516.88 0
52.8 195337 -176.054 -3516.56 0
52.9 195319 -176.388 -3516.24 0
53 195301 -176.722 -3515.92 0
53.1 195284 -177.056 -3515.6 0
53.2 195266 -177.39 -3515.28 0
53.3 195248 -177.724 -3514.96 0
53.4 195230 -178.058 -3514.64 0
53.5 195212 -178.392 -3514.32 0
53.6 195194 -178.726 -3514 0
53.7 195176 -179.06 -3513.68 0
53.8 195159 -179.394 -3513.35 0
53.9 195141 -179.728 -3513.03 0
54 195123 -180.062 -3512.71 0
54.1 195104 -180.396 -3512.38 0
54.2 195086 -180.73 -3512.05 0
54.3 195068 -181.064 -3511.73 0
54.4 195050 -181.398 -3511.4 0
54.5 195032 -181.732 -3511.07 0
54.6 195014 -182.066 -3510.75 0
54.7 194995 -182.4 -3510.42 0
54.8 194977 -182.734 -3510.09 0
54.9 194959 -183.069 -3509.76 0
55 194940 -183.403 -3509.43 0
55.1 194922 -183.737 -3509.1 0
55.2 194904 -184.071 -3508.77 0
55.3 194885 -184.405 -3508.43 0
55.4 194867 -184.739 -3508.1 0
55.5 194848 -185.073 -3507.77 0
55.6 194830 -185.407 -3507.43 0
55.7 194811 -185.741 -3507.1 0
55.8 194792 -186.075 -3506.76 0
55.9 194774 -186.41 -3506.43 0
56 194755 -186.744 -3506.09 0
56.1 194736 -187.078 -3505.75 0
56.2 194718 -187.412 -3505.42 0
56.3 194699 -187.746 -3505.08 0
56.4 194680 -188.08 -3504.74 0
56.5 194661 -188.414 -3504.4 0
56.6 194642 -188.748 -3504.06 0
56.7 194623 -189.083 -3503.72 0
56.8 194604 -189.417 -3503.38 0
56.9 194585 -189.751 -3503.04 0
57 194566 -190.085 -3502.69 0
57.1 194547 -190.419 -3502.35 0
57.2 194528 -190.753 -3502.01 0
57.3 194509 -191.088 -3501.66 0
57.4 194490 -191.422 -3501.32 0
57.5 194471 -191.756 -3500.97 0
57.6 194451 -192.09 -3500.63 0
57.7 194432 -192.424 -3500.28 0
57.8 194413 -192.758 -3499.93 0
57.9 194394 -193.093 -3499.58 0
58 194374 -193.427 -3499.24 0
58.1 194355 -193.761 -3498.89 0
58.2 194335 -194.095 -3498.54 0
58.3 194316 -194.429 -3498.19 0
58.4 194296 -194.764 -3497.84 0
58.5 194277 -195.098 -3497.48 0
58.6 194257 -195.432 -3497.13 0
58.7 194238 -195.766 -3496.78 0
58.8 194218 -196.1 -3496.43 0
58.9 194198 -196.435 -3496.07 0
59 194179 -196.769 -3495.72 0
59.1 194159 -197.103 -3495.36 0
59.2 194139 -197.437 -3495.01 0
59.3 194119 -197.772 -3494.65 0
59.4 194100 -198.106 -3494.29 0
59.5 194080 -198.44 -3493.94 0
59.6 194060 -198.774 -3493.58 0
59.7 194040 -199.109 -3493.22 0
59.8 194020 -199.443 -3492.86 0
59.9 194000 -199.777 -3492.5 0
60 193980 -200.111 -3492.14 0
60.1 193960 -200.446 -3491.78 0
60.2 193940 -200.78 -3491.42 0
60.3 193920 -201.114 -3491.05 0
60.4 193900 -201.448 -3490.69 0
60.5 193879 -201.783 -3490.33 0
60.6 193859 -202.117 -3489.96 0
60.7 193839 -202.451 -3489.6 0
60.8 193819 -202.786 -3489.23 0
60.9 193798 -203.12 -3488.87 0
61 193778 -203.454 -3488.5 0
61.1 193757 -203.788 -3488.13 0
61.2 193737 -204.123 -3487.77 0
61.3 193717 -204.457 -3487.4 0
61.4 193696 -204.791 -3487.03 0
61.5 193676 -205.126 -3486.66 0
61.6 193655 -205.46 -3486.29 0
61.7 193634 -205.794 -3485.92 0
61.8 193614 -206.129 -3485.55 0
61.9 193593 -206.463 -3485.18 0
62 193572 -206.797 -3484.8 0
62.1 193552 -207.132 -3484.43 0
62.2 193531 -207.466 -3484.06 0
62.3 193510 -207.8 -3483.68 0
62.4 193489 -208.135 -3483.31 0
62.5 193468 -208.469 -3482.93 0
62.6 193448 -208.803 -3482.56 0
62.7 193427 -209.138 -3482.18 0
62.8 193406 -209.472 -3481.8 0
62.9 193385 -209.807 -3481.42 0
63 193364 -210.141 -3481.04 0
63.1 193343 -210.475 -3480.67 0
63.2 193321 -210.81 -3480.29 0
63.3 193300 -211.144 -3479.91 0
63.4 193279 -211.478 -3479.52 0
63.5 193258 -211.813 -3479.14 0
63.6 193237 -212.147 -3478.76 0
63.7 193215 -212.482 -3478.38 0
63.8 193194 -212.816 -3477.99 0
63.9 193173 -213.151 -3477.61 0
64 193151 -213.485 -3477.23 0
64.1 193130 -213.819 -3476.84 0
64.2 193109 -214.154 -3476.46 0
64.3 193087 -214.488 -3476.07 0
64.4 193066 -214.823 -3475.68 0
64.5 193044 -215.157 -3475.29 0
64.6 193023 -215.492 -3474.91 0
64.7 193001 -215.826 -3474.52 0
64.8 192979 -216.16 -3474.13 0
64.9 192958 -216.495 -3473.74 0
65 192936 -216.829 -3473.35 0
65.1 192914 -217.164 -3472.96 0
65.2 192892 -217.498 -3472.56 0
65.3 192871 -217.833 -3472.17 0
65.4 192849 -218.167 -3471.78 0
65.5 192827 -218.502 -3471.39 0
65.6 192805 -218.836 -3470.99 0
65.7 192783 -219.171 -3470.6 0
65.8 192761 -219.505 -3470.2 0
65.9 192739 -219.84 -3469.8 0
66 192717 -220.174 -3469.41 0
66.1 192695 -220.509 -3469.01 0
66.2 192673 -220.843 -3468.61 0
66.3 192651 -221.178 -3468.21 0
66.4 192629 -221.512 -3467.82 0
66.5 192606 -221.847 -3467.42 0
66.6 192584 -222.181 -3467.02 0
66.7 192562 -222.516 -3466.62 0
66.8 192540 -222.85 -3466.21 0
66.9 192517 -223.185 -3465.81 0
67 192495 -223.519 -3465.41 0
67.1 192473 -223.854 -3465.01 0
67.2 192450 -224.188 -3464.6 0
67.3 192428 -224.523 -3464.2 0
67.4 192405 -224.858 -3463.79 0
67.5 192383 -225.192 -3463.39 0
67.6 192360 -225.527 -3462.98 0
67.7 192337 -225.861 -3462.57 0
67.8 192315 -226.196 -3462.17 0
67.9 192292 -226.53 -3461.76 0
68 192269 -226.865 -3461.35 0
68.1 192247 -227.2 -3460.94 0
68.2 192224 -227.534 -3460.53 0
68.3 192201 -227.869 -3460.12 0
68.4 192178 -228.203 -3459.71 0
68.5 192155 -228.538 -3459.3 0
68.6 192132 -228.873 -3458.88 0
68.7 192110 -229.207 -3458.47 0
68.8 192087 -229.542 -3458.06 0
68.9 192064 -229.876 -3457.64 0
69 192041 -230.211 -3457.23 0
69.1 192017 -230.546 -3456.81 0
69.2 191994 -230.88 -3456.4 0
69.3 191971 -231.215 -3455.98 0
69.4 191948 -231.55 -3455.57 0
69.5 191925 -231.884 -3455.15 0
69.6 191902 -232.219 -3454.73 0
69.7 191878 -232.553 -3454.31 0
69.8 191855 -232.888 -3453.89 0
69.9 191832 -233.223 -3453.47 0
70 191808 -233.557 -3453.05 0
70.1 191785 -233.892 -3452.63 0
70.2 191761 -234.227 -3452.21 0
70.3 191738 -234.562 -3451.78 0
70.4 191715 -234.896 -3451.36 0
70.5 191691 -235.231 -3450.94 0
70.6 191667 -235.566 -3450.51 0
70.7 191644 -235.9 -3450.09 0
70.8 191620 -236.235 -3449.66 0
70.9 191596 -236.57 -3449.24 0
71 191573 -236.904 -3448.81 0
71.1 191549 -237.239 -3448.38 0
71.2 191525 -237.574 -3447.95 0
71.3 191501 -237.909 -3447.53 0
71.4 191478 -238.243 -3447.1 0
71.5 191454 -238.578 -3446.67 0
71.6 191430 -238.913 -3446.24 0
71.7 191406 -239.247 -3445.81 0
71.8 191382 -239.582 -3445.37 0
71.9 191358 -239.917 -3444.94 0
72 191334 -240.252 -3444.51 0
72.1 191310 -240.587 -3444.08 0
72.2 191286 -240.921 -3443.64 0
72.3 191262 -241.256 -3443.21 0
72.4 191237 -241.591 -3442.77 0
72.5 191213 -241.926 -3442.34 0
72.6 191189 -242.26 -3441.9 0
72.7 191165 -242.595 -3441.46 0
72.8 191140 -242.93 -3441.03 0
72.9 191116 -243.265 -3440.59 0
73 191092 -243.6 -3440.15 0
73.1 191067 -243.934 -3439.71 0
73.2 191043 -244.269 -3439.27 0
73.3 191018 -244.604 -3438.83 0
73.4 190994 -244.939 -3438.39 0
73.5 190969 -245.274 -3437.95 0
73.6 190945 -245.608 -3437.5 0
73.7 190920 -245.943 -3437.06 0
73.8 190895 -246.278 -3436.62 0
73.9 190871 -246.613 -3436.17 0
74 190846 -246.948 -3435.73 0
74.1 190821 -247.283 -3435.28 0
74.2 190796 -247.618 -3434.84 0
74.3 190772 -247.952 -3434.39 0
74.4 190747 -248.287 -3433.94 0
74.5 190722 -248.622 -3433.49 0
74.6 190697 -248.957 -3433.05 0
74.7 190672 -249.292 -3432.6 0
74.8 190647 -249.627 -3432.15 0
74.9 190622 -249.962 -3431.7 0
75 190597 -250.297 -3431.25 0
75.1 190572 -250.631 -3430.8 0
75.2 190547 -250.966 -3430.34 0
75.3 190522 -251.301 -3429.89 0
75.4 190497 -251.636 -3429.44 0
75.5 190471 -251.971 -3428.98 0
75.6 190446 -252.306 -3428.53 0
75.7 190421 -252.641 -3428.07 0
75.8 190395 -252.976 -3427.62 0
75.9 190370 -253.311 -3427.16 0
76 190345 -253.646 -3426.7 0
76.1 190319 -253.981 -3426.25 0
76.2 190294 -254.316 -3425.79 0
76.3 190268 -254.651 -3425.33 0
76.4 190243 -254.986 -3424.87 0
76.5 190217 -255.321 -3424.41 0
76.6 190192 -255.655 -3423.95 0
76.7 190166 -255.99 -3423.49 0
76.8 190140 -256.325 -3423.03 0
76.9 190115 -256.66 -3422.57 0
77 190089 -256.995 -3422.1 0
77.1 190063 -257.33 -3421.64 0
77.2 190038 -257.665 -3421.18 0
77.3 190012 -258 -3420.71 0
77.4 189986 -258.335 -3420.25 0
77.5 189960 -258.67 -3419.78 0
77.6 189934 -259.005 -3419.31 0
77.7 189908 -259.34 -3418.85 0
77.8 189882 -259.675 -3418.38 0
77.9 189856 -260.011 -3417.91 0
78 189830 -260.346 -3417.44 0
78.1 189804 -260.681 -3416.97 0
78.2 189778 -261.016 -3416.5 0
78.3 189752 -261.351 -3416.03 0
78.4 189726 -261.686 -3415.56 0
78.5 189699 -262.021 -3415.09 0
78.6 189673 -262.356 -3414.61 0
78.7 189647 -262.691 -3414.14 0
78.8 189620 -263.026 -3413.67 0
78.9 189594 -263.361 -3413.19 0
79 189568 -263.696 -3412.72 0
79.1 189541 -264.031 -3412.24 0
79.2 189515 -264.366 -3411.77 0
79.3 189488 -264.701 -3411.29 0
79.4 189462 -265.037 -3410.81 0
79.5 189435 -265.372 -3410.33 0
79.6 189409 -265.707 -3409.86 0
79.7 189382 -266.042 -3409.38 0
79.8 189355 -266.377 -3408.9 0
79.9 189329 -266.712 -3408.42 0
80 189302 -267.047 -3407.94 0
80.1 189275 -267.382 -3407.45 0
80.2 189248 -267.718 -3406.97 0
80.3 189222 -268.053 -3406.49 0
80.4 189195 -268.388 -3406.01 0
80.5 189168 -268.723 -3405.52 0
80.6 189141 -269.058 -3405.04 0
80.7 189114 -269.393 -3404.55 0
80.8 189087 -269.729 -3404.07 0
80.9 189060 -270.064 -3403.58 0
81 189033 -270.399 -3403.09 0
81.1 189006 -270.734 -3402.61 0
81.2 188979 -271.069 -3402.12 0
81.3 188952 -271.405 -3401.63 0
81.4 188924 -271.74 -3401.14 0
81.5 188897 -272.075 -3400.65 0
81.6 188870 -272.41 -3400.16 0
81.7 188843 -272.745 -3399.67 0
81.8 188815 -273.081 -3399.17 0
81.9 188788 -273.416 -3398.68 0
82 188761 -273.751 -3398.19 0
82.1 188733 -274.086 -3397.7 0
82.2 188706 -274.422 -3397.2 0
82.3 188678 -274.757 -3396.71 0
82.4 188651 -275.092 -3396.21 0
82.5 188623 -275.427 -3395.72 0
82.6 188595 -275.763 -3395.22 0
82.7 188568 -276.098 -3394.72 0
82.8 188540 -276.433 -3394.22 0
82.9 188512 -276.768 -3393.72 0
83 188485 -277.104 -3393.23 0
83.1 188457 -277.439 -3392.73 0
83.2 188429 -277.774 -3392.23 0
83.3 188401 -278.11 -3391.72 0
83.4 188374 -278.445 -3391.22 0
83.5 188346 -278.78 -3390.72 0
83.6 188318 -279.116 -3390.22 0
83.7 188290 -279.451 -3389.72 0
83.8 188262 -279.786 -3389.21 0
83.9 188234 -280.122 -3388.71 0
84 188206 -280.457 -3388.2 0
84.1 188178 -280.792 -3387.7 0
84.2 188149 -281.128 -3387.19 0
84.3 188121 -281.463 -3386.68 0
84.4 188093 -281.798 -3386.18 0
84.5 188065 -282.134 -3385.67 0
84.6 188037 -282.469 -3385.16 0
84.7 188008 -282.804 -3384.65 0
84.8 187980 -283.14 -3384.14 0
84.9 187952 -283.475 -3383.63 0
85 187923 -283.811 -3383.12 0
85.1 187895 -284.146 -3382.61 0
85.2 187866 -284.481 -3382.09 0
85.3 187838 -284.817 -3381.58 0
85.4 187809 -285.152 -3381.07 0
85.5 187781 -285.488 -3380.55 0
85.6 187752 -285.823 -3380.04 0
85.7 187723 -286.159 -3379.52 0
85.8 187695 -286.494 -3379.01 0
85.9 187666 -286.829 -3378.49 0
86 187637 -287.165 -3377.97 0
86.1 187609 -287.5 -3377.45 0
86.2 187580 -287.836 -3376.94 0
86.3 187551 -288.171 -3376.42 0
86.4 187522 -288.507 -3375.9 0
86.5 187493 -288.842 -3375.38 0
86.6 187464 -289.178 -3374.86 0
86.7 187435 -289.513 -3374.34 0
86.8 187406 -289.849 -3373.81 0
86.9 187377 -290.184 -3373.29 0
87 187348 -290.52 -3372.77 0
87.1 187319 -290.855 -3372.24 0
87.2 187290 -291.191 -3371.72 0
87.3 187261 -291.526 -3371.19 0
87.4 187232 -291.862 -3370.67 0
87.5 187202 -292.197 -3370.14 0
87.6 187173 -292.533 -3369.62 0
87.7 187144 -292.868 -3369.09 0
87.8 187114 -293.204 -3368.56 0
87.9 187085 -293.539 -3368.03 0
88 187056 -293.875 -3367.5 0
88.1 187026 -294.211 -3366.97 0
88.2 186997 -294.546 -3366.44 0
88.3 186967 -294.882 -3365.91 0
88.4 186938 -295.217 -3365.38 0
88.5 186908 -295.553 -3364.85 0
88.6 186879 -295.888 -3364.31 0
88.7 186849 -296.224 -3363.78 0
88.8 186819 -296.56 -3363.25 0
88.9 186789 -296.895 -3362.71 0
89 186760 -297.231 -3362.18 0
89.1 186730 -297.566 -3361.64 0
89.2 186700 -297.902 -3361.1 0
89.3 186670 -298.238 -3360.57 0
89.4 186640 -298.573 -3360.03 0
89.5 186611 -298.909 -3359.49 0
89.6 186581 -299.245 -3358.95 0
89.7 186551 -299.58 -3358.41 0
89.8 186521 -299.916 -3357.87 0
89.9 186491 -300.252 -3357.33 0
90 186461 -300.587 -3356.79 0
90.1 186430 -300.923 -3356.25 0
90.2 186400 -301.259 -3355.7 0
90.3 186370 -301.594 -3355.16 0
90.4 186340 -301.93 -3354.62 0
90.5 186310 -302.266 -3354.07 0
90.6 186279 -302.601 -3353.53 0
90.7 186249 -302.937 -3352.98 0
90.8 186219 -303.273 -3352.44 0
90.9 186188 -303.609 -3351.89 0
91 186158 -303.944 -3351.34 0
91.1 186127 -304.28 -3350.79 0
91.2 186097 -304.616 -3350.25 0
91.3 186066 -304.951 -3349.7 0
91.4 186036 -305.287 -3349.15 0
91.5 186005 -305.623 -3348.6 0
91.6 185975 -305.959 -3348.05 0
91.7 185944 -306.295 -3347.49 0
91.8 185913 -306.63 -3346.94 0
91.9 185883 -306.966 -3346.39 0
92 185852 -307.302 -3345.84 0
92.1 185821 -307.638 -3345.28 0
92.2 185790 -307.973 -3344.73 0
92.3 185760 -308.309 -3344.17 0
92.4 185729 -308.645 -3343.62 0
92.5 185698 -308.981 -3343.06 0
92.6 185667 -309.317 -3342.5 0
92.7 185636 -309.652 -3341.94 0
92.8 185605 -309.988 -3341.39 0
92.9 185574 -310.324 -3340.83 0
93 185543 -310.66 -3340.27 0
93.1 185512 -310.996 -3339.71 0
93.2 185480 -311.332 -3339.15 0
93.3 185449 -311.668 -3338.59 0
93.4 185418 -312.003 -3338.02 0
93.5 185387 -312.339 -3337.46 0
93.6 185355 -312.675 -3336.9 0
93.7 185324 -313.011 -3336.33 0
93.8 185293 -313.347 -3335.77 0
93.9 185261 -313.683 -3335.2 0
94 185230 -314.019 -3334.64 0
94.1 185199 -314.355 -3334.07 0
94.2 185167 -314.691 -3333.51 0
94.3 185136 -315.026 -3332.94 0
94.4 185104 -315.362 -3332.37 0
94.5 185072 -315.698 -3331.8 0
94.6 185041 -316.034 -3331.23 0
94.7 185009 -316.37 -3330.66 0
94.8 184977 -316.706 -3330.09 0
94.9 184946 -317.042 -3329.52 0
95 184914 -317.378 -3328.95 0
95.1 184882 -317.714 -3328.38 0
95.2 184850 -318.05 -3327.81 0
95.3 184818 -318.386 -3327.23 0
95.4 184787 -318.722 -3326.66 0
95.5 184755 -319.058 -3326.08 0
95.6 184723 -319.394 -3325.51 0
95.7 184691 -319.73 -3324.93 0
95.8 184659 -320.066 -3324.36 0
95.9 184627 -320.402 -3323.78 0
96 184595 -320.738 -3323.2 0
96.1 184562 -321.074 -3322.62 0
96.2 184530 -321.41 -3322.04 0
96.3 184498 -321.746 -3321.47 0
96.4 184466 -322.082 -3320.89 0
96.5 184434 -322.418 -3320.3 0
96.6 184401 -322.754 -3319.72 0
96.7 184369 -323.09 -3319.14 0
96.8 184337 -323.426 -3318.56 0
96.9 184304 -323.762 -3317.98 0
97 184272 -324.098 -3317.39 0
97.1 184239 -324.435 -3316.81 0
97.2 184207 -324.771 -3316.22 0
97.3 184174 -325.107 -3315.64 0
97.4 184142 -325.443 -3315.05 0
97.5 184109 -325.779 -3314.46 0
97.6 184077 -326.115 -3313.88 0
97.7 184044 -326.451 -3313.29 0
97.8 184011 -326.787 -3312.7 0
97.9 183978 -327.123 -3312.11 0
98 183946 -327.46 -3311.52 0
98.1 183913 -327.796 -3310.93 0
98.2 183880 -328.132 -3310.34 0
98.3 183847 -328.468 -3309.75 0
98.4 183814 -328.804 -3309.16 0
98.5 183781 -329.14 -3308.56 0
98.6 183748 -329.477 -3307.97 0
98.7 183715 -329.813 -3307.38 0
98.8 183682 -330.149 -3306.78 0
98.9 183649 -330.485 -3306.19 0
99 183616 -330.821 -3305.59 0
99.1 183583 -331.158 -3304.99 0
99.2 183550 -331.494 -3304.4 0
99.3 183517 -331.83 -3303.8 0
99.4 183483 -332.166 -3303.2 0
99.5 183450 -332.502 -3302.6 0
99.6 183417 -332.839 -3302 0
99.7 183384 -333.175 -3301.4 0
99.8 183350 -333.511 -3300.8 0
99.9 183317 -333.847 -3300.2 0
100 183283 -334.184 -3299.6 0
100.1 183250 -334.52 -3299 0
100.2 183216 -334.856 -3298.39 0
100.3 183183 -335.193 -3297.79 0
100.4 183149 -335.529 -3297.19 0
100.5 183116 -335.865 -3296.58 0
100.6 183082 -336.201 -3295.98 0
100.7 183048 -336.538 -3295.37 0
100.8 183015 -336.874 -3294.76 0
100.9 182981 -337.21 -3294.16 0
101 182947 -337.547 -3293.55 0
101.1 182913 -337.883 -3292.94 0
101.2 182880 -338.219 -3292.33 0
101.3 182846 -338.556 -3291.72 0
101.4 182812 -338.892 -3291.11 0
101.5 182778 -339.228 -3290.5 0
101.6 182744 -339.565 -3289.89 0
101.7 182710 -339.901 -3289.28 0
101.8 182676 -340.238 -3288.66 0
101.9 182642 -340.574 -3288.05 0
102 182608 -340.91 -3287.44 0
102.1 182573 -341.247 -3286.82 0
102.2 182539 -341.583 -3286.21 0
102.3 182505 -341.92 -3285.59 0
102.4 182471 -342.256 -3284.97 0
102.5 182437 -342.592 -3284.36 0
102.6 182402 -342.929 -3283.74 0
102.7 182368 -343.265 -3283.12 0
102.8 182334 -343.602 -3282.5 0
102.9 182299 -343.938 -3281.88 0
103 182265 -344.275 -3281.26 0
103.1 182230 -344.611 -3280.64 0
103.2 182196 -344.948 -3280.02 0
103.3 182161 -345.284 -3279.4 0
103.4 182127 -345.621 -3278.78 0
103.5 182092 -345.957 -3278.15 0
103.6 182057 -346.293 -3277.53 0
103.7 182023 -346.63 -3276.91 0
103.8 181988 -346.967 -3276.28 0
103.9 181953 -347.303 -3275.66 0
104 181918 -347.64 -3275.03 0
104.1 181884 -347.976 -3274.4 0
104.2 181849 -348.313 -3273.78 0
104.3 181814 -348.649 -3273.15 0
104.4 181779 -348.986 -3272.52 0
104.5 181744 -349.322 -3271.89 0
104.6 181709 -349.659 -3271.26 0
104.7 181674 -349.995 -3270.63 0
104.8 181639 -350.332 -3270 0
104.9 181604 -350.669 -3269.37 0
105 181569 -351.005 -3268.74 0
105.1 181534 -351.342 -3268.1 0
105.2 181498 -351.678 -3267.47 0
105.3 181463 -352.015 -3266.84 0
105.4 181428 -352.352 -3266.2 0
105.5 181393 -352.688 -3265.57 0
105.6 181357 -353.025 -3264.93 0
105.7 181322 -353.361 -3264.29 0
105.8 181287 -353.698 -3263.66 0
105.9 181251 -354.035 -3263.02 0
106 181216 -354.371 -3262.38 0
106.1 181180 -354.708 -3261.74 0
106.2 181145 -355.045 -3261.1 0
106.3 181109 -355.381 -3260.46 0
106.4 181074 -355.718 -3259.82 0
106.5 181038 -356.055 -3259.18 0
106.6 181002 -356.391 -3258.54 0
106.7 180967 -356.728 -3257.9 0
106.8 180931 -357.065 -3257.25 0
106.9 180895 -357.402 -3256.61 0
107 180859 -357.738 -3255.97 0
107.1 180823 -358.075 -3255.32 0
107.2 180788 -358.412 -3254.68 0
107.3 180752 -358.748 -3254.03 0
107.4 180716 -359.085 -3253.38 0
107.5 180680 -359.422 -3252.74 0
107.6 180644 -359.759 -3252.09 0
107.7 180608 -360.096 -3251.44 0
107.8 180572 -360.432 -3250.79 0
107.9 180536 -360.769 -3250.14 0
108 180500 -361.106 -3249.49 0
108.1 180463 -361.443 -3248.84 0
108.2 180427 -361.779 -3248.19 0
108.3 180391 -362.116 -3247.54 0
108.4 180355 -362.453 -3246.88 0
108.5 180318 -362.79 -3246.23 0
108.6 180282 -363.127 -3245.58 0
108.7 180246 -363.464 -3244.92 0
108.8 180209 -363.8 -3244.27 0
108.9 180173 -364.137 -3243.61 0
109 180136 -364.474 -3242.96 0
109.1 180100 -364.811 -3242.3 0
109.2 180063 -365.148 -3241.64 0
109.3 180027 -365.485 -3240.98 0
109.4 179990 -365.822 -3240.32 0
109.5 179954 -366.159 -3239.66 0
109.6 179917 -366.495 -3239 0
109.7 179880 -366.832 -3238.34 0
109.8 179843 -367.169 -3237.68 0
109.9 179807 -367.506 -3237.02 0
110 179770 -367.843 -3236.36 0
110.1 179733 -368.18 -3235.7 0
110.2 179696 -368.517 -3235.03 0
110.3 179659 -368.854 -3234.37 0
110.4 179622 -369.191 -3233.7 0
110.5 179585 -369.528 -3233.04 0
110.6 179548 -369.865 -3232.37 0
110.7 179511 -370.202 -3231.7 0
110.8 179474 -370.539 -3231.04 0
110.9 179437 -370.876 -3230.37 0
111 179400 -371.213 -3229.7 0
111.1 179363 -371.55 -3229.03 0
111.2 179326 -371.887 -3228.36 0
111.3 179288 -372.224 -3227.69 0
111.4 179251 -372.561 -3227.02 0
111.5 179214 -372.898 -3226.35 0
111.6 179177 -373.235 -3225.68 0
111.7 179139 -373.572 -3225 0
111.8 179102 -373.909 -3224.33 0
111.9 179064 -374.246 -3223.66 0
112 179027 -374.583 -3222.98 0
112.1 178989 -374.92 -3222.31 0
112.2 178952 -375.257 -3221.63 0
112.3 178914 -375.594 -3220.96 0
112.4 178877 -375.931 -3220.28 0
112.5 178839 -376.269 -3219.6 0
112.6 178801 -376.606 -3218.92 0
112.7 178764 -376.943 -3218.24 0
112.8 178726 -377.28 -3217.56 0
112.9 178688 -377.617 -3216.88 0
113 178650 -377.954 -3216.2 0
113.1 178612 -378.291 -3215.52 0
113.2 178574 -378.628 -3214.84 0
113.3 178537 -378.966 -3214.16 0
113.4 178499 -379.303 -3213.48 0
113.5 178461 -379.64 -3212.79 0
113.6 178423 -379.977 -3212.11 0
113.7 178385 -380.314 -3211.42 0
113.8 178346 -380.652 -3210.74 0
113.9 178308 -380.989 -3210.05 0
114 178270 -381.326 -3209.36 0
114.1 178232 -381.663 -3208.68 0
114.2 178194 -382 -3207.99 0
114.3 178156 -382.338 -3207.3 0
114.4 178117 -382.675 -3206.61 0
114.5 178079 -383.012 -3205.92 0
114.6 178041 -383.349 -3205.23 0
114.7 178002 -383.687 -3204.54 0
114.8 177964 -384.024 -3203.85 0
114.9 177925 -384.361 -3203.16 0
115 177887 -384.698 -3202.46 0
115.1 177848 -385.036 -3201.77 0
115.2 177810 -385.373 -3201.08 0
115.3 177771 -385.71 -3200.38 0
115.4 177733 -386.048 -3199.69 0
115.5 177694 -386.385 -3198.99 0
115.6 177655 -386.722 -3198.29 0
115.7 177617 -387.06 -3197.6 0
115.8 177578 -387.397 -3196.9 0
115.9 177539 -387.734 -3196.2 0
116 177500 -388.072 -3195.5 0
116.1 177461 -388.409 -3194.8 0
116.2 177422 -388.746 -3194.1 0
116.3 177383 -389.084 -3193.4 0
116.4 177345 -389.421 -3192.7 0
116.5 177306 -389.759 -3192 0
116.6 177266 -390.096 -3191.3 0
116.7 177227 -390.433 -3190.59 0
116.8 177188 -390.771 -3189.89 0
116.9 177149 -391.108 -3189.19 0
117 177110 -391.446 -3188.48 0
117.1 177071 -391.783 -3187.78 0
117.2 177032 -392.121 -3187.07 0
117.3 176992 -392.458 -3186.36 0
117.4 176953 -392.795 -3185.66 0
117.5 176914 -393.133 -3184.95 0
117.6 176874 -393.47 -3184.24 0
117.7 176835 -393.808 -3183.53 0
117.8 176796 -394.145 -3182.82 0
117.9 176756 -394.483 -3182.11 0
118 176717 -394.82 -3181.4 0
118.1 176677 -395.158 -3180.69 0
118.2 176637 -395.495 -3179.97 0
118.3 176598 -395.833 -3179.26 0
118.4 176558 -396.17 -3178.55 0
118.5 176519 -396.508 -3177.83 0
118.6 176479 -396.846 -3177.12 0
118.7 176439 -397.183 -3176.4 0
118.8 176399 -397.521 -3175.69 0
118.9 176360 -397.858 -3174.97 0
119 176320 -398.196 -3174.26 0
119.1 176280 -398.533 -3173.54 0
119.2 176240 -398.871 -3172.82 0
119.3 176200 -399.209 -3172.1 0
119.4 176160 -399.546 -3171.38 0
119.5 176120 -399.884 -3170.66 0
119.6 176080 -400.221 -3169.94 0
119.7 176040 -400.559 -3169.22 0
119.8 176000 -400.897 -3168.5 0
119.9 175960 -401.234 -3167.77 0
120 175920 -401.572 -3167.05 0
120.1 175879 -401.91 -3166.33 0
120.2 175839 -402.247 -3165.6 0
120.3 175799 -402.585 -3164.88 0
120.4 175758 -402.923 -3164.15 0
120.5 175718 -403.26 -3163.43 0
120.6 175678 -403.598 -3162.7 0
120.7 175637 -403.936 -3161.97 0
120.8 175597 -404.274 -3161.24 0
120.9 175556 -404.611 -3160.52 0
121 175516 -404.949 -3159.79 0
121.1 175475 -405.287 -3159.06 0
121.2 175435 -405.624 -3158.33 0
121.3 175394 -405.962 -3157.6 0
121.4 175354 -406.3 -3156.86 0
121.5 175313 -406.638 -3156.13 0
121.6 175272 -406.976 -3155.4 0
121.7 175231 -407.313 -3154.66 0
121.8 175191 -407.651 -3153.93 0
121.9 175150 -407.989 -3153.2 0
122 175109 -408.327 -3152.46 0
122.1 175068 -408.665 -3151.73 0
122.2 175027 -409.002 -3150.99 0
122.3 174986 -409.34 -3150.25 0
122.4 174945 -409.678 -3149.51 0
122.5 174904 -410.016 -3148.78 0
122.6 174863 -410.354 -3148.04 0
122.7 174822 -410.692 -3147.3 0
122.8 174781 -411.029 -3146.56 0
122.9 174740 -411.367 -3145.82 0
123 174699 -411.705 -3145.07 0
123.1 174657 -412.043 -3144.33 0
123.2 174616 -412.381 -3143.59 0
123.3 174575 -412.719 -3142.85 0
123.4 174534 -413.057 -3142.1 0
123.5 174492 -413.395 -3141.36 0
123.6 174451 -413.733 -3140.61 0
123.7 174409 -414.071 -3139.87 0
123.8 174368 -414.409 -3139.12 0
123.9 174326 -414.747 -3138.37 0
124 174285 -415.085 -3137.63 0
124.1 174243 -415.422 -3136.88 0
124.2 174202 -415.76 -3136.13 0
124.3 174160 -416.098 -3135.38 0
124.4 174118 -416.436 -3134.63 0
124.5 174077 -416.774 -3133.88 0
124.6 174035 -417.112 -3133.13 0
124.7 173993 -417.45 -3132.38 0
124.8 173951 -417.789 -3131.63 0
124.9 173910 -418.127 -3130.87 0
125 173868 -418.465 -3130.12 0
125.1 173826 -418.803 -3129.37 0
125.2 173784 -419.141 -3128.61 0
125.3 173742 -419.479 -3127.86 0
125.4 173700 -419.817 -3127.1 0
125.5 173658 -420.155 -3126.34 0
125.6 173616 -420.493 -3125.59 0
125.7 173574 -420.831 -3124.83 0
125.8 173532 -421.169 -3124.07 0
125.9 173489 -421.507 -3123.31 0
126 173447 -421.845 -3122.55 0
126.1 173405 -422.184 -3121.79 0
126.2 173363 -422.522 -3121.03 0
126.3 173320 -422.86 -3120.27 0
126.4 173278 -423.198 -3119.51 0
126.5 173236 -423.536 -3118.74 0
126.6 173193 -423.874 -3117.98 0
126.7 173151 -424.213 -3117.22 0
126.8 173108 -424.551 -3116.45 0
126.9 173066 -424.889 -3115.69 0
127 173023 -425.227 -3114.92 0
127.1 172981 -425.565 -3114.15 0
127.2 172938 -425.904 -3113.39 0
127.3 172896 -426.242 -3112.62 0
127.4 172853 -426.58 -3111.85 0
127.5 172810 -426.918 -3111.08 0
127.6 172767 -427.257 -3110.31 0
127.7 172725 -427.595 -3109.54 0
127.8 172682 -427.933 -3108.77 0
127.9 172639 -428.271 -3108 0
128 172596 -428.61 -3107.23 0
128.1 172553 -428.948 -3106.46 0
128.2 172510 -429.286 -3105.68 0
128.3 172467 -429.625 -3104.91 0
128.4 172424 -429.963 -3104.14 0
128.5 172381 -430.301 -3103.36 0
128.6 172338 -430.64 -3102.59 0
128.7 172295 -430.978 -3101.81 0
128.8 172252 -431.316 -3101.03 0
128.9 172209 -431.655 -3100.26 0
129 172165 -431.993 -3099.48 0
129.1 172122 -432.331 -3098.7 0
129.2 172079 -432.67 -3097.92 0
129.3 172036 -433.008 -3097.14 0
129.4 171992 -433.346 -3096.36 0
129.5 171949 -433.685 -3095.58 0
129.6 171905 -434.023 -3094.8 0
129.7 171862 -434.362 -3094.02 0
129.8 171819 -434.7 -3093.23 0
129.9 171775 -435.039 -3092.45 0
130 171731 -435.377 -3091.67 0
130.1 171688 -435.715 -3090.88 0
130.2 171644 -436.054 -3090.1 0
130.3 171601 -436.392 -3089.31 0
130.4 171557 -436.731 -3088.52 0
130.5 171513 -437.069 -3087.74 0
130.6 171469 -437.408 -3086.95 0
130.7 171426 -437.746 -3086.16 0
130.8 171382 -438.085 -3085.37 0
130.9 171338 -438.423 -3084.58 0
131 171294 -438.762 -3083.79 0
131.1 171250 -439.101 -3083 0
131.2 171206 -439.439 -3082.21 0
131.3 171162 -439.778 -3081.42 0
131.4 171118 -440.116 -3080.63 0
131.5 171074 -440.455 -3079.83 0
131.6 171030 -440.793 -3079.04 0
131.7 170986 -441.132 -3078.25 0
131.8 170942 -441.471 -3077.45 0
131.9 170897 -441.809 -3076.65 0
132 170853 -442.148 -3075.86 0
132.1 170809 -442.486 -3075.06 0
132.2 170765 -442.825 -3074.26 0
132.3 170720 -443.164 -3073.47 0
132.4 170676 -443.502 -3072.67 0
132.5 170632 -443.841 -3071.87 0
132.6 170587 -444.18 -3071.07 0
132.7 170543 -444.518 -3070.27 0
132.8 170498 -444.857 -3069.47 0
132.9 170454 -445.196 -3068.67 0
133 170409 -445.534 -3067.86 0
133.1 170364 -445.873 -3067.06 0
133.2 170320 -446.212 -3066.26 0
133.3 170275 -446.551 -3065.45 0
133.4 170230 -446.889 -3064.65 0
133.5 170186 -447.228 -3063.84 0
133.6 170141 -447.567 -3063.04 0
133.7 170096 -447.906 -3062.23 0
133.8 170051 -448.244 -3061.42 0
133.9 170006 -448.583 -3060.62 0
134 169962 -448.922 -3059.81 0
134.1 169917 -449.261 -3059 0
134.2 169872 -449.599 -3058.19 0
134.3 169827 -449.938 -3057.38 0
134.4 169782 -450.277 -3056.57 0
134.5 169736 -450.616 -3055.76 0
134.6 169691 -450.955 -3054.94 0
134.7 169646 -451.294 -3054.13 0
134.8 169601 -451.632 -3053.32 0
134.9 169556 -451.971 -3052.5 0
135 169511 -452.31 -3051.69 0
135.1 169465 -452.649 -3050.87 0
135.2 169420 -452.988 -3050.06 0
135.3 169375 -453.327 -3049.24 0
135.4 169329 -453.666 -3048.43 0
135.5 169284 -454.005 -3047.61 0
135.6 169238 -454.344 -3046.79 0
135.7 169193 -454.683 -3045.97 0
135.8 169147 -455.021 -3045.15 0
135.9 169102 -455.36 -3044.33 0
136 169056 -455.699 -3043.51 0
136.1 169011 -456.038 -3042.69 0
136.2 168965 -456.377 -3041.87 0
136.3 168919 -456.716 -3041.05 0
136.4 168874 -457.055 -3040.22 0
136.5 168828 -457.394 -3039.4 0
136.6 168782 -457.733 -3038.58 0
136.7 168736 -458.072 -3037.75 0
136.8 168690 -458.411 -3036.93 0
136.9 168644 -458.75 -3036.1 0
137 168598 -459.089 -3035.27 0
137.1 168553 -459.428 -3034.45 0
137.2 168507 -459.768 -3033.62 0
137.3 168460 -460.107 -3032.79 0
137.4 168414 -460.446 -3031.96 0
137.5 168368 -460.785 -3031.13 0
137.6 168322 -461.124 -3030.3 0
137.7 168276 -461.463 -3029.47 0
137.8 168230 -461.802 -3028.64 0
137.9 168184 -462.141 -3027.81 0
138 168137 -462.48 -3026.97 0
138.1 168091 -462.82 -3026.14 0
138.2 168045 -463.159 -3025.3 0
138.3 167998 -463.498 -3024.47 0
138.4 167952 -463.837 -3023.64 0
138.5 167906 -464.176 -3022.8 0
138.6 167859 -464.515 -3021.96 0
138.7 167813 -464.855 -3021.13 0
138.8 167766 -465.194 -3020.29 0
138.9 167719 -465.533 -3019.45 0
139 167673 -465.872 -3018.61 0
139.1 167626 -466.211 -3017.77 0
139.2 167580 -466.551 -3016.93 0
139.3 167533 -466.89 -3016.09 0
139.4 167486 -467.229 -3015.25 0
139.5 167439 -467.568 -3014.41 0
139.6 167392 -467.908 -3013.56 0
139.7 167346 -468.247 -3012.72 0
139.8 167299 -468.586 -3011.88 0
139.9 167252 -468.926 -3011.03 0
140 167205 -469.265 -3010.19 0
140.1 167158 -469.604 -3009.34 0
140.2 167111 -469.944 -3008.5 0
140.3 167064 -470.283 -3007.65 0
140.4 167017 -470.622 -3006.8 0
140.5 166970 -470.962 -3005.95 0
140.6 166923 -471.301 -3005.11 0
140.7 166875 -471.64 -3004.26 0
140.8 166828 -471.98 -3003.41 0
140.9 166781 -472.319 -3002.56 0
141 166734 -472.658 -3001.71 0
141.1 166686 -472.998 -3000.85 0
141.2 166639 -473.337 -3000 0
141.3 166592 -473.677 -2999.15 0
141.4 166544 -474.016 -2998.29 0
141.5 166497 -474.356 -2997.44 0
141.6 166449 -474.695 -2996.59 0
141.7 166402 -475.035 -2995.73 0
141.8 166354 -475.374 -2994.87 0
141.9 166307 -475.714 -2994.02 0
142 166259 -476.053 -2993.16 0
142.1 166211 -476.392 -2992.3 0
142.2 166164 -476.732 -2991.44 0
142.3 166116 -477.072 -2990.59 0
142.4 166068 -477.411 -2989.73 0
142.5 166020 -477.751 -2988.87 0
142.6 165972 -478.09 -2988 0
142.7 165925 -478.43 -2987.14 0
142.8 165877 -478.769 -2986.28 0
142.9 165829 -479.109 -2985.42 0
143 165781 -479.448 -2984.56 0
143.1 165733 -479.788 -2983.69 0
143.2 165685 -480.128 -2982.83 0
143.3 165637 -480.467 -2981.96 0
143.4 165589 -480.807 -2981.1 0
143.5 165541 -481.146 -2980.23 0
143.6 165492 -481.486 -2979.36 0
143.7 165444 -481.826 -2978.49 0
143.8 165396 -482.165 -2977.63 0
143.9 165348 -482.505 -2976.76 0
144 165299 -482.845 -2975.89 0
144.1 165251 -483.184 -2975.02 0
144.2 165203 -483.524 -2974.15 0
144.3 165154 -483.864 -2973.28 0
144.4 165106 -484.204 -2972.4 0
144.5 165057 -484.543 -2971.53 0
144.6 165009 -484.883 -2970.66 0
144.7 164960 -485.223 -2969.79 0
144.8 164912 -485.562 -2968.91 0
144.9 164863 -485.902 -2968.04 0
145 164814 -486.242 -2967.16 0
145.1 164766 -486.582 -2966.28 0
145.2 164717 -486.922 -2965.41 0
145.3 164668 -487.261 -2964.53 0
145.4 164620 -487.601 -2963.65 0
145.5 164571 -487.941 -2962.77 0
145.6 164522 -488.281 -2961.89 0
145.7 164473 -488.621 -2961.01 0
145.8 164424 -488.96 -2960.13 0
145.9 164375 -489.3 -2959.25 0
146 164326 -489.64 -2958.37 0
146.1 164277 -489.98 -2957.49 0
146.2 164228 -490.32 -2956.61 0
146.3 164179 -490.66 -2955.72 0
146.4 164130 -491 -2954.84 0
146.5 164081 -491.34 -2953.95 0
146.6 164032 -491.68 -2953.07 0
146.7 163982 -492.019 -2952.18 0
146.8 163933 -492.359 -2951.3 0
146.9 163884 -492.699 -2950.41 0
147 163835 -493.039 -2949.52 0
147.1 163785 -493.379 -2948.63 0
147.2 163736 -493.719 -2947.74 0
147.3 163686 -494.059 -2946.85 0
147.4 163637 -494.399 -2945.96 0
147.5 163587 -494.739 -2945.07 0
147.6 163538 -495.079 -2944.18 0
147.7 163488 -495.419 -2943.29 0
147.8 163439 -495.759 -2942.4 0
147.9 163389 -496.099 -2941.5 0
148 163339 -496.439 -2940.61 0
148.1 163290 -496.779 -2939.72 0
148.2 163240 -497.119 -2938.82 0
148.3 163190 -497.46 -2937.92 0
148.4 163140 -497.8 -2937.03 0
148.5 163091 -498.14 -2936.13 0
148.6 163041 -498.48 -2935.23 0
148.7 162991 -498.82 -2934.34 0
148.8 162941 -499.16 -2933.44 0
148.9 162891 -499.5 -2932.54 0
149 162841 -499.84 -2931.64 0
149.1 162791 -500.181 -2930.74 0
149.2 162741 -500.521 -2929.84 0
149.3 162691 -500.861 -2928.93 0
149.4 162641 -501.201 -2928.03 0
149.5 162590 -501.541 -2927.13 0
149.6 162540 -501.881 -2926.22 0
149.7 162490 -502.222 -2925.32 0
149.8 162440 -502.562 -2924.41 0
149.9 162389 -502.902 -2923.51 0
150 162339 -503.242 -2922.6 0
150.1 162289 -503.583 -2921.7 0
150.2 162238 -503.923 -2920.79 0
150.3 162188 -504.263 -2919.88 0
150.4 162137 -504.603 -2918.97 0
150.5 162087 -504.944 -2918.06 0
150.6 162036 -505.284 -2917.15 0
150.7 161986 -505.624 -2916.24 0
150.8 161935 -505.965 -2915.33 0
150.9 161884 -506.305 -2914.42 0
151 161834 -506.645 -2913.51 0
151.1 161783 -506.986 -2912.6 0
151.2 161732 -507.326 -2911.68 0
151.3 161682 -507.666 -2910.77 0
151.4 161631 -508.007 -2909.85 0
151.5 161580 -508.347 -2908.94 0
151.6 161529 -508.687 -2908.02 0
151.7 161478 -509.028 -2907.11 0
151.8 161427 -509.368 -2906.19 0
151.9 161376 -509.709 -2905.27 0
152 161325 -510.049 -2904.35 0
152.1 161274 -510.39 -2903.43 0
152.2 161223 -510.73 -2902.51 0
152.3 161172 -511.071 -2901.59 0
152.4 161121 -511.411 -2900.67 0
152.5 161069 -511.751 -2899.75 0
152.6 161018 -512.092 -2898.83 0
152.7 160967 -512.432 -2897.91 0
152.8 160916 -512.773 -2896.98 0
152.9 160864 -513.114 -2896.06 0
153 160813 -513.454 -2895.13 0
153.1 160762 -513.795 -2894.21 0
153.2 160710 -514.135 -2893.28 0
153.3 160659 -514.476 -2892.36 0
153.4 160607 -514.816 -2891.43 0
153.5 160556 -515.157 -2890.5 0
153.6 160504 -515.497 -2889.57 0
153.7 160453 -515.838 -2888.65 0
153.8 160401 -516.179 -2887.72 0
153.9 160349 -516.519 -2886.79 0
154 160298 -516.86 -2885.86 0
154.1 160246 -517.201 -2884.92 0
154.2 160194 -517.541 -2883.99 0
154.3 160142 -517.882 -2883.06 0
154.4 160090 -518.223 -2882.13 0
154.5 160038 -518.563 -2881.19 0
154.6 159987 -518.904 -2880.26 0
154.7 159935 -519.245 -2879.32 0
154.8 159883 -519.585 -2878.39 0
154.9 159831 -519.926 -2877.45 0
155 159779 -520.267 -2876.51 0
155.1 159727 -520.608 -2875.58 0
155.2 159674 -520.948 -2874.64 0
155.3 159622 -521.289 -2873.7 0
155.4 159570 -521.63 -2872.76 0
155.5 159518 -521.971 -2871.82 0
155.6 159466 -522.311 -2870.88 0
155.7 159413 -522.652 -2869.94 0
155.8 159361 -522.993 -2869 0
155.9 159309 -523.334 -2868.06 0
156 159256 -523.675 -2867.11 0
156.1 159204 -524.015 -2866.17 0
156.2 159151 -524.356 -2865.23 0
156.3 159099 -524.697 -2864.28 0
156.4 159046 -525.038 -2863.34 0
156.5 158994 -525.379 -2862.39 0
156.6 158941 -525.72 -2861.44 0
156.7 158889 -526.061 -2860.5 0
156.8 158836 -526.402 -2859.55 0
156.9 158783 -526.743 -2858.6 0
157 158731 -527.084 -2857.65 0
157.1 158678 -527.424 -2856.7 0
157.2 158625 -527.765 -2855.75 0
157.3 158572 -528.106 -2854.8 0
157.4 158519 -528.447 -2853.85 0
157.5 158466 -528.788 -2852.9 0
157.6 158414 -529.129 -2851.94 0
157.7 158361 -529.47 -2850.99 0
157.8 158308 -529.811 -2850.04 0
157.9 158255 -530.152 -2849.08 0
158 158201 -530.493 -2848.13 0
158.1 158148 -530.834 -2847.17 0
158.2 158095 -531.175 -2846.21 0
158.3 158042 -531.517 -2845.26 0
158.4 157989 -531.858 -2844.3 0
158.5 157936 -532.199 -2843.34 0
158.6 157882 -532.54 -2842.38 0
158.7 157829 -532.881 -2841.42 0
158.8 157776 -533.222 -2840.46 0
158.9 157722 -533.563 -2839.5 0
159 157669 -533.904 -2838.54 0
159.1 157615 -534.245 -2837.58 0
159.2 157562 -534.587 -2836.62 0
159.3 157508 -534.928 -2835.65 0
159.4 157455 -535.269 -2834.69 0
159.5 157401 -535.61 -2833.72 0
159.6 157348 -535.951 -2832.76 0
159.7 157294 -536.293 -2831.79 0
159.8 157240 -536.634 -2830.83 0
159.9 157187 -536.975 -2829.86 0
160 157133 -537.316 -2828.89 0
160.1 157079 -537.657 -2827.93 0
160.2 157025 -537.999 -2826.96 0
160.3 156972 -538.34 -2825.99 0
160.4 156918 -538.681 -2825.02 0
160.5 156864 -539.023 -2824.05 0
160.6 156810 -539.364 -2823.08 0
160.7 156756 -539.705 -2822.1 0
160.8 156702 -540.047 -2821.13 0
160.9 156648 -540.388 -2820.16 0
161 156594 -540.729 -2819.18 0
161.1 156539 -541.071 -2818.21 0
161.2 156485 -541.412 -2817.24 0
161.3 156431 -541.753 -2816.26 0
161.4 156377 -542.095 -2815.28 0
161.5 156323 -542.436 -2814.31 0
161.6 156268 -542.777 -2813.33 0
161.7 156214 -543.119 -2812.35 0
161.8 156160 -543.46 -2811.37 0
161.9 156105 -543.802 -2810.39 0
162 156051 -544.143 -2809.41 0
162.1 155996 -544.485 -2808.43 0
162.2 155942 -544.826 -2807.45 0
162.3 155887 -545.168 -2806.47 0
162.4 155833 -545.509 -2805.49 0
162.5 155778 -545.851 -2804.51 0
162.6 155724 -546.192 -2803.52 0
162.7 155669 -546.534 -2802.54 0
162.8 155614 -546.875 -2801.55 0
162.9 155559 -547.217 -2800.57 0
163 155505 -547.558 -2799.58 0
163.1 155450 -547.9 -2798.6 0
163.2 155395 -548.241 -2797.61 0
163.3 155340 -548.583 -2796.62 0
163.4 155285 -548.925 -2795.63 0
163.5 155230 -549.266 -2794.64 0
163.6 155175 -549.608 -2793.65 0
163.7 155120 -549.949 -2792.66 0
163.8 155065 -550.291 -2791.67 0
163.9 155010 -550.633 -2790.68 0
164 154955 -550.974 -2789.69 0
164.1 154900 -551.316 -2788.7 0
164.2 154845 -551.658 -2787.7 0
164.3 154789 -551.999 -2786.71 0
164.4 154734 -552.341 -2785.72 0
164.5 154679 -552.683 -2784.72 0
164.6 154624 -553.024 -2783.72 0
164.7 154568 -553.366 -2782.73 0
164.8 154513 -553.708 -2781.73 0
164.9 154457 -554.05 -2780.73 0
165 154402 -554.391 -2779.74 0
165.1 154346 -554.733 -2778.74 0
165.2 154291 -555.075 -2777.74 0
165.3 154235 -555.417 -2776.74 0
165.4 154180 -555.759 -2775.74 0
165.5 154124 -556.1 -2774.74 0
165.6 154069 -556.442 -2773.73 0
165.7 154013 -556.784 -2772.73 0
165.8 153957 -557.126 -2771.73 0
165.9 153901 -557.468 -2770.72 0
166 153846 -557.81 -2769.72 0
166.1 153790 -558.152 -2768.71 0
166.2 153734 -558.493 -2767.71 0
166.3 153678 -558.835 -2766.7 0
166.4 153622 -559.177 -2765.7 0
166.5 153566 -559.519 -2764.69 0
166.6 153510 -559.861 -2763.68 0
166.7 153454 -560.203 -2762.67 0
166.8 153398 -560.545 -2761.66 0
166.9 153342 -560.887 -2760.65 0
167 153286 -561.229 -2759.64 0
167.1 153230 -561.571 -2758.63 0
167.2 153173 -561.913 -2757.62 0
167.3 153117 -562.255 -2756.61 0
167.4 153061 -562.597 -2755.59 0
167.5 153004 -562.939 -2754.58 0
167.6 152948 -563.281 -2753.57 0
167.7 152892 -563.623 -2752.55 0
167.8 152835 -563.965 -2751.54 0
167.9 152779 -564.307 -2750.52 0
168 152722 -564.649 -2749.5 0
168.1 152666 -564.992 -2748.49 0
168.2 152609 -565.334 -2747.47 0
168.3 152553 -565.676 -2746.45 0
168.4 152496 -566.018 -2745.43 0
168.5 152439 -566.36 -2744.41 0
168.6 152383 -566.702 -2743.39 0
168.7 152326 -567.044 -2742.37 0
168.8 152269 -567.386 -2741.35 0
168.9 152213 -567.729 -2740.33 0
169 152156 -568.071 -2739.3 0
169.1 152099 -568.413 -2738.28 0
169.2 152042 -568.755 -2737.26 0
169.3 151985 -569.098 -2736.23 0
169.4 151928 -569.44 -2735.21 0
169.5 151871 -569.782 -2734.18 0
169.6 151814 -570.124 -2733.15 0
169.7 151757 -570.467 -2732.13 0
169.8 151700 -570.809 -2731.1 0
169.9 151643 -571.151 -2730.07 0
170 151586 -571.493 -2729.04 0
170.1 151528 -571.836 -2728.01 0
170.2 151471 -572.178 -2726.98 0
170.3 151414 -572.52 -2725.95 0
170.4 151357 -572.863 -2724.92 0
170.5 151299 -573.205 -2723.89 0
170.6 151242 -573.548 -2722.85 0
170.7 151184 -573.89 -2721.82 0
170.8 151127 -574.232 -2720.79 0
170.9 151070 -574.575 -2719.75 0
171 151012 -574.917 -2718.72 0
171.1 150954 -575.26 -2717.68 0
171.2 150897 -575.602 -2716.64 0
171.3 150839 -575.944 -2715.61 0
171.4 150782 -576.287 -2714.57 0
171.5 150724 -576.629 -2713.53 0
171.6 150666 -576.972 -2712.49 0
171.7 150609 -577.314 -2711.45 0
171.8 150551 -577.657 -2710.41 0
171.9 150493 -577.999 -2709.37 0
172 150435 -578.342 -2708.33 0
172.1 150377 -578.684 -2707.29 0
172.2 150319 -579.027 -2706.25 0
172.3 150261 -579.37 -2705.2 0
172.4 150203 -579.712 -2704.16 0
172.5 150145 -580.055 -2703.12 0
172.6 150087 -580.397 -2702.07 0
172.7 150029 -580.74 -2701.02 0
172.8 149971 -581.083 -2699.98 0
172.9 149913 -581.425 -2698.93 0
173 149855 -581.768 -2697.88 0
173.1 149796 -582.11 -2696.84 0
173.2 149738 -582.453 -2695.79 0
173.3 149680 -582.796 -2694.74 0
173.4 149622 -583.138 -2693.69 0
173.5 149563 -583.481 -2692.64 0
173.6 149505 -583.824 -2691.59 0
173.7 149446 -584.167 -2690.53 0
173.8 149388 -584.509 -2689.48 0
173.9 149329 -584.852 -2688.43 0
174 149271 -585.195 -2687.38 0
174.1 149212 -585.538 -2686.32 0
174.2 149154 -585.88 -2685.27 0
174.3 149095 -586.223 -2684.21 0
174.4 149036 -586.566 -2683.15 0
174.5 148978 -586.909 -2682.1 0
174.6 148919 -587.252 -2681.04 0
174.7 148860 -587.594 -2679.98 0
174.8 148801 -587.937 -2678.92 0
174.9 148742 -588.28 -2677.86 0
175 148684 -588.623 -2676.8 0
175.1 148625 -588.966 -2675.74 0
175.2 148566 -589.309 -2674.68 0
175.3 148507 -589.652 -2673.62 0
175.4 148448 -589.995 -2672.56 0
175.5 148389 -590.338 -2671.5 0
175.6 148330 -590.68 -2670.43 0
175.7 148270 -591.023 -2669.37 0
175.8 148211 -591.366 -2668.3 0
175.9 148152 -591.709 -2667.24 0
176 148093 -592.052 -2666.17 0
176.1 148034 -592.395 -2665.11 0
176.2 147974 -592.738 -2664.04 0
176.3 147915 -593.081 -2662.97 0
176.4 147856 -593.424 -2661.9 0
176.5 147796 -593.767 -2660.83 0
176.6 147737 -594.11 -2659.76 0
176.7 147677 -594.453 -2658.69 0
176.8 147618 -594.797 -2657.62 0
176.9 147558 -595.14 -2656.55 0
177 147499 -595.483 -2655.48 0
177.1 147439 -595.826 -2654.41 0
177.2 147380 -596.169 -2653.33 0
177.3 147320 -596.512 -2652.26 0
177.4 147260 -596.855 -2651.18 0
177.5 147200 -597.198 -2650.11 0
177.6 147141 -597.542 -2649.03 0
177.7 147081 -597.885 -2647.96 0
177.8 147021 -598.228 -2646.88 0
177.9 146961 -598.571 -2645.8 0
178 146901 -598.914 -2644.72 0
178.1 146841 -599.258 -2643.64 0
178.2 146781 -599.601 -2642.56 0
178.3 146721 -599.944 -2641.48 0
178.4 146661 -600.287 -2640.4 0
178.5 146601 -600.631 -2639.32 0
178.6 146541 -600.974 -2638.24 0
178.7 146481 -601.317 -2637.16 0
178.8 146421 -601.66 -2636.07 0
178.9 146361 -602.004 -2634.99 0
179 146300 -602.347 -2633.91 0
179.1 146240 -602.69 -2632.82 0
179.2 146180 -603.034 -2631.73 0
179.3 146119 -603.377 -2630.65 0
179.4 146059 -603.721 -2629.56 0
179.5 145999 -604.064 -2628.47 0
179.6 145938 -604.407 -2627.38 0
179.7 145878 -604.751 -2626.3 0
179.8 145817 -605.094 -2625.21 0
179.9 145756 -605.438 -2624.12 0
180 145696 -605.781 -2623.03 0
180.1 145635 -606.124 -2621.93 0
180.2 145575 -606.468 -2620.84 0
180.3 145514 -606.811 -2619.75 0
180.4 145453 -607.155 -2618.66 0
180.5 145392 -607.498 -2617.56 0
180.6 145332 -607.842 -2616.47 0
180.7 145271 -608.185 -2615.37 0
180.8 145210 -608.529 -2614.28 0
180.9 145149 -608.873 -2613.18 0
181 145088 -609.216 -2612.08 0
181.1 145027 -609.56 -2610.99 0
181.2 144966 -609.903 -2609.89 0
181.3 144905 -610.247 -2608.79 0
181.4 144844 -610.59 -2607.69 0
181.5 144783 -610.934 -2606.59 0
181.6 144722 -611.278 -2605.49 0
181.7 144660 -611.621 -2604.39 0
181.8 144599 -611.965 -2603.29 0
181.9 144538 -612.309 -2602.18 0
182 144477 -612.652 -2601.08 0
182.1 144415 -612.996 -2599.98 0
182.2 144354 -613.34 -2598.87 0
182.3 144293 -613.683 -2597.77 0
182.4 144231 -614.027 -2596.66 0
182.5 144170 -614.371 -2595.56 0
182.6 144108 -614.715 -2594.45 0
182.7 144047 -615.058 -2593.34 0
182.8 143985 -615.402 -2592.23 0
182.9 143924 -615.746 -2591.13 0
183 143862 -616.09 -2590.02 0
183.1 143800 -616.434 -2588.91 0
183.2 143739 -616.777 -2587.8 0
183.3 143677 -617.121 -2586.69 0
183.4 143615 -617.465 -2585.57 0
183.5 143553 -617.809 -2584.46 0
183.6 143492 -618.153 -2583.35 0
183.7 143430 -618.497 -2582.23 0
183.8 143368 -618.841 -2581.12 0
183.9 143306 -619.185 -2580.01 0
184 143244 -619.528 -2578.89 0
184.1 143182 -619.872 -2577.77 0
184.2 143120 -620.216 -2576.66 0
184.3 143058 -620.56 -2575.54 0
184.4 142996 -620.904 -2574.42 0
184.5 142934 -621.248 -2573.3 0
184.6 142871 -621.592 -2572.18 0
184.7 142809 -621.936 -2571.06 0
184.8 142747 -622.28 -2569.94 0
184.9 142685 -622.624 -2568.82 0
185 142622 -622.968 -2567.7 0
185.1 142560 -623.312 -2566.58 0
185.2 142498 -623.656 -2565.46 0
185.3 142435 -624 -2564.33 0
185.4 142373 -624.345 -2563.21 0
185.5 142310 -624.689 -2562.08 0
185.6 142248 -625.033 -2560.96 0
185.7 142185 -625.377 -2559.83 0
185.8 142123 -625.721 -2558.71 0
185.9 142060 -626.065 -2557.58 0
186 141997 -626.409 -2556.45 0
186.1 141935 -626.754 -2555.32 0
186.2 141872 -627.098 -2554.19 0
186.3 141809 -627.442 -2553.06 0
186.4 141746 -627.786 -2551.93 0
186.5 141683 -628.13 -2550.8 0
186.6 141621 -628.475 -2549.67 0
186.7 141558 -628.819 -2548.54 0
186.8 141495 -629.163 -2547.41 0
186.9 141432 -629.507 -2546.27 0
187 141369 -629.852 -2545.14 0
187.1 141306 -630.196 -2544 0
187.2 141243 -630.54 -2542.87 0
187.3 141180 -630.885 -2541.73 0
187.4 141116 -631.229 -2540.6 0
187.5 141053 -631.573 -2539.46 0
187.6 140990 -631.918 -2538.32 0
187.7 140927 -632.262 -2537.18 0
187.8 140864 -632.606 -2536.04 0
187.9 140800 -632.951 -2534.9 0
188 140737 -633.295 -2533.76 0
188.1 140673 -633.64 -2532.62 0
188.2 140610 -633.984 -2531.48 0
188.3 140547 -634.328 -2530.34 0
188.4 140483 -634.673 -2529.2 0
188.5 140420 -635.017 -2528.05 0
188.6 140356 -635.362 -2526.91 0
188.7 140292 -635.706 -2525.76 0
188.8 140229 -636.051 -2524.62 0
188.9 140165 -636.395 -2523.47 0
189 140102 -636.74 -2522.33 0
189.1 140038 -637.084 -2521.18 0
189.2 139974 -637.429 -2520.03 0
189.3 139910 -637.773 -2518.88 0
189.4 139846 -638.118 -2517.74 0
189.5 139783 -638.463 -2516.59 0
189.6 139719 -638.807 -2515.44 0
189.7 139655 -639.152 -2514.28 0
189.8 139591 -639.496 -2513.13 0
189.9 139527 -639.841 -2511.98 0
190 139463 -640.186 -2510.83 0
190.1 139399 -640.53 -2509.68 0
190.2 139335 -640.875 -2508.52 0
190.3 139270 -641.22 -2507.37 0
190.4 139206 -641.565 -2506.21 0
190.5 139142 -641.909 -2505.06 0
190.6 139078 -642.254 -2503.9 0
190.7 139013 -642.599 -2502.74 0
190.8 138949 -642.943 -2501.59 0
190.9 138885 -643.288 -2500.43 0
191 138820 -643.633 -2499.27 0
191.1 138756 -643.978 -2498.11 0
191.2 138692 -644.323 -2496.95 0
191.3 138627 -644.667 -2495.79 0
191.4 138563 -645.012 -2494.63 0
191.5 138498 -645.357 -2493.46 0
191.6 138433 -645.702 -2492.3 0
191.7 138369 -646.047 -2491.14 0
191.8 138304 -646.392 -2489.97 0
191.9 138239 -646.737 -2488.81 0
192 138175 -647.081 -2487.65 0
192.1 138110 -647.426 -2486.48 0
192.2 138045 -647.771 -2485.31 0
192.3 137980 -648.116 -2484.15 0
192.4 137915 -648.461 -2482.98 0
192.5 137851 -648.806 -2481.81 0
192.6 137786 -649.151 -2480.64 0
192.7 137721 -649.496 -2479.47 0
192.8 137656 -649.841 -2478.3 0
192.9 137591 -650.186 -2477.13 0
193 137526 -650.531 -2475.96 0
193.1 137460 -650.876 -2474.79 0
193.2 137395 -651.221 -2473.62 0
193.3 137330 -651.566 -2472.44 0
193.4 137265 -651.911 -2471.27 0
193.5 137200 -652.256 -2470.09 0
193.6 137134 -652.602 -2468.92 0
193.7 137069 -652.947 -2467.74 0
193.8 137004 -653.292 -2466.57 0
193.9 136938 -653.637 -2465.39 0
194 136873 -653.982 -2464.21 0
194.1 136808 -654.327 -2463.04 0
194.2 136742 -654.672 -2461.86 0
194.3 136677 -655.018 -2460.68 0
194.4 136611 -655.363 -2459.5 0
194.5 136545 -655.708 -2458.32 0
194.6 136480 -656.053 -2457.14 0
194.7 136414 -656.398 -2455.95 0
194.8 136348 -656.744 -2454.77 0
194.9 136283 -657.089 -2453.59 0
195 136217 -657.434 -2452.4 0
195.1 136151 -657.78 -2451.22 0
195.2 136085 -658.125 -2450.04 0
195.3 136019 -658.47 -2448.85 0
195.4 135954 -658.815 -2447.66 0
195.5 135888 -659.161 -2446.48 0
195.6 135822 -659.506 -2445.29 0
195.7 135756 -659.852 -2444.1 0
195.8 135690 -660.197 -2442.91 0
195.9 135624 -660.542 -2441.72 0
196 135557 -660.888 -2440.53 0
196.1 135491 -661.233 -2439.34 0
196.2 135425 -661.579 -2438.15 0
196.3 135359 -661.924 -2436.96 0
196.4 135293 -662.269 -2435.77 0
196.5 135226 -662.615 -2434.57 0
196.6 135160 -662.96 -2433.38 0
196.7 135094 -663.306 -2432.19 0
196.8 135027 -663.651 -2430.99 0
196.9 134961 -663.997 -2429.8 0
197 134894 -664.343 -2428.6 0
197.1 134828 -664.688 -2427.4 0
197.2 134761 -665.034 -2426.21 0
197.3 134695 -665.379 -2425.01 0
197.4 134628 -665.725 -2423.81 0
197.5 134562 -666.07 -2422.61 0
197.6 134495 -666.416 -2421.41 0
197.7 134428 -666.762 -2420.21 0
197.8 134362 -667.107 -2419.01 0
197.9 134295 -667.453 -2417.81 0
198 134228 -667.799 -2416.6 0
198.1 134161 -668.144 -2415.4 0
198.2 134094 -668.49 -2414.2 0
198.3 134027 -668.836 -2412.99 0
198.4 133961 -669.181 -2411.79 0
198.5 133894 -669.527 -2410.58 0
198.6 133827 -669.873 -2409.38 0
198.7 133760 -670.219 -2408.17 0
198.8 133692 -670.564 -2406.96 0
198.9 133625 -670.91 -2405.76 0
199 133558 -671.256 -2404.55 0
199.1 133491 -671.602 -2403.34 0
199.2 133424 -671.948 -2402.13 0
199.3 133357 -672.293 -2400.92 0
199.4 133289 -672.639 -2399.71 0
199.5 133222 -672.985 -2398.5 0
199.6 133155 -673.331 -2397.28 0
199.7 133087 -673.677 -2396.07 0
199.8 133020 -674.023 -2394.86 0
199.9 132952 -674.369 -2393.64 0
200 132885 -674.715 -2392.43 0
200.1 132817 -675.06 -2391.21 0
200.2 132750 -675.406 -2390 0
200.3 132682 -675.752 -2388.78 0
200.4 132615 -676.098 -2387.56 0
200.5 132547 -676.444 -2386.34 0
200.6 132479 -676.79 -2385.13 0
200.7 132411 -677.136 -2383.91 0
200.8 132344 -677.482 -2382.69 0
200.9 132276 -677.828 -2381.47 0
201 132208 -678.174 -2380.25 0
201.1 132140 -678.521 -2379.02 0
201.2 132072 -678.867 -2377.8 0
201.3 132004 -679.213 -2376.58 0
201.4 131936 -679.559 -2375.35 0
201.5 131868 -679.905 -2374.13 0
201.6 131800 -680.251 -2372.91 0
201.7 131732 -680.597 -2371.68 0
201.8 131664 -680.943 -2370.45 0
201.9 131596 -681.29 -2369.23 0
202 131528 -681.636 -2368 0
202.1 131460 -681.982 -2366.77 0
202.2 131391 -682.328 -2365.54 0
202.3 131323 -682.674 -2364.32 0
202.4 131255 -683.021 -2363.09 0
202.5 131186 -683.367 -2361.85 0
202.6 131118 -683.713 -2360.62 0
202.7 131050 -684.059 -2359.39 0
202.8 130981 -684.406 -2358.16 0
202.9 130913 -684.752 -2356.93 0
203 130844 -685.098 -2355.69 0
203.1 130776 -685.445 -2354.46 0
203.2 130707 -685.791 -2353.22 0
203.3 130638 -686.137 -2351.99 0
203.4 130570 -686.484 -2350.75 0
203.5 130501 -686.83 -2349.52 0
203.6 130432 -687.176 -2348.28 0
203.7 130363 -687.523 -2347.04 0
203.8 130295 -687.869 -2345.8 0
203.9 130226 -688.216 -2344.56 0
204 130157 -688.562 -2343.32 0
204.1 130088 -688.909 -2342.08 0
204.2 130019 -689.255 -2340.84 0
204.3 129950 -689.602 -2339.6 0
204.4 129881 -689.948 -2338.36 0
204.5 129812 -690.295 -2337.12 0
204.6 129743 -690.641 -2335.87 0
204.7 129674 -690.988 -2334.63 0
204.8 129605 -691.334 -2333.38 0
204.9 129535 -691.681 -2332.14 0
205 129466 -692.027 -2330.89 0
205.1 129397 -692.374 -2329.65 0
205.2 129328 -692.721 -2328.4 0
205.3 129258 -693.067 -2327.15 0
205.4 129189 -693.414 -2325.9 0
205.5 129120 -693.76 -2324.65 0
205.6 129050 -694.107 -2323.4 0
205.7 128981 -694.454 -2322.15 0
205.8 128911 -694.8 -2320.9 0
205.9 128842 -695.147 -2319.65 0
206 128772 -695.494 -2318.4 0
206.1 128703 -695.841 -2317.15 0
206.2 128633 -696.187 -2315.89 0
206.3 128563 -696.534 -2314.64 0
206.4 128494 -696.881 -2313.38 0
206.5 128424 -697.228 -2312.13 0
206.6 128354 -697.574 -2310.87 0
206.7 128284 -697.921 -2309.62 0
206.8 128214 -698.268 -2308.36 0
206.9 128145 -698.615 -2307.1 0
207 128075 -698.962 -2305.84 0
207.1 128005 -699.309 -2304.58 0
207.2 127935 -699.655 -2303.32 0
207.3 127865 -700.002 -2302.06 0
207.4 127795 -700.349 -2300.8 0
207.5 127725 -700.696 -2299.54 0
207.6 127654 -701.043 -2298.28 0
207.7 127584 -701.39 -2297.02 0
207.8 127514 -701.737 -2295.75 0
207.9 127444 -702.084 -2294.49 0
208 127374 -702.431 -2293.22 0
208.1 127303 -702.778 -2291.96 0
208.2 127233 -703.125 -2290.69 0
208.3 127163 -703.472 -2289.43 0
208.4 127092 -703.819 -2288.16 0
208.5 127022 -704.166 -2286.89 0
208.6 126951 -704.513 -2285.62 0
208.7 126881 -704.86 -2284.35 0
208.8 126810 -705.207 -2283.08 0
208.9 126740 -705.554 -2281.81 0
209 126669 -705.901 -2280.54 0
209.1 126598 -706.249 -2279.27 0
209.2 126528 -706.596 -2278 0
209.3 126457 -706.943 -2276.73 0
209.4 126386 -707.29 -2275.45 0
209.5 126315 -707.637 -2274.18 0
209.6 126245 -707.984 -2272.9 0
209.7 126174 -708.332 -2271.63 0
209.8 126103 -708.679 -2270.35 0
209.9 126032 -709.026 -2269.08 0
210 125961 -709.373 -2267.8 0
210.1 125890 -709.721 -2266.52 0
210.2 125819 -710.068 -2265.24 0
210.3 125748 -710.415 -2263.96 0
210.4 125677 -710.763 -2262.68 0
210.5 125606 -711.11 -2261.4 0
210.6 125535 -711.457 -2260.12 0
210.7 125463 -711.805 -2258.84 0
210.8 125392 -712.152 -2257.56 0
210.9 125321 -712.499 -2256.28 0
211 125250 -712.847 -2254.99 0
211.1 125178 -713.194 -2253.71 0
211.2 125107 -713.541 -2252.42 0
211.3 125035 -713.889 -2251.14 0
211.4 124964 -714.236 -2249.85 0
211.5 124893 -714.584 -2248.57 0
211.6 124821 -714.931 -2247.28 0
211.7 124750 -715.279 -2245.99 0
211.8 124678 -715.626 -2244.7 0
211.9 124606 -715.974 -2243.41 0
212 124535 -716.321 -2242.12 0
212.1 124463 -716.669 -2240.83 0
212.2 124391 -717.016 -2239.54 0
212.3 124320 -717.364 -2238.25 0
212.4 124248 -717.711 -2236.96 0
212.5 124176 -718.059 -2235.67 0
212.6 124104 -718.407 -2234.37 0
212.7 124032 -718.754 -2233.08 0
212.8 123960 -719.102 -2231.78 0
212.9 123888 -719.45 -2230.49 0
213 123816 -719.797 -2229.19 0
213.1 123744 -720.145 -2227.9 0
213.2 123672 -720.493 -2226.6 0
213.3 123600 -720.84 -2225.3 0
213.4 123528 -721.188 -2224 0
213.5 123456 -721.536 -2222.7 0
213.6 123384 -721.883 -2221.4 0
213.7 123311 -722.231 -2220.1 0
213.8 123239 -722.579 -2218.8 0
213.9 123167 -722.927 -2217.5 0
214 123094 -723.274 -2216.2 0
214.1 123022 -723.622 -2214.9 0
214.2 122950 -723.97 -2213.59 0
214.3 122877 -724.318 -2212.29 0
214.4 122805 -724.666 -2210.98 0
214.5 122732 -725.014 -2209.68 0
214.6 122660 -725.362 -2208.37 0
214.7 122587 -725.709 -2207.07 0
214.8 122514 -726.057 -2205.76 0
214.9 122442 -726.405 -2204.45 0
215 122369 -726.753 -2203.14 0
215.1 122296 -727.101 -2201.83 0
215.2 122224 -727.449 -2200.52 0
215.3 122151 -727.797 -2199.21 0
215.4 122078 -728.145 -2197.9 0
215.5 122005 -728.493 -2196.59 0
215.6 121932 -728.841 -2195.28 0
215.7 121859 -729.189 -2193.97 0
215.8 121786 -729.537 -2192.65 0
215.9 121713 -729.885 -2191.34 0
216 121640 -730.233 -2190.02 0
216.1 121567 -730.581 -2188.71 0
216.2 121494 -730.929 -2187.39 0
216.3 121421 -731.277 -2186.08 0
216.4 121348 -731.626 -2184.76 0
216.5 121274 -731.974 -2183.44 0
216.6 121201 -732.322 -2182.12 0
216.7 121128 -732.67 -2180.8 0
216.8 121055 -733.018 -2179.48 0
216.9 120981 -733.366 -2178.16 0
217 120908 -733.715 -2176.84 0
217.1 120834 -734.063 -2175.52 0
217.2 120761 -734.411 -2174.2 0
217.3 120687 -734.759 -2172.87 0
217.4 120614 -735.108 -2171.55 0
217.5 120540 -735.456 -2170.23 0
217.6 120467 -735.804 -2168.9 0
217.7 120393 -736.152 -2167.58 0
217.8 120319 -736.501 -2166.25 0
217.9 120246 -736.849 -2164.92 0
218 120172 -737.197 -2163.6 0
218.1 120098 -737.546 -2162.27 0
218.2 120024 -737.894 -2160.94 0
218.3 119951 -738.242 -2159.61 0
218.4 119877 -738.591 -2158.28 0
218.5 119803 -738.939 -2156.95 0
218.6 119729 -739.288 -2155.62 0
218.7 119655 -739.636 -2154.29 0
218.8 119581 -739.985 -2152.96 0
218.9 119507 -740.333 -2151.62 0
219 119433 -740.682 -2150.29 0
219.1 119359 -741.03 -2148.96 0
219.2 119284 -741.378 -2147.62 0
219.3 119210 -741.727 -2146.29 0
219.4 119136 -742.076 -2144.95 0
219.5 119062 -742.424 -2143.61 0
219.6 118988 -742.773 -2142.28 0
219.7 118913 -743.121 -2140.94 0
219.8 118839 -743.47 -2139.6 0
219.9 118764 -743.818 -2138.26 0
220 118690 -744.167 -2136.92 0
220.1 118616 -744.516 -2135.58 0
220.2 118541 -744.864 -2134.24 0
220.3 118466 -745.213 -2132.9 0
220.4 118392 -745.562 -2131.55 0
220.5 118317 -745.91 -2130.21 0
220.6 118243 -746.259 -2128.87 0
220.7 118168 -746.608 -2127.52 0
220.8 118093 -746.956 -2126.18 0
220.9 118019 -747.305 -2124.83 0
221 117944 -747.654 -2123.49 0
221.1 117869 -748.003 -2122.14 0
221.2 117794 -748.351 -2120.79 0
221.3 117719 -748.7 -2119.45 0
221.4 117644 -749.049 -2118.1 0
221.5 117569 -749.398 -2116.75 0
221.6 117494 -749.747 -2115.4 0
221.7 117419 -750.095 -2114.05 0
221.8 117344 -750.444 -2112.7 0
221.9 117269 -750.793 -2111.34 0
222 117194 -751.142 -2109.99 0
222.1 117119 -751.491 -2108.64 0
222.2 117044 -751.84 -2107.29 0
222.3 116968 -752.189 -2105.93 0
222.4 116893 -752.538 -2104.58 0
222.5 116818 -752.887 -2103.22 0
222.6 116742 -753.236 -2101.86 0
222.7 116667 -753.585 -2100.51 0
222.8 116592 -753.934 -2099.15 0
222.9 116516 -754.283 -2097.79 0
223 116441 -754.632 -2096.43 0
223.1 116365 -754.981 -2095.07 0
223.2 116290 -755.33 -2093.71 0
223.3 116214 -755.679 -2092.35 0
223.4 116138 -756.028 -2090.99 0
223.5 116063 -756.377 -2089.63 0
223.6 115987 -756.726 -2088.27 0
223.7 115911 -757.075 -2086.91 0
223.8 115836 -757.424 -2085.54 0
223.9 115760 -757.773 -2084.18 0
224 115684 -758.123 -2082.81 0
224.1 115608 -758.472 -2081.45 0
224.2 115532 -758.821 -2080.08 0
224.3 115456 -759.17 -2078.71 0
224.4 115380 -759.519 -2077.35 0
224.5 115304 -759.869 -2075.98 0
224.6 115228 -760.218 -2074.61 0
224.7 115152 -760.567 -2073.24 0
224.8 115076 -760.916 -2071.87 0
224.9 115000 -761.266 -2070.5 0
225 114924 -761.615 -2069.13 0
225.1 114848 -761.964 -2067.76 0
225.2 114771 -762.314 -2066.38 0
225.3 114695 -762.663 -2065.01 0
225.4 114619 -763.012 -2063.64 0
225.5 114542 -763.362 -2062.26 0
225.6 114466 -763.711 -2060.89 0
225.7 114390 -764.06 -2059.51 0
225.8 114313 -764.41 -2058.14 0
225.9 114237 -764.759 -2056.76 0
226 114160 -765.109 -2055.38 0
226.1 114084 -765.458 -2054 0
226.2 114007 -765.807 -2052.62 0
226.3 113930 -766.157 -2051.25 0
226.4 113854 -766.506 -2049.87 0
226.5 113777 -766.856 -2048.48 0
226.6 113700 -767.205 -2047.1 0
226.7 113623 -767.555 -2045.72 0
226.8 113547 -767.904 -2044.34 0
226.9 113470 -768.254 -2042.96 0
227 113393 -768.604 -2041.57 0
227.1 113316 -768.953 -2040.19 0
227.2 113239 -769.303 -2038.8 0
227.3 113162 -769.652 -2037.42 0
227.4 113085 -770.002 -2036.03 0
227.5 113008 -770.352 -2034.64 0
227.6 112931 -770.701 -2033.26 0
227.7 112854 -771.051 -2031.87 0
227.8 112777 -771.4 -2030.48 0
227.9 112699 -771.75 -2029.09 0
228 112622 -772.1 -2027.7 0
228.1 112545 -772.45 -2026.31 0
228.2 112468 -772.799 -2024.92 0
228.3 112390 -773.149 -2023.53 0
228.4 112313 -773.499 -2022.13 0
228.5 112236 -773.849 -2020.74 0
228.6 112158 -774.198 -2019.35 0
228.7 112081 -774.548 -2017.95 0
228.8 112003 -774.898 -2016.56 0
228.9 111926 -775.248 -2015.16 0
229 111848 -775.597 -2013.76 0
229.1 111770 -775.947 -2012.37 0
229.2 111693 -776.297 -2010.97 0
229.3 111615 -776.647 -2009.57 0
229.4 111537 -776.997 -2008.17 0
229.5 111460 -777.347 -2006.77 0
229.6 111382 -777.697 -2005.37 0
229.7 111304 -778.047 -2003.97 0
229.8 111226 -778.397 -2002.57 0
229.9 111148 -778.746 -2001.17 0
230 111070 -779.096 -1999.77 0
230.1 110992 -779.446 -1998.36 0
230.2 110914 -779.796 -1996.96 0
230.3 110836 -780.146 -1995.55 0
230.4 110758 -780.496 -1994.15 0
230.5 110680 -780.846 -1992.74 0
230.6 110602 -781.196 -1991.34 0
230.7 110524 -781.546 -1989.93 0
230.8 110446 -781.897 -1988.52 0
230.9 110367 -782.247 -1987.11 0
231 110289 -782.597 -1985.7 0
231.1 110211 -782.947 -1984.29 0
231.2 110132 -783.297 -1982.88 0
231.3 110054 -783.647 -1981.47 0
231.4 109976 -783.997 -1980.06 0
231.5 109897 -784.347 -1978.65 0
231.6 109819 -784.697 -1977.24 0
231.7 109740 -785.048 -1975.82 0
231.8 109662 -785.398 -1974.41 0
231.9 109583 -785.748 -1972.99 0
232 109504 -786.098 -1971.58 0
232.1 109426 -786.448 -1970.16 0
232.2 109347 -786.799 -1968.75 0
232.3 109268 -787.149 -1967.33 0
232.4 109190 -787.499 -1965.91 0
232.5 109111 -787.849 -1964.49 0
232.6 109032 -788.2 -1963.07 0
232.7 108953 -788.55 -1961.65 0
232.8 108874 -788.9 -1960.23 0
232.9 108795 -789.251 -1958.81 0
233 108716 -789.601 -1957.39 0
233.1 108637 -789.951 -1955.97 0
233.2 108558 -790.302 -1954.55 0
233.3 108479 -790.652 -1953.12 0
233.4 108400 -791.002 -1951.7 0
233.5 108321 -791.353 -1950.27 0
233.6 108242 -791.703 -1948.85 0
233.7 108162 -792.054 -1947.42 0
233.8 108083 -792.404 -1946 0
233.9 108004 -792.755 -1944.57 0
234 107924 -793.105 -1943.14 0
234.1 107845 -793.455 -1941.71 0
234.2 107766 -793.806 -1940.28 0
234.3 107686 -794.156 -1938.85 0
234.4 107607 -794.507 -1937.42 0
234.5 107527 -794.857 -1935.99 0
234.6 107448 -795.208 -1934.56 0
234.7 107368 -795.559 -1933.13 0
234.8 107289 -795.909 -1931.69 0
234.9 107209 -796.26 -1930.26 0
235 107129 -796.61 -1928.83 0
235.1 107050 -796.961 -1927.39 0
235.2 106970 -797.311 -1925.96 0
235.3 106890 -797.662 -1924.52 0
235.4 106810 -798.013 -1923.08 0
235.5 106730 -798.363 -1921.65 0
235.6 106650 -798.714 -1920.21 0
235.7 106571 -799.065 -1918.77 0
235.8 106491 -799.415 -1917.33 0
235.9 106411 -799.766 -1915.89 0
236 106331 -800.117 -1914.45 0
236.1 106251 -800.467 -1913.01 0
236.2 106170 -800.818 -1911.57 0
236.3 106090 -801.169 -1910.12 0
236.4 106010 -801.52 -1908.68 0
236.5 105930 -801.87 -1907.24 0
236.6 105850 -802.221 -1905.79 0
236.7 105769 -802.572 -1904.35 0
236.8 105689 -802.923 -1902.9 0
236.9 105609 -803.273 -1901.46 0
237 105528 -803.624 -1900.01 0
237.1 105448 -803.975 -1898.56 0
237.2 105367 -804.326 -1897.11 0
237.3 105287 -804.677 -1895.67 0
237.4 105206 -805.028 -1894.22 0
237.5 105126 -805.379 -1892.77 0
237.6 105045 -805.729 -1891.32 0
237.7 104965 -806.08 -1889.86 0
237.8 104884 -806.431 -1888.41 0
237.9 104803 -806.782 -1886.96 0
238 104723 -807.133 -1885.51 0
238.1 104642 -807.484 -1884.05 0
238.2 104561 -807.835 -1882.6 0
238.3 104480 -808.186 -1881.14 0
238.4 104399 -808.537 -1879.69 0
238.5 104318 -808.888 -1878.23 0
238.6 104237 -809.239 -1876.77 0
238.7 104157 -809.59 -1875.32 0
238.8 104076 -809.941 -1873.86 0
238.9 103994 -810.292 -1872.4 0
239 103913 -810.643 -1870.94 0
239.1 103832 -810.994 -1869.48 0
239.2 103751 -811.345 -1868.02 0
239.3 103670 -811.696 -1866.56 0
239.4 103589 -812.047 -1865.1 0
239.5 103507 -812.398 -1863.63 0
239.6 103426 -812.749 -1862.17 0
239.7 103345 -813.1 -1860.71 0
239.8 103263 -813.452 -1859.24 0
239.9 103182 -813.803 -1857.78 0
240 103101 -814.154 -1856.31 0
240.1 103019 -814.505 -1854.84 0
240.2 102938 -814.856 -1853.38 0
240.3 102856 -815.207 -1851.91 0
240.4 102775 -815.559 -1850.44 0
240.5 102693 -815.91 -1848.97 0
240.6 102611 -816.261 -1847.5 0
240.7 102530 -816.612 -1846.03 0
240.8 102448 -816.963 -1844.56 0
240.9 102366 -817.315 -1843.09 0
241 102284 -817.666 -1841.62 0
241.1 102203 -818.017 -1840.15 0
241.2 102121 -818.368 -1838.67 0
241.3 102039 -818.72 -1837.2 0
241.4 101957 -819.071 -1835.72 0
241.5 101875 -819.422 -1834.25 0
241.6 101793 -819.773 -1832.77 0
241.7 101711 -820.125 -1831.3 0
241.8 101629 -820.476 -1829.82 0
241.9 101547 -820.827 -1828.34 0
242 101465 -821.179 -1826.86 0
242.1 101382 -821.53 -1825.38 0
242.2 101300 -821.881 -1823.9 0
242.3 101218 -822.233 -1822.42 0
242.4 101136 -822.584 -1820.94 0
242.5 101053 -822.936 -1819.46 0
242.6 100971 -823.287 -1817.98 0
242.7 100889 -823.638 -1816.5 0
242.8 100806 -823.99 -1815.01 0
242.9 100724 -824.341 -1813.53 0
243 100641 -824.693 -1812.04 0
243.1 100559 -825.044 -1810.56 0
243.2 100476 -825.396 -1809.07 0
243.3 100394 -825.747 -1807.59 0
243.4 100311 -826.098 -1806.1 0
243.5 100228 -826.45 -1804.61 0
243.6 100146 -826.801 -1803.12 0
243.7 100063 -827.153 -1801.63 0
243.8 99980.1 -827.504 -1800.14 0
243.9 99897.3 -827.856 -1798.65 0
244 99814.5 -828.207 -1797.16 0
244.1 99731.6 -828.559 -1795.67 0
244.2 99648.7 -828.91 -1794.18 0
244.3 99565.8 -829.262 -1792.68 0
244.4 99482.8 -829.613 -1791.19 0
244.5 99399.8 -829.965 -1789.7 0
244.6 99316.7 -830.317 -1788.2 0
244.7 99233.7 -830.668 -1786.71 0
244.8 99150.5 -831.02 -1785.21 0
244.9 99067.4 -831.371 -1783.71 0
245 98984.2 -831.723 -1782.22 0
245.1 98901 -832.074 -1780.72 0
245.2 98817.7 -832.426 -1779.22 0
245.3 98734.4 -832.778 -1777.72 0
245.4 98651.1 -833.129 -1776.22 0
245.5 98567.7 -833.481 -1774.72 0
245.6 98484.3 -833.833 -1773.22 0
245.7 98400.9 -834.184 -1771.72 0
245.8 98317.4 -834.536 -1770.21 0
245.9 98233.9 -834.888 -1768.71 0
246 98150.4 -835.239 -1767.21 0
246.1 98066.8 -835.591 -1765.7 0
246.2 97983.2 -835.942 -1764.2 0
246.3 97899.5 -836.294 -1762.69 0
246.4 97815.8 -836.646 -1761.19 0
246.5 97732.1 -836.998 -1759.68 0
246.6 97648.4 -837.349 -1758.17 0
246.7 97564.6 -837.701 -1756.66 0
246.8 97480.8 -838.053 -1755.15 0
246.9 97396.9 -838.404 -1753.64 0
247 97313 -838.756 -1752.13 0
247.1 97229.1 -839.108 -1750.62 0
247.2 97145.1 -839.46 -1749.11 0
247.3 97061.1 -839.811 -1747.6 0
247.4 96977.1 -840.163 -1746.09 0
247.5 96893 -840.515 -1744.57 0
247.6 96808.9 -840.867 -1743.06 0
247.7 96724.8 -841.218 -1741.55 0
247.8 96640.6 -841.57 -1740.03 0
247.9 96556.4 -841.922 -1738.51 0
248 96472.1 -842.274 -1737 0
248.1 96387.9 -842.625 -1735.48 0
248.2 96303.5 -842.977 -1733.96 0
248.3 96219.2 -843.329 -1732.45 0
248.4 96134.8 -843.681 -1730.93 0
248.5 96050.4 -844.032 -1729.41 0
248.6 95965.9 -844.384 -1727.89 0
248.7 95881.4 -844.736 -1726.37 0
248.8 95796.9 -845.088 -1724.84 0
248.9 95712.4 -845.44 -1723.32 0
249 95627.8 -845.792 -1721.8 0
249.1 95543.1 -846.143 -1720.28 0
249.2 95458.5 -846.495 -1718.75 0
249.3 95373.8 -846.847 -1717.23 0
249.4 95289 -847.199 -1715.7 0
249.5 95204.2 -847.551 -1714.18 0
249.6 95119.4 -847.902 -1712.65 0
249.7 95034.6 -848.254 -1711.12 0
249.8 94949.7 -848.606 -1709.59 0
249.9 94864.8 -848.958 -1708.07 0
250 94779.9 -849.31 -1706.54 0
250.1 94694.9 -849.662 -1705.01 0
250.2 94609.9 -850.014 -1703.48 0
250.3 94524.8 -850.365 -1701.95 0
250.4 94439.7 -850.717 -1700.41 0
250.5 94354.6 -851.069 -1698.88 0
250.6 94269.4 -851.421 -1697.35 0
250.7 94184.2 -851.773 -1695.82 0
250.8 94099 -852.125 -1694.28 0
250.9 94013.7 -852.477 -1692.75 0
251 93928.4 -852.828 -1691.21 0
251.1 93843.1 -853.18 -1689.68 0
251.2 93757.7 -853.532 -1688.14 0
251.3 93672.3 -853.884 -1686.6 0
251.4 93586.9 -854.236 -1685.06 0
251.5 93501.4 -854.588 -1683.53 0
251.6 93415.9 -854.94 -1681.99 0
251.7 93330.3 -855.291 -1680.45 0
251.8 93244.8 -855.643 -1678.91 0
251.9 93159.1 -855.995 -1677.36 0
252 93073.5 -856.347 -1675.82 0
252.1 92987.8 -856.699 -1674.28 0
252.2 92902.1 -857.051 -1672.74 0
252.3 92816.3 -857.403 -1671.19 0
252.4 92730.5 -857.755 -1669.65 0
252.5 92644.7 -858.106 -1668.1 0
252.6 92558.8 -858.458 -1666.56 0
252.7 92472.9 -858.81 -1665.01 0
252.8 92387 -859.162 -1663.47 0
252.9 92301 -859.514 -1661.92 0
253 92215 -859.866 -1660.37 0
253.1 92129 -860.218 -1658.82 0
253.2 92042.9 -860.569 -1657.27 0
253.3 91956.8 -860.921 -1655.72 0
253.4 91870.7 -861.273 -1654.17 0
253.5 91784.5 -861.625 -1652.62 0
253.6 91698.3 -861.977 -1651.07 0
253.7 91612 -862.329 -1649.52 0
253.8 91525.7 -862.681 -1647.96 0
253.9 91439.4 -863.032 -1646.41 0
254 91353.1 -863.384 -1644.86 0
254.1 91266.7 -863.736 -1643.3 0
254.2 91180.2 -864.088 -1641.74 0
254.3 91093.8 -864.44 -1640.19 0
254.4 91007.3 -864.791 -1638.63 0
254.5 90920.8 -865.143 -1637.07 0
254.6 90834.2 -865.495 -1635.52 0
254.7 90747.6 -865.847 -1633.96 0
254.8 90660.9 -866.199 -1632.4 0
254.9 90574.3 -866.55 -1630.84 0
255 90487.6 -866.902 -1629.28 0
255.1 90400.8 -867.254 -1627.71 0
255.2 90314 -867.606 -1626.15 0
255.3 90227.2 -867.958 -1624.59 0
255.4 90140.4 -868.309 -1623.03 0
255.5 90053.5 -868.661 -1621.46 0
255.6 89966.6 -869.013 -1619.9 0
255.7 89879.6 -869.365 -1618.33 0
255.8 89792.6 -869.716 -1616.77 0
255.9 89705.6 -870.068 -1615.2 0
256 89618.6 -870.42 -1613.63 0
256.1 89531.5 -870.772 -1612.07 0
256.2 89444.3 -871.123 -1610.5 0
256.3 89357.2 -871.475 -1608.93 0
256.4 89270 -871.827 -1607.36 0
256.5 89182.7 -872.178 -1605.79 0
256.6 89095.5 -872.53 -1604.22 0
256.7 89008.2 -872.882 -1602.65 0
256.8 88920.8 -873.233 -1601.07 0
256.9 88833.4 -873.585 -1599.5 0
257 88746 -873.937 -1597.93 0
257.1 88658.6 -874.288 -1596.35 0
257.2 88571.1 -874.64 -1594.78 0
257.3 88483.6 -874.992 -1593.2 0
257.4 88396 -875.343 -1591.63 0
257.5 88308.4 -875.695 -1590.05 0
257.6 88220.8 -876.046 -1588.47 0
257.7 88133.2 -876.398 -1586.9 0
257.8 88045.5 -876.749 -1585.32 0
257.9 87957.7 -877.101 -1583.74 0
258 87870 -877.452 -1582.16 0
258.1 87782.2 -877.804 -1580.58 0
258.2 87694.3 -878.155 -1579 0
258.3 87606.5 -878.507 -1577.42 0
258.4 87518.6 -878.858 -1575.83 0
258.5 87430.6 -879.21 -1574.25 0
258.6 87342.7 -879.561 -1572.67 0
258.7 87254.7 -879.913 -1571.08 0
258.8 87166.6 -880.264 -1569.5 0
258.9 87078.5 -880.616 -1567.91 0
259 86990.4 -880.967 -1566.33 0
259.1 86902.3 -881.318 -1564.74 0
259.2 86814.1 -881.67 -1563.15 0
259.3 86725.9 -882.021 -1561.57 0
259.4 86637.6 -882.372 -1559.98 0
259.5 86549.3 -882.724 -1558.39 0
259.6 86461 -883.075 -1556.8 0
259.7 86372.6 -883.426 -1555.21 0
259.8 86284.2 -883.778 -1553.62 0
259.9 86195.8 -884.129 -1552.02 0
260 86107.3 -884.48 -1550.43 0
260.1 86018.8 -884.831 -1548.84 0
260.2 85930.3 -885.182 -1547.25 0
260.3 85841.7 -885.534 -1545.65 0
260.4 85753.1 -885.885 -1544.06 0
260.5 85664.5 -886.236 -1542.46 0
260.6 85575.8 -886.587 -1540.86 0
260.7 85487.1 -886.938 -1539.27 0
260.8 85398.4 -887.289 -1537.67 0
260.9 85309.6 -887.64 -1536.07 0
261 85220.8 -887.991 -1534.47 0
261.1 85131.9 -888.342 -1532.87 0
261.2 85043 -888.693 -1531.27 0
261.3 84954.1 -889.044 -1529.67 0
261.4 84865.1 -889.395 -1528.07 0
261.5 84776.1 -889.746 -1526.47 0
261.6 84687.1 -890.097 -1524.87 0
261.7 84598.1 -890.448 -1523.26 0
261.8 84509 -890.799 -1521.66 0
261.9 84419.8 -891.15 -1520.06 0
262 84330.7 -891.5 -1518.45 0
262.1 84241.5 -891.851 -1516.85 0
262.2 84152.2 -892.202 -1515.24 0
262.3 84062.9 -892.553 -1513.63 0
262.4 83973.6 -892.903 -1512.03 0
262.5 83884.3 -893.254 -1510.42 0
262.6 83794.9 -893.605 -1508.81 0
262.7 83705.5 -893.955 -1507.2 0
262.8 83616.1 -894.306 -1505.59 0
262.9 83526.6 -894.656 -1503.98 0
263 83437.1 -895.007 -1502.37 0
263.1 83347.5 -895.357 -1500.75 0
263.2 83257.9 -895.708 -1499.14 0
263.3 83168.3 -896.058 -1497.53 0
263.4 83078.6 -896.409 -1495.92 0
263.5 82988.9 -896.759 -1494.3 0
263.6 82899.2 -897.109 -1492.69 0
263.7 82809.4 -897.46 -1491.07 0
263.8 82719.6 -897.81 -1489.45 0
263.9 82629.8 -898.16 -1487.84 0
264 82539.9 -898.51 -1486.22 0
264.1 82450 -898.86 -1484.6 0
264.2 82360.1 -899.211 -1482.98 0
264.3 82270.1 -899.561 -1481.36 0
264.4 82180.1 -899.911 -1479.74 0
264.5 82090.1 -900.261 -1478.12 0
264.6 82000 -900.611 -1476.5 0
264.7 81909.9 -900.961 -1474.88 0
264.8 81819.7 -901.311 -1473.26 0
264.9 81729.6 -901.661 -1471.63 0
265 81639.3 -902.01 -1470.01 0
265.1 81549.1 -902.36 -1468.38 0
265.2 81458.8 -902.71 -1466.76 0
265.3 81368.5 -903.06 -1465.13 0
265.4 81278.1 -903.409 -1463.51 0
265.5 81187.7 -903.759 -1461.88 0
265.6 81097.3 -904.109 -1460.25 0
265.7 81006.8 -904.458 -1458.62 0
265.8 80916.3 -904.808 -1456.99 0
265.9 80825.8 -905.157 -1455.36 0
266 80735.2 -905.506 -1453.73 0
266.1 80644.6 -905.856 -1452.1 0
266.2 80554 -906.205 -1450.47 0
266.3 80463.3 -906.554 -1448.84 0
266.4 80372.6 -906.904 -1447.21 0
266.5 80281.9 -907.253 -1445.57 0
266.6 80191.1 -907.602 -1443.94 0
266.7 80100.3 -907.951 -1442.3 0
266.8 80009.4 -908.3 -1440.67 0
266.9 79918.5 -908.649 -1439.03 0
267 79827.6 -908.998 -1437.4 0
267.1 79736.7 -909.347 -1435.76 0
267.2 79645.7 -909.696 -1434.12 0
267.3 79554.7 -910.045 -1432.48 0
267.4 79463.6 -910.393 -1430.84 0
267.5 79372.5 -910.742 -1429.21 0
267.6 79281.4 -911.091 -1427.56 0
267.7 79190.2 -911.439 -1425.92 0
267.8 79099 -911.788 -1424.28 0
267.9 79007.8 -912.136 -1422.64 0
268 78916.5 -912.485 -1421 0
268.1 78825.2 -912.833 -1419.35 0
268.2 78733.9 -913.181 -1417.71 0
268.3 78642.5 -913.53 -1416.07 0
268.4 78551.1 -913.878 -1414.42 0
268.5 78459.7 -914.226 -1412.77 0
268.6 78368.2 -914.574 -1411.13 0
268.7 78276.7 -914.922 -1409.48 0
268.8 78185.2 -915.27 -1407.83 0
268.9 78093.6 -915.618 -1406.18 0
269 78002 -915.965 -1404.54 0
269.1 77910.3 -916.313 -1402.89 0
269.2 77818.6 -916.661 -1401.24 0
269.3 77726.9 -917.008 -1399.58 0
269.4 77635.2 -917.356 -1397.93 0
269.5 77543.4 -917.703 -1396.28 0
269.6 77451.5 -918.051 -1394.63 0
269.7 77359.7 -918.398 -1392.97 0
269.8 77267.8 -918.745 -1391.32 0
269.9 77175.9 -919.093 -1389.67 0
270 77083.9 -919.44 -1388.01 0
270.1 76991.9 -919.787 -1386.35 0
270.2 76899.9 -920.134 -1384.7 0
270.3 76807.8 -920.481 -1383.04 0
270.4 76715.7 -920.827 -1381.38 0
270.5 76623.6 -921.174 -1379.72 0
270.6 76531.4 -921.521 -1378.07 0
270.7 76439.2 -921.867 -1376.41 0
270.8 76347 -922.214 -1374.75 0
270.9 76254.7 -922.56 -1373.08 0
271 76162.4 -922.907 -1371.42 0
271.1 76070 -923.253 -1369.76 0
271.2 75977.7 -923.599 -1368.1 0
271.3 75885.3 -923.945 -1366.43 0
271.4 75792.8 -924.291 -1364.77 0
271.5 75700.3 -924.637 -1363.11 0
271.6 75607.8 -924.983 -1361.44 0
271.7 75515.3 -925.329 -1359.77 0
271.8 75422.7 -925.674 -1358.11 0
271.9 75330.1 -926.02 -1356.44 0
272 75237.4 -926.365 -1354.77 0
272.1 75144.7 -926.711 -1353.1 0
272.2 75052 -927.056 -1351.44 0
272.3 74959.2 -927.401 -1349.77 0
272.4 74866.4 -927.746 -1348.1 0
272.5 74773.6 -928.091 -1346.43 0
272.6 74680.8 -928.436 -1344.75 0
272.7 74587.9 -928.781 -1343.08 0
272.8 74494.9 -929.126 -1341.41 0
272.9 74402 -929.47 -1339.74 0
273 74309 -929.815 -1338.06 0
273.1 74215.9 -930.159 -1336.39 0
273.2 74122.9 -930.504 -1334.71 0
273.3 74029.8 -930.848 -1333.04 0
273.4 73936.6 -931.192 -1331.36 0
273.5 73843.5 -931.536 -1329.68 0
273.6 73750.3 -931.88 -1328 0
273.7 73657 -932.223 -1326.33 0
273.8 73563.7 -932.567 -1324.65 0
273.9 73470.4 -932.911 -1322.97 0
274 73377.1 -933.254 -1321.29 0
274.1 73283.7 -933.597 -1319.61 0
274.2 73190.3 -933.94 -1317.93 0
274.3 73096.9 -934.284 -1316.24 0
274.4 73003.4 -934.626 -1314.56 0
274.5 72909.9 -934.969 -1312.88 0
274.6 72816.3 -935.312 -1311.19 0
274.7 72722.7 -935.655 -1309.51 0
274.8 72629.1 -935.997 -1307.82 0
274.9 72535.5 -936.339 -1306.14 0
275 72441.8 -936.682 -1304.45 0
275.1 72348.1 -937.024 -1302.77 0
275.2 72254.3 -937.366 -1301.08 0
275.3 72160.5 -937.707 -1299.39 0
275.4 72066.7 -938.049 -1297.7 0
275.5 71972.8 -938.391 -1296.01 0
275.6 71878.9 -938.732 -1294.32 0
275.7 71785 -939.073 -1292.63 0
275.8 71691.1 -939.414 -1290.94 0
275.9 71597.1 -939.755 -1289.25 0
276 71503 -940.096 -1287.55 0
276.1 71409 -940.437 -1285.86 0
276.2 71314.9 -940.778 -1284.17 0
276.3 71220.8 -941.118 -1282.47 0
276.4 71126.6 -941.458 -1280.78 0
276.5 71032.4 -941.798 -1279.08 0
276.6 70938.2 -942.138 -1277.39 0
276.7 70843.9 -942.478 -1275.69 0
276.8 70749.6 -942.818 -1273.99 0
276.9 70655.3 -943.157 -1272.29 0
277 70560.9 -943.497 -1270.6 0
277.1 70466.5 -943.836 -1268.9 0
277.2 70372.1 -944.175 -1267.2 0
277.3 70277.6 -944.514 -1265.5 0
277.4 70183.1 -944.852 -1263.8 0
277.5 70088.6 -945.191 -1262.09 0
277.6 69994 -945.529 -1260.39 0
277.7 69899.4 -945.867 -1258.69 0
277.8 69804.8 -946.205 -1256.99 0
277.9 69710.1 -946.543 -1255.28 0
278 69615.4 -946.881 -1253.58 0
278.1 69520.6 -947.218 -1251.87 0
278.2 69425.9 -947.556 -1250.17 0
278.3 69331.1 -947.893 -1248.46 0
278.4 69236.2 -948.23 -1246.75 0
278.5 69141.3 -948.567 -1245.04 0
278.6 69046.4 -948.903 -1243.34 0
278.7 68951.5 -949.24 -1241.63 0
278.8 68856.5 -949.576 -1239.92 0
278.9 68761.5 -949.912 -1238.21 0
279 68666.5 -950.248 -1236.5 0
279.1 68571.4 -950.583 -1234.79 0
279.2 68476.3 -950.919 -1233.07 0
279.3 68381.2 -951.254 -1231.36 0
279.4 68286 -951.589 -1229.65 0
279.5 68190.8 -951.924 -1227.93 0
279.6 68095.5 -952.258 -1226.22 0
279.7 68000.2 -952.593 -1224.5 0
279.8 67904.9 -952.927 -1222.79 0
279.9 67809.6 -953.261 -1221.07 0
280 67714.2 -953.594 -1219.36 0
280.1 67618.8 -953.928 -1217.64 0
280.2 67523.4 -954.261 -1215.92 0
280.3 67427.9 -954.594 -1214.2 0
280.4 67332.4 -954.927 -1212.48 0
280.5 67236.8 -955.26 -1210.76 0
280.6 67141.3 -955.592 -1209.04 0
280.7 67045.7 -955.924 -1207.32 0
280.8 66950 -956.256 -1205.6 0
280.9 66854.3 -956.588 -1203.88 0
281 66758.6 -956.919 -1202.16 0
281.1 66662.9 -957.25 -1200.43 0
281.2 66567.1 -957.581 -1198.71 0
281.3 66471.3 -957.912 -1196.98 0
281.4 66375.5 -958.243 -1195.26 0
281.5 66279.6 -958.573 -1193.53 0
281.6 66183.7 -958.903 -1191.81 0
281.7 66087.7 -959.232 -1190.08 0
281.8 65991.8 -959.562 -1188.35 0
281.9 65895.8 -959.891 -1186.62 0
282 65799.7 -960.22 -1184.9 0
282.1 65703.7 -960.548 -1183.17 0
282.2 65607.6 -960.877 -1181.44 0
282.3 65511.4 -961.205 -1179.71 0
282.4 65415.2 -961.533 -1177.97 0
282.5 65319 -961.86 -1176.24 0
282.6 65222.8 -962.187 -1174.51 0
282.7 65126.5 -962.514 -1172.78 0
282.8 65030.2 -962.841 -1171.04 0
282.9 64933.9 -963.167 -1169.31 0
283 64837.5 -963.493 -1167.58 0
283.1 64741.1 -963.819 -1165.84 0
283.2 64644.7 -964.145 -1164.1 0
283.3 64548.2 -964.47 -1162.37 0
283.4 64451.8 -964.795 -1160.63 0
283.5 64355.2 -965.119 -1158.89 0
283.6 64258.7 -965.443 -1157.16 0
283.7 64162.1 -965.767 -1155.42 0
283.8 64065.4 -966.091 -1153.68 0
283.9 63968.8 -966.414 -1151.94 0
284 63872.1 -966.737 -1150.2 0
284.1 63775.4 -967.06 -1148.46 0
284.2 63678.6 -967.382 -1146.72 0
284.3 63581.8 -967.704 -1144.97 0
284.4 63485 -968.025 -1143.23 0
284.5 63388.2 -968.347 -1141.49 0
284.6 63291.3 -968.667 -1139.74 0
284.7 63194.4 -968.988 -1138 0
284.8 63097.4 -969.308 -1136.25 0
284.9 63000.4 -969.628 -1134.51 0
285 62903.4 -969.947 -1132.76 0
285.1 62806.4 -970.266 -1131.02 0
285.2 62709.3 -970.585 -1129.27 0
285.3 62612.2 -970.903 -1127.52 0
285.4 62515.1 -971.221 -1125.77 0
285.5 62417.9 -971.539 -1124.02 0
285.6 62320.7 -971.856 -1122.27 0
285.7 62223.5 -972.173 -1120.52 0
285.8 62126.2 -972.489 -1118.77 0
285.9 62028.9 -972.805 -1117.02 0
286 61931.6 -973.121 -1115.27 0
286.1 61834.2 -973.436 -1113.52 0
286.2 61736.8 -973.751 -1111.76 0
286.3 61639.4 -974.065 -1110.01 0
286.4 61542 -974.379 -1108.26 0
286.5 61444.5 -974.693 -1106.5 0
286.6 61347 -975.006 -1104.75 0
286.7 61249.4 -975.319 -1102.99 0
286.8 61151.8 -975.631 -1101.23 0
286.9 61054.2 -975.943 -1099.48 0
287 60956.6 -976.254 -1097.72 0
287.1 60858.9 -976.565 -1095.96 0
287.2 60761.2 -976.875 -1094.2 0
287.3 60663.5 -977.185 -1092.44 0
287.4 60565.7 -977.495 -1090.68 0
287.5 60467.9 -977.804 -1088.92 0
287.6 60370.1 -978.113 -1087.16 0
287.7 60272.2 -978.421 -1085.4 0
287.8 60174.3 -978.728 -1083.64 0
287.9 60076.4 -979.035 -1081.88 0
288 59978.5 -979.342 -1080.11 0
288.1 59880.5 -979.648 -1078.35 0
288.2 59782.5 -979.954 -1076.58 0
288.3 59684.4 -980.259 -1074.82 0
288.4 59586.4 -980.564 -1073.05 0
288.5 59488.3 -980.868 -1071.29 0
288.6 59390.1 -981.171 -1069.52 0
288.7 59292 -981.474 -1067.76 0
288.8 59193.8 -981.777 -1065.99 0
288.9 59095.5 -982.079 -1064.22 0
289 58997.3 -982.38 -1062.45 0
289.1 58899 -982.681 -1060.68 0
289.2 58800.7 -982.981 -1058.91 0
289.3 58702.4 -983.281 -1057.14 0
289.4 58604 -983.58 -1055.37 0
289.5 58505.6 -983.879 -1053.6 0
289.6 58407.1 -984.177 -1051.83 0
289.7 58308.7 -984.475 -1050.06 0
289.8 58210.2 -984.771 -1048.28 0
289.9 58111.7 -985.068 -1046.51 0
290 58013.1 -985.363 -1044.74 0
290.1 57914.5 -985.658 -1042.96 0
290.2 57815.9 -985.953 -1041.19 0
290.3 57717.3 -986.247 -1039.41 0
290.4 57618.6 -986.54 -1037.64 0
290.5 57519.9 -986.833 -1035.86 0
290.6 57421.2 -987.124 -1034.08 0
290.7 57322.4 -987.416 -1032.3 0
290.8 57223.7 -987.706 -1030.53 0
290.9 57124.8 -987.996 -1028.75 0
291 57026 -988.286 -1026.97 0
291.1 56927.1 -988.574 -1025.19 0
291.2 56828.2 -988.862 -1023.41 0
291.3 56729.3 -989.15 -1021.63 0
291.4 56630.3 -989.436 -1019.85 0
291.5 56531.4 -989.722 -1018.06 0
291.6 56432.3 -990.007 -1016.28 0
291.7 56333.3 -990.292 -1014.5 0
291.8 56234.2 -990.575 -1012.72 0
291.9 56135.1 -990.858 -1010.93 0
292 56036 -991.141 -1009.15 0
292.1 55936.8 -991.422 -1007.36 0
292.2 55837.7 -991.703 -1005.58 0
292.3 55738.4 -991.983 -1003.79 0
292.4 55639.2 -992.262 -1002.01 0
292.5 55539.9 -992.541 -1000.22 0
292.6 55440.6 -992.819 -998.431 0
292.7 55341.3 -993.095 -996.644 0
292.8 55242 -993.372 -994.855 0.0532581
292.9 55142.6 -993.632 -993.067 0.463089
293 55043.2 -993.762 -991.278 0.846803
293.1 54943.9 -993.668 -989.489 1
293.2 54844.5 -993.423 -987.701 1
293.3 54745.2 -993.135 -985.914 1
293.4 54646 -992.845 -984.127 1
293.5 54546.7 -992.554 -982.341 1
293.6 54447.5 -992.263 -980.555 1
293.7 54348.3 -991.97 -978.77 1
293.8 54249.2 -991.677 -976.985 1
293.9 54150 -991.383 -975.201 1
294 54051 -991.087 -973.417 1
294.1 53951.9 -990.791 -971.634 1
294.2 53852.9 -990.494 -969.851 1
294.3 53753.8 -990.196 -968.069 1
294.4 53654.9 -989.897 -966.288 1
294.5 53555.9 -989.597 -964.507 1
294.6 53457 -989.296 -962.726 1
294.7 53358.1 -988.994 -960.946 1
294.8 53259.3 -988.691 -959.167 1
294.9 53160.5 -988.386 -957.388 1
295 53061.7 -988.081 -955.61 1
295.1 52962.9 -987.775 -953.832 1
295.2 52864.2 -987.468 -952.055 1
295.3 52765.5 -987.16 -950.278 1
295.4 52666.8 -986.851 -948.502 1
295.5 52568.2 -986.541 -946.727 1
295.6 52469.5 -986.229 -944.952 1
295.7 52371 -985.917 -943.178 1
295.8 52272.4 -985.603 -941.404 1
295.9 52173.9 -985.289 -939.63 1
296 52075.4 -984.973 -937.858 1
296.1 51977 -984.657 -936.086 1
296.2 51878.6 -984.339 -934.314 1
296.3 51780.2 -984.02 -932.543 1
296.4 51681.8 -983.7 -930.773 1
296.5 51583.5 -983.379 -929.003 1
296.6 51485.2 -983.056 -927.234 1
296.7 51387 -982.733 -925.465 1
296.8 51288.7 -982.408 -923.697 1
296.9 51190.5 -982.083 -921.93 1
297 51092.4 -981.756 -920.163 1
297.1 50994.3 -981.427 -918.397 1
297.2 50896.2 -981.098 -916.631 1
297.3 50798.1 -980.768 -914.866 1
297.4 50700.1 -980.436 -913.101 1
297.5 50602.1 -980.103 -911.337 1
297.6 50504.1 -979.769 -909.574 1
297.7 50406.2 -979.434 -907.812 1
297.8 50308.3 -979.097 -906.049 1
297.9 50210.4 -978.759 -904.288 1
298 50112.6 -978.42 -902.527 1
298.1 50014.8 -978.08 -900.767 1
298.2 49917.1 -977.738 -899.007 1
298.3 49819.3 -977.395 -897.248 1
298.4 49721.7 -977.051 -895.49 1
298.5 49624 -976.706 -893.732 1
298.6 49526.4 -976.359 -891.975 1
298.7 49428.8 -976.011 -890.218 1
298.8 49331.3 -975.661 -888.463 1
298.9 49233.7 -975.31 -886.707 1
299 49136.3 -974.958 -884.953 1
299.1 49038.8 -974.605 -883.199 1
299.2 48941.4 -974.25 -881.445 1
299.3 48844 -973.894 -879.693 1
299.4 48746.7 -973.536 -877.941 1
299.5 48649.4 -973.177 -876.189 1
299.6 48552.1 -972.817 -874.439 1
299.7 48454.9 -972.455 -872.689 1
299.8 48357.7 -972.091 -870.939 1
299.9 48260.6 -971.727 -869.19 1
300 48163.5 -971.361 -867.442 1
300.1 48066.4 -970.993 -865.695 1
300.2 47969.3 -970.624 -863.948 1
300.3 47872.3 -970.253 -862.202 1
300.4 47775.4 -969.881 -860.456 1
300.5 47678.4 -969.508 -858.712 1
300.6 47581.5 -969.133 -856.967 1
300.7 47484.7 -968.756 -855.224 1
300.8 47387.9 -968.378 -853.481 1
300.9 47291.1 -967.999 -851.739 1
301 47194.3 -967.618 -849.998 1
301.1 47097.6 -967.235 -848.257 1
301.2 47001 -966.851 -846.517 1
301.3 46904.3 -966.465 -844.778 1
301.4 46807.7 -966.077 -843.039 1
301.5 46711.2 -965.688 -841.301 1
301.6 46614.7 -965.298 -839.564 1
301.7 46518.2 -964.905 -837.828 1
301.8 46421.8 -964.511 -836.092 1
301.9 46325.4 -964.116 -834.357 1
302 46229 -963.719 -832.623 1
302.1 46132.7 -963.32 -830.889 1
302.2 46036.5 -962.919 -829.156 1
302.3 45940.2 -962.517 -827.424 1
302.4 45844 -962.113 -825.693 1
302.5 45747.9 -961.707 -823.962 1
302.6 45651.8 -961.3 -822.232 1
302.7 45555.7 -960.891 -820.503 1
302.8 45459.7 -960.48 -818.774 1
302.9 45363.7 -960.067 -817.046 1
303 45267.7 -959.653 -815.319 1
303.1 45171.8 -959.236 -813.593 1
303.2 45076 -958.818 -811.868 1
303.3 44980.2 -958.399 -810.143 1
303.4 44884.4 -957.977 -808.419 1
303.5 44788.7 -957.553 -806.696 1
303.6 44693 -957.128 -804.973 1
303.7 44597.3 -956.701 -803.252 1
303.8 44501.7 -956.272 -801.531 1
303.9 44406.1 -955.841 -799.811 1
304 44310.6 -955.408 -798.091 1
304.1 44215.1 -954.973 -796.373 1
304.2 44119.7 -954.537 -794.655 1
304.3 44024.3 -954.098 -792.938 1
304.4 43929 -953.658 -791.222 1
304.5 43833.7 -953.215 -789.506 1
304.6 43738.4 -952.771 -787.792 1
304.7 43643.2 -952.324 -786.078 1
304.8 43548.1 -951.876 -784.365 1
304.9 43452.9 -951.425 -782.653 1
305 43357.9 -950.973 -780.941 1
305.1 43262.8 -950.518 -779.231 1
305.2 43167.8 -950.062 -777.521 1
305.3 43072.9 -949.603 -775.812 1
305.4 42978 -949.142 -774.104 1
305.5 42883.2 -948.679 -772.397 1
305.6 42788.4 -948.215 -770.691 1
305.7 42693.6 -947.748 -768.985 1
305.8 42598.9 -947.278 -767.281 1
305.9 42504.3 -946.807 -765.577 1
306 42409.7 -946.334 -763.874 1
306.1 42315.1 -945.858 -762.172 1
306.2 42220.6 -945.38 -760.47 1
306.3 42126.1 -944.9 -758.77 1
306.4 42031.7 -944.418 -757.07 1
306.5 41937.3 -943.934 -755.372 1
306.6 41843 -943.447 -753.674 1
306.7 41748.7 -942.958 -751.977 1
306.8 41654.5 -942.467 -750.281 1
306.9 41560.3 -941.973 -748.586 1
307 41466.2 -941.477 -746.892 1
307.1 41372.1 -940.979 -745.199 1
307.2 41278.1 -940.479 -743.506 1
307.3 41184.1 -939.976 -741.815 1
307.4 41090.2 -939.471 -740.124 1
307.5 40996.4 -938.964 -738.434 1
307.6 40902.5 -938.454 -736.746 1
307.7 40808.8 -937.941 -735.058 1
307.8 40715.1 -937.427 -733.371 1
307.9 40621.4 -936.91 -731.685 1
308 40527.8 -936.39 -730 1
308.1 40434.2 -935.868 -728.316 1
308.2 40340.7 -935.344 -726.633 1
308.3 40247.2 -934.817 -724.95 1
308.4 40153.8 -934.287 -723.269 1
308.5 40060.5 -933.755 -721.589 1
308.6 39967.2 -933.221 -719.91 1
308.7 39874 -932.684 -718.231 1
308.8 39780.8 -932.144 -716.554 1
308.9 39687.6 -931.602 -714.878 1
309 39594.6 -931.057 -713.202 1
309.1 39501.5 -930.51 -711.528 1
309.2 39408.6 -929.96 -709.854 1
309.3 39315.7 -929.407 -708.182 1
309.4 39222.8 -928.852 -706.51 1
309.5 39130 -928.294 -704.84 1
309.6 39037.3 -927.733 -703.171 1
309.7 38944.6 -927.17 -701.502 1
309.8 38851.9 -926.604 -699.835 1
309.9 38759.4 -926.035 -698.168 1
310 38666.8 -925.463 -696.503 1
310.1 38574.4 -924.889 -694.839 1
310.2 38482 -924.312 -693.176 1
310.3 38389.6 -923.732 -691.513 1
310.4 38297.3 -923.15 -689.852 1
310.5 38205.1 -922.564 -688.192 1
310.6 38113 -921.976 -686.533 1
310.7 38020.8 -921.385 -684.875 1
310.8 37928.8 -920.791 -683.218 1
310.9 37836.8 -920.194 -681.562 1
311 37744.9 -919.594 -679.908 1
311.1 37653 -918.991 -678.254 1
311.2 37561.2 -918.386 -676.602 1
311.3 37469.5 -917.777 -674.95 1
311.4 37377.8 -917.165 -673.3 1
311.5 37286.1 -916.551 -671.651 1
311.6 37194.6 -915.933 -670.002 1
311.7 37103.1 -915.313 -668.355 1
311.8 37011.6 -914.689 -666.71 1
311.9 36920.3 -914.063 -665.065 1
312 36829 -913.433 -663.421 1
312.1 36737.7 -912.8 -661.779 1
312.2 36646.5 -912.165 -660.137 1
312.3 36555.4 -911.526 -658.497 1
312.4 36464.3 -910.884 -656.858 1
312.5 36373.4 -910.238 -655.22 1
312.6 36282.4 -909.59 -653.584 1
312.7 36191.6 -908.939 -651.948 1
312.8 36100.8 -908.284 -650.314 1
312.9 36010 -907.626 -648.681 1
313 35919.4 -906.965 -647.049 1
313.1 35828.8 -906.301 -645.418 1
313.2 35738.2 -905.633 -643.788 1
313.3 35647.8 -904.962 -642.16 1
313.4 35557.4 -904.288 -640.533 1
313.5 35467.1 -903.611 -638.907 1
313.6 35376.8 -902.93 -637.283 1
313.7 35286.6 -902.246 -635.659 1
313.8 35196.5 -901.559 -634.037 1
313.9 35106.4 -900.868 -632.416 1
314 35016.5 -900.174 -630.796 1
314.1 34926.5 -899.477 -629.178 1
314.2 34836.7 -898.776 -627.561 1
314.3 34746.9 -898.071 -625.945 1
314.4 34657.2 -897.364 -624.33 1
314.5 34567.6 -896.653 -622.717 1
314.6 34478 -895.938 -621.105 1
314.7 34388.6 -895.22 -619.494 1
314.8 34299.1 -894.498 -617.885 1
314.9 34209.8 -893.773 -616.276 1
315 34120.5 -893.045 -614.67 1
315.1 34031.3 -892.312 -613.064 1
315.2 33942.2 -891.577 -611.46 1
315.3 33853.2 -890.837 -609.857 1
315.4 33764.2 -890.094 -608.256 1
315.5 33675.3 -889.348 -606.655 1
315.6 33586.5 -888.598 -605.057 1
315.7 33497.7 -887.844 -603.459 1
315.8 33409.1 -887.087 -601.863 1
315.9 33320.5 -886.326 -600.268 1
316 33232 -885.561 -598.675 1
316.1 33143.5 -884.793 -597.083 1
316.2 33055.1 -884.021 -595.493 1
316.3 32966.9 -883.245 -593.904 1
316.4 32878.7 -882.465 -592.316 1
316.5 32790.5 -881.682 -590.729 1
316.6 32702.5 -880.895 -589.145 1
316.7 32614.5 -880.104 -587.561 1
316.8 32526.6 -879.309 -585.979 1
316.9 32438.8 -878.511 -584.398 1
317 32351.1 -877.709 -582.819 1
317.1 32263.4 -876.903 -581.242 1
317.2 32175.9 -876.093 -579.665 1
317.3 32088.4 -875.279 -578.091 1
317.4 32001 -874.462 -576.517 1
317.5 31913.6 -873.64 -574.945 1
317.6 31826.4 -872.815 -573.375 1
317.7 31739.2 -871.985 -571.806 1
317.8 31652.2 -871.152 -570.239 1
317.9 31565.2 -870.315 -568.673 1
318 31478.3 -869.474 -567.109 1
318.1 31391.5 -868.629 -565.546 1
318.2 31304.7 -867.78 -563.985 1
318.3 31218.1 -866.927 -562.425 1
318.4 31131.5 -866.07 -560.867 1
318.5 31045 -865.209 -559.31 1
318.6 30958.6 -864.343 -557.755 1
318.7 30872.3 -863.474 -556.202 1
318.8 30786.1 -862.601 -554.65 1
318.9 30700 -861.724 -553.1 1
319 30613.9 -860.843 -551.551 1
319.1 30528 -859.957 -550.004 1
319.2 30442.1 -859.068 -548.458 1
319.3 30356.4 -858.174 -546.914 1
319.4 30270.7 -857.277 -545.372 1
319.5 30185.1 -856.375 -543.832 1
319.6 30099.6 -855.469 -542.292 1
319.7 30014.2 -854.559 -540.755 1
319.8 29928.9 -853.645 -539.219 1
319.9 29843.6 -852.726 -537.685 1
320 29758.5 -851.804 -536.153 1
320.1 29673.5 -850.877 -534.622 1
320.2 29588.5 -849.946 -533.093 1
320.3 29503.6 -849.011 -531.566 1
320.4 29418.9 -848.072 -530.04 1
320.5 29334.2 -847.128 -528.516 1
320.6 29249.7 -846.18 -526.994 1
320.7 29165.2 -845.228 -525.473 1
320.8 29080.8 -844.272 -523.954 1
320.9 28996.5 -843.311 -522.437 1
321 28912.3 -842.346 -520.922 1
321.1 28828.2 -841.377 -519.408 1
321.2 28744.2 -840.404 -517.896 1
321.3 28660.4 -839.426 -516.386 1
321.4 28576.6 -838.444 -514.878 1
321.5 28492.9 -837.458 -513.372 1
321.6 28409.3 -836.467 -511.867 1
321.7 28325.8 -835.473 -510.364 1
321.8 28242.4 -834.473 -508.863 1
321.9 28159.1 -833.47 -507.363 1
322 28075.9 -832.462 -505.866 1
322.1 27992.8 -831.45 -504.37 1
322.2 27909.8 -830.433 -502.876 1
322.3 27826.9 -829.412 -501.384 1
322.4 27744.1 -828.387 -499.894 1
322.5 27661.4 -827.357 -498.406 1
322.6 27578.9 -826.323 -496.919 1
322.7 27496.4 -825.285 -495.435 1
322.8 27414 -824.242 -493.952 1
322.9 27331.7 -823.195 -492.471 1
323 27249.6 -822.144 -490.992 1
323.1 27167.5 -821.088 -489.515 1
323.2 27085.6 -820.028 -488.04 1
323.3 27003.7 -818.963 -486.567 1
323.4 26922 -817.894 -485.096 1
323.5 26840.4 -816.821 -483.627 1
323.6 26758.8 -815.743 -482.159 1
323.7 26677.4 -814.661 -480.694 1
323.8 26596.1 -813.574 -479.23 1
323.9 26514.9 -812.483 -477.769 1
324 26433.8 -811.388 -476.309 1
324.1 26352.9 -810.288 -474.852 1
324.2 26272 -809.184 -473.396 1
324.3 26191.3 -808.075 -471.943 1
324.4 26110.6 -806.962 -470.491 1
324.5 26030.1 -805.845 -469.042 1
324.6 25949.7 -804.723 -467.594 1
324.7 25869.4 -803.597 -466.149 1
324.8 25789.2 -802.466 -464.705 1
324.9 25709.1 -801.331 -463.264 1
325 25629.1 -800.192 -461.825 1
325.1 25549.3 -799.048 -460.387 1
325.2 25469.6 -797.9 -458.952 1
325.3 25389.9 -796.747 -457.519 1
325.4 25310.4 -795.591 -456.088 1
325.5 25231.1 -794.429 -454.659 1
325.6 25151.8 -793.264 -453.232 1
325.7 25072.6 -792.094 -451.808 1
325.8 24993.6 -790.919 -450.385 1
325.9 24914.7 -789.741 -448.964 1
326 24835.9 -788.558 -447.546 1
326.1 24757.2 -787.37 -446.13 1
326.2 24678.7 -786.178 -444.716 1
326.3 24600.2 -784.982 -443.304 1
326.4 24521.9 -783.782 -441.894 1
326.5 24443.7 -782.577 -440.487 1
326.6 24365.6 -781.368 -439.081 1
326.7 24287.7 -780.155 -437.678 1
326.8 24209.8 -778.937 -436.277 1
326.9 24132.1 -777.715 -434.878 1
327 24054.5 -776.489 -433.482 1
327.1 23977.1 -775.259 -432.087 1
327.2 23899.7 -774.024 -430.695 1
327.3 23822.5 -772.785 -429.305 1
327.4 23745.4 -771.542 -427.918 1
327.5 23668.5 -770.295 -426.532 1
327.6 23591.6 -769.043 -425.149 1
327.7 23514.9 -767.787 -423.768 1
327.8 23438.3 -766.527 -422.39 1
327.9 23361.9 -765.263 -421.013 1
328 23285.5 -763.994 -419.639 1
328.1 23209.3 -762.722 -418.268 1
328.2 23133.2 -761.445 -416.898 1
328.3 23057.3 -760.164 -415.531 1
328.4 22981.5 -758.879 -414.166 1
328.5 22905.8 -757.59 -412.804 1
328.6 22830.2 -756.297 -411.444 1
328.7 22754.8 -755 -410.086 1
328.8 22679.5 -753.699 -408.73 1
328.9 22604.3 -752.393 -407.377 1
329 22529.2 -751.084 -406.026 1
329.1 22454.3 -749.771 -404.678 1
329.2 22379.5 -748.453 -403.332 1
329.3 22304.9 -747.132 -401.988 1
329.4 22230.4 -745.806 -400.647 1
329.5 22156 -744.477 -399.308 1
329.6 22081.8 -743.144 -397.972 1
329.7 22007.6 -741.807 -396.638 1
329.8 21933.7 -740.466 -395.306 1
329.9 21859.8 -739.121 -393.977 1
330 21786.1 -737.772 -392.65 1
330.1 21712.5 -736.42 -391.326 1
330.2 21639.1 -735.064 -390.004 1
330.3 21565.8 -733.703 -388.684 1
330.4 21492.6 -732.339 -387.367 1
330.5 21419.6 -730.972 -386.053 1
330.6 21346.7 -729.6 -384.741 1
330.7 21274 -728.225 -383.431 1
330.8 21201.3 -726.847 -382.124 1
330.9 21128.9 -725.464 -380.82 1
331 21056.5 -724.078 -379.517 1
331.1 20984.3 -722.688 -378.218 1
331.2 20912.3 -721.295 -376.921 1
331.3 20840.3 -719.898 -375.626 1
331.4 20768.6 -718.498 -374.334 1
331.5 20696.9 -717.094 -373.045 1
331.6 20625.4 -715.686 -371.758 1
331.7 20554.1 -714.275 -370.473 1
331.8 20482.9 -712.861 -369.191 1
331.9 20411.8 -711.443 -367.912 1
332 20340.9 -710.022 -366.635 1
332.1 20270.1 -708.598 -365.361 1
332.2 20199.4 -707.17 -364.09 1
332.3 20128.9 -705.739 -362.82 1
332.4 20058.6 -704.304 -361.554 1
332.5 19988.3 -702.866 -360.29 1
332.6 19918.3 -701.426 -359.029 1
332.7 19848.3 -699.981 -357.77 1
332.8 19778.6 -698.534 -356.514 1
332.9 19708.9 -697.084 -355.261 1
333 19639.4 -695.63 -354.01 1
333.1 19570.1 -694.173 -352.762 1
333.2 19500.9 -692.714 -351.516 1
333.3 19431.8 -691.251 -350.273 1
333.4 19362.9 -689.785 -349.033 1
333.5 19294.2 -688.316 -347.795 1
333.6 19225.6 -686.845 -346.56 1
333.7 19157.1 -685.37 -345.328 1
333.8 19088.8 -683.893 -344.098 1
333.9 19020.6 -682.413 -342.871 1
334 18952.6 -680.93 -341.647 1
334.1 18884.7 -679.444 -340.425 1
334.2 18817 -677.955 -339.206 1
334.3 18749.4 -676.464 -337.99 1
334.4 18682 -674.97 -336.776 1
334.5 18614.7 -673.473 -335.565 1
334.6 18547.6 -671.974 -334.357 1
334.7 18480.7 -670.472 -333.152 1
334.8 18413.8 -668.968 -331.949 1
334.9 18347.2 -667.461 -330.749 1
335 18280.6 -665.952 -329.552 1
335.1 18214.3 -664.44 -328.357 1
335.2 18148.1 -662.926 -327.165 1
335.3 18082 -661.41 -325.976 1
335.4 18016.1 -659.891 -324.789 1
335.5 17950.3 -658.37 -323.606 1
335.6 17884.7 -656.846 -322.425 1
335.7 17819.3 -655.321 -321.247 1
335.8 17754 -653.793 -320.071 1
335.9 17688.8 -652.263 -318.898 1
336 17623.8 -650.731 -317.728 1
336.1 17559 -649.197 -316.561 1
336.2 17494.3 -647.661 -315.397 1
336.3 17429.7 -646.123 -314.235 1
336.4 17365.4 -644.583 -313.076 1
336.5 17301.1 -643.041 -311.92 1
336.6 17237.1 -641.497 -310.767 1
336.7 17173.1 -639.951 -309.617 1
336.8 17109.4 -638.403 -308.469 1
336.9 17045.8 -636.854 -307.324 1
337 16982.3 -635.303 -306.182 1
337.1 16919 -633.75 -305.042 1
337.2 16855.9 -632.195 -303.906 1
337.3 16792.9 -630.639 -302.772 1
337.4 16730.1 -629.082 -301.641 1
337.5 16667.4 -627.523 -300.513 1
337.6 16604.9 -625.962 -299.388 1
337.7 16542.5 -624.4 -298.265 1
337.8 16480.3 -622.836 -297.145 1
337.9 16418.3 -621.271 -296.029 1
338 16356.4 -619.705 -294.914 1
338.1 16294.6 -618.137 -293.803 1
338.2 16233 -616.568 -292.695 1
338.3 16171.6 -614.998 -291.589 1
338.4 16110.4 -613.427 -290.486 1
338.5 16049.3 -611.854 -289.387 1
338.6 15988.3 -610.281 -288.289 1
338.7 15927.5 -608.706 -287.195 1
338.8 15866.9 -607.13 -286.104 1
338.9 15806.4 -605.554 -285.015 1
339 15746.1 -603.976 -283.93 1
339.1 15685.9 -602.397 -282.847 1
339.2 15625.9 -600.818 -281.767 1
339.3 15566.1 -599.238 -280.689 1
339.4 15506.4 -597.657 -279.615 1
339.5 15446.9 -596.075 -278.543 1
339.6 15387.5 -594.493 -277.475 1
339.7 15328.3 -592.91 -276.409 1
339.8 15269.2 -591.326 -275.346 1
339.9 15210.3 -589.741 -274.286 1
340 15151.6 -588.157 -273.229 1
340.1 15093 -586.571 -272.174 1
340.2 15034.6 -584.985 -271.123 1
340.3 14976.3 -583.399 -270.074 1
340.4 14918.2 -581.812 -269.028 1
340.5 14860.3 -580.225 -267.985 1
340.6 14802.5 -578.638 -266.945 1
340.7 14744.9 -577.05 -265.908 1
340.8 14687.4 -575.463 -264.873 1
340.9 14630.1 -573.875 -263.842 1
341 14573 -572.287 -262.813 1
341.1 14516 -570.698 -261.787 1
341.2 14459.1 -569.11 -260.764 1
341.3 14402.5 -567.522 -259.744 1
341.4 14345.9 -565.933 -258.727 1
341.5 14289.6 -564.345 -257.713 1
341.6 14233.4 -562.757 -256.701 1
341.7 14177.4 -561.169 -255.692 1
341.8 14121.5 -559.581 -254.687 1
341.9 14065.8 -557.993 -253.684 1
342 14010.2 -556.406 -252.684 1
342.1 13954.8 -554.819 -251.686 1
342.2 13899.6 -553.232 -250.692 1
342.3 13844.5 -551.646 -249.7 1
342.4 13789.5 -550.06 -248.712 1
342.5 13734.8 -548.474 -247.726 1
342.6 13680.2 -546.889 -246.743 1
342.7 13625.7 -545.304 -245.763 1
342.8 13571.4 -543.72 -244.786 1
342.9 13517.3 -542.137 -243.811 1
343 13463.3 -540.554 -242.84 1
343.1 13409.5 -538.972 -241.871 1
343.2 13355.8 -537.39 -240.905 1
343.3 13302.3 -535.81 -239.942 1
343.4 13249 -534.23 -238.982 1
343.5 13195.8 -532.651 -238.024 1
343.6 13142.8 -531.073 -237.07 1
343.7 13089.9 -529.495 -236.118 1
343.8 13037.2 -527.919 -235.169 1
343.9 12984.6 -526.343 -234.223 1
344 12932.2 -524.769 -233.28 1
344.1 12880 -523.195 -232.34 1
344.2 12827.9 -521.623 -231.402 1
344.3 12776 -520.052 -230.468 1
344.4 12724.2 -518.482 -229.536 1
344.5 12672.6 -516.913 -228.607 1
344.6 12621.1 -515.345 -227.681 1
344.7 12569.8 -513.779 -226.757 1
344.8 12518.7 -512.214 -225.837 1
344.9 12467.7 -510.65 -224.919 1
345 12416.9 -509.087 -224.004 1
345.1 12366.2 -507.526 -223.092 1
345.2 12315.7 -505.966 -222.182 1
345.3 12265.3 -504.408 -221.276 1
345.4 12215.1 -502.851 -220.372 1
345.5 12165.1 -501.296 -219.471 1
345.6 12115.2 -499.742 -218.573 1
345.7 12065.4 -498.19 -217.678 1
345.8 12015.8 -496.639 -216.785 1
345.9 11966.4 -495.09 -215.895 1
346 11917.1 -493.543 -215.008 1
346.1 11868 -491.998 -214.124 1
346.2 11819 -490.454 -213.243 1
346.3 11770.2 -488.912 -212.364 1
346.4 11721.6 -487.372 -211.488 1
346.5 11673.1 -485.833 -210.615 1
346.6 11624.7 -484.297 -209.745 1
346.7 11576.5 -482.762 -208.877 1
346.8 11528.5 -481.229 -208.012 1
346.9 11480.6 -479.698 -207.15 1
347 11432.8 -478.17 -206.291 1
347.1 11385.2 -476.643 -205.434 1
347.2 11337.8 -475.118 -204.581 1
347.3 11290.5 -473.595 -203.729 1
347.4 11243.4 -472.075 -202.881 1
347.5 11196.4 -470.556 -202.035 1
347.6 11149.6 -469.04 -201.192 1
347.7 11102.9 -467.525 -200.352 1
347.8 11056.4 -466.013 -199.515 1
347.9 11010 -464.504 -198.68 1
348 10963.8 -462.996 -197.848 1
348.1 10917.7 -461.491 -197.019 1
348.2 10871.8 -459.988 -196.192 1
348.3 10826 -458.487 -195.368 1
348.4 10780.4 -456.989 -194.547 1
348.5 10734.9 -455.493 -193.728 1
348.6 10689.6 -453.999 -192.913 1
348.7 10644.4 -452.508 -192.099 1
348.8 10599.4 -451.019 -191.289 1
348.9 10554.5 -449.533 -190.481 1
349 10509.8 -448.05 -189.676 1
349.1 10465.2 -446.568 -188.873 1
349.2 10420.8 -445.09 -188.074 1
349.3 10376.5 -443.614 -187.276 1
349.4 10332.3 -442.14 -186.482 1
349.5 10288.3 -440.669 -185.69 1
349.6 10244.5 -439.201 -184.901 1
349.7 10200.8 -437.735 -184.114 1
349.8 10157.2 -436.272 -183.33 1
349.9 10113.8 -434.812 -182.549 1
350 10070.6 -433.354 -181.77 1
350.1 10027.4 -431.9 -180.994 1
350.2 9984.47 -430.447 -180.22 1
350.3 9941.64 -428.998 -179.45 1
350.4 9898.96 -427.552 -178.681 1
350.5 9856.42 -426.108 -177.916 1
350.6 9814.03 -424.667 -177.152 1
350.7 9771.78 -423.229 -176.392 1
350.8 9729.67 -421.794 -175.634 1
350.9 9687.7 -420.361 -174.879 1
351 9645.88 -418.932 -174.126 1
351.1 9604.2 -417.505 -173.376 1
351.2 9562.67 -416.082 -172.628 1
351.3 9521.27 -414.661 -171.883 1
351.4 9480.02 -413.244 -171.14 1
351.5 9438.91 -411.829 -170.4 1
351.6 9397.93 -410.417 -169.663 1
351.7 9357.1 -409.009 -168.928 1
351.8 9316.41 -407.603 -168.195 1
351.9 9275.86 -406.2 -167.466 1
352 9235.45 -404.801 -166.738 1
352.1 9195.18 -403.404 -166.013 1
352.2 9155.05 -402.011 -165.291 1
352.3 9115.06 -400.62 -164.571 1
352.4 9075.2 -399.233 -163.854 1
352.5 9035.49 -397.849 -163.139 1
352.6 8995.91 -396.468 -162.426 1
352.7 8956.47 -395.09 -161.716 1
352.8 8917.17 -393.716 -161.009 1
352.9 8878 -392.344 -160.304 1
353 8838.97 -390.976 -159.602 1
353.1 8800.08 -389.611 -158.901 1
353.2 8761.32 -388.249 -158.204 1
353.3 8722.7 -386.891 -157.509 1
353.4 8684.22 -385.535 -156.816 1
353.5 8645.86 -384.183 -156.126 1
353.6 8607.65 -382.834 -155.438 1
353.7 8569.57 -381.488 -154.752 1
353.8 8531.62 -380.146 -154.069 1
353.9 8493.81 -378.807 -153.389 1
354 8456.13 -377.471 -152.71 1
354.1 8418.58 -376.138 -152.034 1
354.2 8381.16 -374.809 -151.361 1
354.3 8343.88 -373.483 -150.69 1
354.4 8306.73 -372.161 -150.021 1
354.5 8269.71 -370.841 -149.355 1
354.6 8232.83 -369.525 -148.691 1
354.7 8196.07 -368.213 -148.029 1
354.8 8159.45 -366.904 -147.37 1
354.9 8122.95 -365.598 -146.713 1
355 8086.59 -364.295 -146.059 1
355.1 8050.35 -362.996 -145.406 1
355.2 8014.25 -361.7 -144.756 1
355.3 7978.27 -360.408 -144.109 1
355.4 7942.42 -359.119 -143.464 1
355.5 7906.7 -357.833 -142.821 1
355.6 7871.11 -356.551 -142.18 1
355.7 7835.65 -355.272 -141.542 1
355.8 7800.31 -353.997 -140.906 1
355.9 7765.1 -352.725 -140.272 1
356 7730.02 -351.456 -139.64 1
356.1 7695.07 -350.191 -139.011 1
356.2 7660.24 -348.93 -138.384 1
356.3 7625.53 -347.671 -137.76 1
356.4 7590.95 -346.417 -137.137 1
356.5 7556.5 -345.165 -136.517 1
356.6 7522.17 -343.917 -135.899 1
356.7 7487.96 -342.673 -135.283 1
356.8 7453.88 -341.432 -134.67 1
356.9 7419.93 -340.194 -134.059 1
357 7386.09 -338.96 -133.45 1
357.1 7352.38 -337.729 -132.843 1
357.2 7318.79 -336.502 -132.238 1
357.3 7285.32 -335.278 -131.636 1
357.4 7251.98 -334.058 -131.036 1
357.5 7218.76 -332.841 -130.438 1
357.6 7185.65 -331.627 -129.842 1
357.7 7152.67 -330.417 -129.248 1
357.8 7119.81 -329.211 -128.657 1
357.9 7087.07 -328.008 -128.067 1
358 7054.45 -326.808 -127.48 1
358.1 7021.95 -325.612 -126.895 1
358.2 6989.57 -324.419 -126.312 1
358.3 6957.3 -323.23 -125.731 1
358.4 6925.16 -322.044 -125.153 1
358.5 6893.13 -320.862 -124.576 1
358.6 6861.22 -319.683 -124.002 1
358.7 6829.43 -318.508 -123.43 1
358.8 6797.75 -317.336 -122.86 1
358.9 6766.19 -316.167 -122.292 1
359 6734.75 -315.002 -121.726 1
359.1 6703.43 -313.841 -121.162 1
359.2 6672.22 -312.682 -120.6 1
359.3 6641.12 -311.528 -120.04 1
359.4 6610.14 -310.377 -119.483 1
359.5 6579.28 -309.229 -118.927 1
359.6 6548.52 -308.084 -118.373 1
359.7 6517.89 -306.943 -117.822 1
359.8 6487.36 -305.806 -117.273 1
359.9 6456.95 -304.672 -116.725 1
360 6426.65 -303.541 -116.18 1
360.1 6396.47 -302.414 -115.636 1
360.2 6366.4 -301.29 -115.095 1
360.3 6336.44 -300.17 -114.556 1
360.4 6306.59 -299.053 -114.019 1
360.5 6276.85 -297.939 -113.483 1
360.6 6247.22 -296.829 -112.95 1
360.7 6217.7 -295.722 -112.419 1
360.8 6188.3 -294.619 -111.889 1
360.9 6159 -293.519 -111.362 1
361 6129.81 -292.423 -110.837 1
361.1 6100.73 -291.329 -110.313 1
361.2 6071.76 -290.24 -109.792 1
361.3 6042.9 -289.153 -109.272 1
361.4 6014.15 -288.07 -108.755 1
361.5 5985.5 -286.99 -108.239 1
361.6 5956.97 -285.914 -107.725 1
361.7 5928.54 -284.841 -107.214 1
361.8 5900.21 -283.772 -106.704 1
361.9 5872 -282.705 -106.196 1
362 5843.88 -281.642 -105.69 1
362.1 5815.88 -280.583 -105.186 1
362.2 5787.98 -279.527 -104.684 1
362.3 5760.18 -278.474 -104.183 1
362.4 5732.49 -277.424 -103.685 1
362.5 5704.91 -276.378 -103.188 1
362.6 5677.43 -275.335 -102.694 1
362.7 5650.05 -274.295 -102.201 1
362.8 5622.78 -273.258 -101.71 1
362.9 5595.6 -272.225 -101.221 1
363 5568.54 -271.195 -100.734 1
363.1 5541.57 -270.169 -100.248 1
363.2 5514.71 -269.145 -99.7647 1
363.3 5487.95 -268.125 -99.283 1
363.4 5461.29 -267.108 -98.8031 1
363.5 5434.73 -266.095 -98.3251 1
363.6 5408.27 -265.084 -97.8488 1
363.7 5381.91 -264.077 -97.3744 1
363.8 5355.65 -263.073 -96.9018 1
363.9 5329.5 -262.073 -96.4309 1
364 5303.44 -261.075 -95.9619 1
364.1 5277.48 -260.081 -95.4947 1
364.2 5251.62 -259.09 -95.0292 1
364.3 5225.86 -258.102 -94.5655 1
364.4 5200.2 -257.117 -94.1036 1
364.5 5174.63 -256.135 -93.6434 1
364.6 5149.17 -255.157 -93.185 1
364.7 5123.8 -254.182 -92.7283 1
364.8 5098.52 -253.209 -92.2734 1
364.9 5073.35 -252.24 -91.8203 1
365 5048.27 -251.274 -91.3689 1
365.1 5023.29 -250.312 -90.9192 1
365.2 4998.4 -249.352 -90.4712 1
365.3 4973.61 -248.395 -90.0249 1
365.4 4948.91 -247.442 -89.5804 1
365.5 4924.31 -246.492 -89.1376 1
365.6 4899.8 -245.544 -88.6964 1
365.7 4875.39 -244.6 -88.257 1
365.8 4851.07 -243.659 -87.8193 1
365.9 4826.85 -242.721 -87.3832 1
366 4802.71 -241.785 -86.9488 1
366.1 4778.67 -240.853 -86.5161 1
366.2 4754.73 -239.924 -86.0851 1
366.3 4730.87 -238.998 -85.6557 1
366.4 4707.11 -238.075 -85.228 1
366.5 4683.44 -237.155 -84.802 1
366.6 4659.87 -236.238 -84.3776 1
366.7 4636.38 -235.324 -83.9548 1
366.8 4612.98 -234.413 -83.5337 1
366.9 4589.68 -233.505 -83.1142 1
367 4566.46 -232.6 -82.6963 1
367.1 4543.34 -231.697 -82.2801 1
367.2 4520.3 -230.798 -81.8655 1
367.3 4497.36 -229.901 -81.4525 1
367.4 4474.5 -229.008 -81.041 1
367.5 4451.74 -228.117 -80.6312 1
367.6 4429.06 -227.23 -80.223 1
367.7 4406.47 -226.345 -79.8164 1
367.8 4383.96 -225.463 -79.4113 1
367.9 4361.55 -224.584 -79.0079 1
368 4339.22 -223.708 -78.606 1
368.1 4316.98 -222.834 -78.2057 1
368.2 4294.83 -221.964 -77.8069 1
368.3 4272.76 -221.096 -77.4097 1
368.4 4250.78 -220.231 -77.0141 1
368.5 4228.89 -219.369 -76.62 1
368.6 4207.08 -218.509 -76.2275 1
368.7 4185.36 -217.653 -75.8365 1
368.8 4163.72 -216.799 -75.447 1
368.9 4142.17 -215.948 -75.059 1
369 4120.7 -215.1 -74.6726 1
369.1 4099.32 -214.255 -74.2877 1
369.2 4078.02 -213.412 -73.9043 1
369.3 4056.8 -212.572 -73.5225 1
369.4 4035.67 -211.734 -73.1421 1
369.5 4014.62 -210.9 -72.7632 1
369.6 3993.66 -210.068 -72.3859 1
369.7 3972.78 -209.239 -72.01 1
369.8 3951.98 -208.412 -71.6356 1
369.9 3931.26 -207.588 -71.2627 1
370 3910.62 -206.767 -70.8912 1
370.1 3890.07 -205.949 -70.5212 1
370.2 3869.6 -205.133 -70.1527 1
370.3 3849.2 -204.32 -69.7857 1
370.4 3828.89 -203.509 -69.4201 1
370.5 3808.66 -202.701 -69.056 1
370.6 3788.52 -201.895 -68.6933 1
370.7 3768.45 -201.093 -68.332 1
370.8 3748.46 -200.292 -67.9722 1
370.9 3728.55 -199.495 -67.6139 1
371 3708.72 -198.699 -67.2569 1
371.1 3688.97 -197.907 -66.9014 1
371.2 3669.29 -197.117 -66.5473 1
371.3 3649.7 -196.329 -66.1946 1
371.4 3630.18 -195.544 -65.8433 1
371.5 3610.75 -194.762 -65.4935 1
371.6 3591.39 -193.982 -65.145 1
371.7 3572.11 -193.204 -64.7979 1
371.8 3552.9 -192.429 -64.4523 1
371.9 3533.78 -191.656 -64.108 1
372 3514.73 -190.886 -63.7651 1
372.1 3495.75 -190.119 -63.4235 1
372.2 3476.85 -189.353 -63.0834 1
372.3 3458.03 -188.591 -62.7446 1
372.4 3439.29 -187.83 -62.4072 1
372.5 3420.62 -187.072 -62.0712 1
372.6 3402.03 -186.317 -61.7365 1
372.7 3383.51 -185.563 -61.4031 1
372.8 3365.06 -184.812 -61.0711 1
372.9 3346.69 -184.064 -60.7405 1
373 3328.4 -183.318 -60.4112 1
373.1 3310.18 -182.574 -60.0832 1
373.2 3292.03 -181.833 -59.7566 1
373.3 3273.96 -181.094 -59.4313 1
373.4 3255.96 -180.357 -59.1073 1
373.5 3238.04 -179.622 -58.7846 1
373.6 3220.18 -178.89 -58.4633 1
373.7 3202.4 -178.16 -58.1433 1
373.8 3184.7 -177.433 -57.8245 1
373.9 3167.06 -176.707 -57.5071 1
374 3149.5 -175.984 -57.191 1
374.1 3132.01 -175.263 -56.8762 1
374.2 3114.59 -174.545 -56.5626 1
374.3 3097.24 -173.828 -56.2504 1
374.4 3079.97 -173.114 -55.9394 1
374.5 3062.76 -172.402 -55.6297 1
374.6 3045.63 -171.692 -55.3213 1
374.7 3028.57 -170.985 -55.0142 1
374.8 3011.57 -170.28 -54.7083 1
374.9 2994.65 -169.576 -54.4037 1
375 2977.8 -168.875 -54.1004 1
375.1 2961.02 -168.176 -53.7983 1
375.2 2944.3 -167.479 -53.4975 1
375.3 2927.66 -166.785 -53.1979 1
375.4 2911.08 -166.092 -52.8995 1
375.5 2894.58 -165.402 -52.6024 1
375.6 2878.14 -164.714 -52.3066 1
375.7 2861.77 -164.027 -52.0119 1
375.8 2845.47 -163.343 -51.7185 1
375.9 2829.24 -162.661 -51.4263 1
376 2813.08 -161.981 -51.1354 1
376.1 2796.98 -161.303 -50.8457 1
376.2 2780.95 -160.627 -50.5571 1
376.3 2764.99 -159.953 -50.2698 1
376.4 2749.1 -159.281 -49.9837 1
376.5 2733.27 -158.611 -49.6988 1
376.6 2717.51 -157.944 -49.4151 1
376.7 2701.81 -157.278 -49.1326 1
376.8 2686.18 -156.614 -48.8513 1
376.9 2670.62 -155.952 -48.5712 1
377 2655.13 -155.292 -48.2923 1
377.1 2639.7 -154.634 -48.0145 1
377.2 2624.33 -153.978 -47.7379 1
377.3 2609.03 -153.324 -47.4625 1
377.4 2593.8 -152.672 -47.1883 1
377.5 2578.63 -152.021 -46.9153 1
377.6 2563.52 -151.373 -46.6434 1
377.7 2548.48 -150.726 -46.3727 1
377.8 2533.5 -150.082 -46.1031 1
377.9 2518.59 -149.439 -45.8347 1
378 2503.75 -148.798 -45.5674 1
378.1 2488.96 -148.159 -45.3013 1
378.2 2474.24 -147.522 -45.0363 1
378.3 2459.58 -146.887 -44.7725 1
378.4 2444.99 -146.254 -44.5098 1
378.5 2430.46 -145.622 -44.2483 1
378.6 2415.99 -144.992 -43.9878 1
378.7 2401.59 -144.364 -43.7286 1
378.8 2387.24 -143.738 -43.4704 1
378.9 2372.96 -143.113 -43.2133 1
379 2358.75 -142.491 -42.9574 1
379.1 2344.59 -141.87 -42.7026 1
379.2 2330.5 -141.251 -42.4489 1
379.3 2316.46 -140.634 -42.1963 1
379.4 2302.49 -140.018 -41.9449 1
379.5 2288.58 -139.404 -41.6945 1
379.6 2274.73 -138.792 -41.4452 1
379.7 2260.95 -138.181 -41.197 1
379.8 2247.22 -137.573 -40.9499 1
379.9 2233.55 -136.966 -40.704 1
380 2219.95 -136.36 -40.459 1
380.1 2206.4 -135.757 -40.2152 1
380.2 2192.92 -135.155 -39.9725 1
380.3 2179.49 -134.554 -39.7308 1
380.4 2166.12 -133.956 -39.4902 1
380.5 2152.82 -133.359 -39.2507 1
380.6 2139.57 -132.763 -39.0123 1
380.7 2126.38 -132.169 -38.7749 1
380.8 2113.26 -131.577 -38.5386 1
380.9 2100.19 -130.987 -38.3034 1
381 2087.18 -130.398 -38.0692 1
381.1 2074.23 -129.81 -37.8361 1
381.2 2061.33 -129.225 -37.604 1
381.3 2048.5 -128.64 -37.373 1
381.4 2035.72 -128.058 -37.143 1
381.5 2023 -127.477 -36.914 1
381.6 2010.34 -126.897 -36.6861 1
381.7 1997.74 -126.319 -36.4593 1
381.8 1985.19 -125.743 -36.2335 1
381.9 1972.7 -125.168 -36.0087 1
382 1960.27 -124.595 -35.7849 1
382.1 1947.9 -124.023 -35.5622 1
382.2 1935.58 -123.452 -35.3405 1
382.3 1923.32 -122.883 -35.1198 1
382.4 1911.12 -122.316 -34.9002 1
382.5 1898.97 -121.75 -34.6815 1
382.6 1886.88 -121.185 -34.4639 1
382.7 1874.85 -120.622 -34.2473 1
382.8 1862.87 -120.061 -34.0317 1
382.9 1850.95 -119.501 -33.8171 1
383 1839.08 -118.942 -33.6035 1
383.1 1827.27 -118.385 -33.3909 1
383.2 1815.52 -117.829 -33.1793 1
383.3 1803.82 -117.274 -32.9687 1
383.4 1792.17 -116.721 -32.7591 1
383.5 1780.58 -116.17 -32.5505 1
383.6 1769.05 -115.619 -32.3429 1
383.7 1757.57 -115.07 -32.1362 1
383.8 1746.14 -114.523 -31.9306 1
383.9 1734.77 -113.977 -31.7259 1
384 1723.46 -113.432 -31.5222 1
384.1 1712.2 -112.888 -31.3195 1
384.2 1700.99 -112.346 -31.1178 1
384.3 1689.83 -111.805 -30.917 1
384.4 1678.74 -111.266 -30.7172 1
384.5 1667.69 -110.728 -30.5184 1
384.6 1656.7 -110.191 -30.3205 1
384.7 1645.76 -109.655 -30.1237 1
384.8 1634.87 -109.121 -29.9277 1
384.9 1624.04 -108.588 -29.7327 1
385 1613.26 -108.056 -29.5387 1
385.1 1602.54 -107.526 -29.3456 1
385.2 1591.86 -106.996 -29.1535 1
385.3 1581.24 -106.468 -28.9624 1
385.4 1570.67 -105.942 -28.7721 1
385.5 1560.16 -105.416 -28.5829 1
385.6 1549.7 -104.892 -28.3945 1
385.7 1539.28 -104.369 -28.2071 1
385.8 1528.93 -103.847 -28.0207 1
385.9 1518.62 -103.326 -27.8352 1
386 1508.36 -102.807 -27.6506 1
386.1 1498.16 -102.289 -27.4669 1
386.2 1488.01 -101.772 -27.2842 1
386.3 1477.91 -101.256 -27.1024 1
386.4 1467.86 -100.741 -26.9215 1
386.5 1457.87 -100.227 -26.7416 1
386.6 1447.92 -99.715 -26.5625 1
386.7 1438.02 -99.2037 -26.3844 1
386.8 1428.18 -98.6936 -26.2073 1
386.9 1418.39 -98.1846 -26.031 1
387 1408.65 -97.6767 -25.8556 1
387.1 1398.95 -97.1699 -25.6812 1
387.2 1389.31 -96.6643 -25.5076 1
387.3 1379.72 -96.1597 -25.335 1
387.4 1370.18 -95.6562 -25.1633 1
387.5 1360.69 -95.1538 -24.9924 1
387.6 1351.25 -94.6525 -24.8225 1
387.7 1341.86 -94.1523 -24.6535 1
387.8 1332.52 -93.6531 -24.4854 1
387.9 1323.23 -93.155 -24.3181 1
388 1313.99 -92.658 -24.1518 1
388.1 1304.8 -92.1619 -23.9863 1
388.2 1295.66 -91.6669 -23.8218 1
388.3 1286.56 -91.173 -23.6581 1
388.4 1277.52 -90.6801 -23.4953 1
388.5 1268.52 -90.1881 -23.3334 1
388.6 1259.58 -89.6972 -23.1724 1
388.7 1250.68 -89.2073 -23.0123 1
388.8 1241.84 -88.7184 -22.853 1
388.9 1233.04 -88.2305 -22.6947 1
389 1224.29 -87.7435 -22.5372 1
389.1 1215.59 -87.2575 -22.3805 1
389.2 1206.93 -86.7725 -22.2248 1
389.3 1198.33 -86.2885 -22.0699 1
389.4 1189.77 -85.8053 -21.9159 1
389.5 1181.26 -85.3232 -21.7627 1
389.6 1172.8 -84.842 -21.6105 1
389.7 1164.39 -84.3617 -21.459 1
389.8 1156.03 -83.8823 -21.3085 1
389.9 1147.71 -83.4039 -21.1588 1
390 1139.44 -82.9263 -21.0099 1
390.1 1131.22 -82.4497 -20.862 1
390.2 1123.05 -81.974 -20.7148 1
390.3 1114.92 -81.4991 -20.5686 1
390.4 1106.84 -81.0252 -20.4232 1
390.5 1098.81 -80.5521 -20.2786 1
390.6 1090.83 -80.0799 -20.1349 1
390.7 1082.89 -79.6085 -19.992 1
390.8 1075 -79.138 -19.85 1
390.9 1067.15 -78.6684 -19.7088 1
391 1059.36 -78.1996 -19.5684 1
391.1 1051.61 -77.7316 -19.429 1
391.2 1043.91 -77.2645 -19.2903 1
391.3 1036.25 -76.7982 -19.1525 1
391.4 1028.64 -76.3327 -19.0155 1
391.5 1021.08 -75.868 -18.8794 1
391.6 1013.56 -75.4041 -18.744 1
391.7 1006.09 -74.9411 -18.6096 1
391.8 998.662 -74.4788 -18.4759 1
391.9 991.284 -74.0173 -18.3431 1
392 983.951 -73.5566 -18.2111 1
392.1 976.664 -73.0966 -18.08 1
392.2 969.424 -72.6374 -17.9496 1
392.3 962.229 -72.179 -17.8201 1
392.4 955.079 -71.7213 -17.6914 1
392.5 947.976 -71.2644 -17.5636 1
392.6 940.918 -70.8082 -17.4365 1
392.7 933.905 -70.3528 -17.3103 1
392.8 926.938 -69.8981 -17.1849 1
392.9 920.016 -69.4441 -17.0603 1
393 913.14 -68.9908 -16.9365 1
393.1 906.309 -68.5382 -16.8136 1
393.2 899.523 -68.0863 -16.6914 1
393.3 892.782 -67.6351 -16.5701 1
393.4 886.086 -67.1847 -16.4495 1
393.5 879.435 -66.7348 -16.3298 1
393.6 872.828 -66.2857 -16.2109 1
393.7 866.267 -65.8373 -16.0928 1
393.8 859.751 -65.3895 -15.9755 1
393.9 853.279 -64.9423 -15.859 1
394 846.851 -64.4958 -15.7433 1
394.1 840.469 -64.05 -15.6284 1
394.2 834.13 -63.6048 -15.5143 1
394.3 827.837 -63.1602 -15.4011 1
394.4 821.587 -62.7163 -15.2886 1
394.5 815.382 -62.273 -15.1769 1
394.6 809.221 -61.8303 -15.066 1
394.7 803.104 -61.3882 -14.9559 1
394.8 797.032 -60.9467 -14.8466 1
394.9 791.003 -60.5058 -14.7381 1
395 785.019 -60.0655 -14.6303 1
395.1 779.078 -59.6257 -14.5234 1
395.2 773.181 -59.1866 -14.4173 1
395.3 767.329 -58.748 -14.3119 1
395.4 761.519 -58.31 -14.2073 1
395.5 755.754 -57.8726 -14.1036 1
395.6 750.032 -57.4357 -14.0006 1
395.7 744.354 -56.9993 -13.8984 1
395.8 738.72 -56.5635 -13.797 1
395.9 733.128 -56.1283 -13.6963 1
396 727.581 -55.6935 -13.5965 1
396.1 722.077 -55.2593 -13.4974 1
396.2 716.616 -54.8256 -13.3991 1
396.3 711.198 -54.3924 -13.3016 1
396.4 705.824 -53.9598 -13.2048 1
396.5 700.493 -53.5276 -13.1089 1
396.6 695.205 -53.0959 -13.0137 1
396.7 689.96 -52.6647 -12.9193 1
396.8 684.758 -52.234 -12.8256 1
396.9 679.599 -51.8038 -12.7328 1
397 674.483 -51.374 -12.6407 1
397.1 669.41 -50.9447 -12.5494 1
397.2 664.38 -50.5159 -12.4588 1
397.3 659.392 -50.0875 -12.3691 1
397.4 654.448 -49.6595 -12.2801 1
397.5 649.546 -49.232 -12.1918 1
397.6 644.687 -48.805 -12.1044 1
397.7 639.87 -48.3783 -12.0177 1
397.8 635.096 -47.9521 -11.9317 1
397.9 630.365 -47.5263 -11.8466 1
398 625.676 -47.1009 -11.7622 1
398.1 621.03 -46.6759 -11.6785 1
398.2 616.426 -46.2513 -11.5957 1
398.3 611.865 -45.8272 -11.5136 1
398.4 607.345 -45.4034 -11.4322 1
398.5 602.869 -44.9799 -11.3516 1
398.6 598.434 -44.5569 -11.2718 1
398.7 594.042 -44.1342 -11.1928 1
398.8 589.692 -43.7119 -11.1144 1
398.9 585.384 -43.29 -11.0369 1
399 581.118 -42.8684 -10.9601 1
399.1 576.894 -42.4471 -10.8841 1
399.2 572.713 -42.0262 -10.8088 1
399.3 568.573 -41.6056 -10.7343 1
399.4 564.476 -41.1854 -10.6606 1
399.5 560.42 -40.7655 -10.5876 1
399.6 556.406 -40.3459 -10.5153 1
399.7 552.435 -39.9266 -10.4438 1
399.8 548.505 -39.5076 -10.3731 1
399.9 544.617 -39.0889 -10.3031 1
400 540.771 -38.6705 -10.2339 1
400.1 536.966 -38.2524 -10.1654 1
400.2 533.204 -37.8346 -10.0977 1
400.3 529.483 -37.4171 -10.0307 1
400.4 525.804 -36.9998 -9.96447 1
400.5 522.167 -36.5828 -9.899 1
400.6 518.571 -36.166 -9.83427 1
400.7 515.017 -35.7496 -9.7703 1
400.8 511.504 -35.3333 -9.70707 1
400.9 508.033 -34.9173 -9.6446 1
401 504.604 -34.5016 -9.58287 1
401.1 501.216 -34.086 -9.52189 1
401.2 497.87 -33.6707 -9.46165 1
401.3 494.565 -33.2556 -9.40217 1
401.4 491.301 -32.8408 -9.34343 1
401.5 488.08 -32.4261 -9.28543 1
401.6 484.899 -32.0117 -9.22818 1
401.7 481.76 -31.5974 -9.17168 1
401.8 478.662 -31.1833 -9.11592 1
401.9 475.606 -30.7694 -9.06091 1
402 472.591 -30.3557 -9.00664 1
402.1 469.618 -29.9422 -8.95312 1
402.2 466.686 -29.5288 -8.90034 1
402.3 463.795 -29.1156 -8.8483 1
402.4 460.945 -28.7026 -8.79701 1
402.5 458.137 -28.2896 -8.74646 1
402.6 455.37 -27.8769 -8.69665 1
402.7 452.644 -27.4643 -8.64759 1
402.8 449.959 -27.0518 -8.59927 1
402.9 447.316 -26.6394 -8.55169 1
403 444.714 -26.2272 -8.50485 1
403.1 442.153 -25.8151 -8.45875 1
403.2 439.633 -25.403 -8.4134 1
403.3 437.155 -24.9911 -8.36879 1
403.4 434.717 -24.5793 -8.32491 1
403.5 432.321 -24.1676 -8.28178 1
403.6 429.966 -23.756 -8.23939 1
403.7 427.652 -23.3444 -8.19774 1
403.8 425.38 -22.9329 -8.15683 1
403.9 423.148 -22.5215 -8.11666 1
404 420.958 -22.1102 -8.07724 1
404.1 418.808 -21.6989 -8.03855 1
404.2 416.7 -21.2876 -8.0006 1
404.3 414.633 -20.8764 -7.96339 1
404.4 412.607 -20.4653 -7.92693 1
404.5 410.622 -20.0541 -7.8912 1
404.6 408.678 -19.643 -7.85621 1
404.7 406.776 -19.232 -7.82196 1
404.8 404.914 -18.8209 -7.78846 1
404.9 403.094 -18.4098 -7.75569 1
405 401.314 -17.9988 -7.72366 1
405.1 399.576 -17.5877 -7.69237 1
405.2 397.879 -17.1767 -7.66182 1
405.3 396.223 -16.7656 -7.63202 1
405.4 394.608 -16.3545 -7.60295 1
405.5 393.034 -15.9434 -7.57462 1
405.6 391.502 -15.5322 -7.54703 1
405.7 390.01 -15.121 -7.52018 1
405.8 388.56 -14.7098 -7.49408 1
405.9 387.151 -14.2985 -7.46871 1
406 385.782 -13.8872 -7.44408 1
406.1 384.455 -13.4758 -7.4202 1
406.2 383.17 -13.0643 -7.39705 1
406.3 381.925 -12.6527 -7.37465 1
406.4 380.721 -12.2411 -7.35298 1
406.5 379.559 -11.8294 -7.33206 1
406.6 378.438 -11.4176 -7.31188 1
406.7 377.358 -11.0057 -7.29244 1
406.8 376.319 -10.5937 -7.27374 1
406.9 375.322 -10.1815 -7.25579 0.935148
407 374.36 -9.79472 -7.23848 0.861247
407.1 373.429 -9.46222 -7.22172 0.798098
407.2 372.523 -9.18338 -7.20542 0.745592
407.3 371.639 -8.94984 -7.1895 0.702068
407.4 370.773 -8.75392 -7.17391 0.666002
407.5 369.921 -8.58916 -7.15858 0.636115
407.6 369.083 -8.45023 -7.14349 0.611348
407.7 368.255 -8.33269 -7.12859 0.590821
407.8 367.436 -8.23288 -7.11385 0.573805
407.9 366.625 -8.14774 -7.09925 0.559698
408 365.821 -8.07478 -7.08478 0.548
408.1 365.023 -8.01189 -7.07041 0.538295
408.2 364.23 -7.95735 -7.05613 0.530243
408.3 363.441 -7.90972 -7.04194 0.523558
408.4 362.656 -7.86783 -7.02781 0.518005
408.5 361.875 -7.83069 -7.01375 0.513389
408.6 361.097 -7.79748 -6.99974 0.509549
408.7 360.321 -7.76754 -6.98578 0.506352
408.8 359.549 -7.74031 -6.97187 0.503687
408.9 358.778 -7.71531 -6.95801 0.501461
409 358.01 -7.69218 -6.94418 0.4996
409.1 357.244 -7.6706 -6.93039 0.498041
409.2 356.48 -7.6503 -6.91664 0.496732
409.3 355.718 -7.63107 -6.90292 0.495629
409.4 354.957 -7.61272 -6.88923 0.494697
409.5 354.199 -7.59511 -6.87558 0.493906
409.6 353.442 -7.57812 -6.86195 0.493233
409.7 352.687 -7.56164 -6.84836 0.492657
409.8 351.933 -7.54559 -6.83479 0.492161
409.9 351.181 -7.5299 -6.82125 0.491731
410 350.43 -7.51452 -6.80774 0.491356
410.1 349.681 -7.49939 -6.79425 0.491027
410.2 348.933 -7.48447 -6.78079 0.490735
410.3 348.187 -7.46973 -6.76736 0.490475
410.4 347.442 -7.45515 -6.75395 0.49024
410.5 346.699 -7.44071 -6.74057 0.490026
410.6 345.957 -7.42637 -6.72722 0.489831
410.7 345.216 -7.41214 -6.71389 0.489649
410.8 344.477 -7.39799 -6.70059 0.48948
410.9 343.739 -7.38391 -6.68731 0.489321
411 343.003 -7.36991 -6.67406 0.48917
411.1 342.268 -7.35596 -6.66083 0.489027
411.2 341.535 -7.34207 -6.64762 0.488888
411.3 340.803 -7.32822 -6.63445 0.488755
411.4 340.072 -7.31442 -6.62129 0.488625
411.5 339.342 -7.30066 -6.60816 0.488499
411.6 338.614 -7.28694 -6.59506 0.488376
411.7 337.888 -7.27325 -6.58198 0.488254
411.8 337.162 -7.2596 -6.56892 0.488135
411.9 336.439 -7.24598 -6.55589 0.488017
412 335.716 -7.23239 -6.54289 0.4879
412.1 334.995 -7.21883 -6.52991 0.487785
412.2 334.275 -7.2053 -6.51695 0.48767
412.3 333.556 -7.1918 -6.50402 0.487556
412.4 332.839 -7.17832 -6.49111 0.487443
412.5 332.123 -7.16487 -6.47822 0.48733
412.6 331.409 -7.15145 -6.46536 0.487218
412.7 330.696 -7.13806 -6.45252 0.487106
412.8 329.984 -7.12469 -6.43971 0.486995
412.9 329.274 -7.11134 -6.42692 0.486884
413 328.564 -7.09802 -6.41416 0.486773
413.1 327.857 -7.08473 -6.40142 0.486662
413.2 327.15 -7.07146 -6.3887 0.486552
413.3 326.445 -7.05822 -6.37601 0.486441
413.4 325.741 -7.045 -6.36334 0.486331
413.5 325.039 -7.0318 -6.35069 0.486221
413.6 324.337 -7.01863 -6.33807 0.486111
413.7 323.638 -7.00548 -6.32548 0.486001
413.8 322.939 -6.99236 -6.3129 0.485892
413.9 322.242 -6.97926 -6.30035 0.485782
414 321.546 -6.96619 -6.28782 0.485673
414.1 320.851 -6.95313 -6.27532 0.485563
414.2 320.158 -6.94011 -6.26284 0.485454
414.3 319.466 -6.9271 -6.25038 0.485345
414.4 318.775 -6.91412 -6.23795 0.485235
414.5 318.085 -6.90117 -6.22554 0.485126
414.6 317.397 -6.88824 -6.21315 0.485017
414.7 316.71 -6.87533 -6.20079 0.484908
414.8 316.025 -6.86244 -6.18844 0.4848
414.9 315.34 -6.84958 -6.17613 0.484691
415 314.657 -6.83674 -6.16383 0.484582
415.1 313.976 -6.82393 -6.15156 0.484473
415.2 313.295 -6.81114 -6.13931 0.484365
415.3 312.616 -6.79837 -6.12709 0.484256
415.4 311.938 -6.78562 -6.11488 0.484148
415.5 311.261 -6.7729 -6.1027 0.48404
415.6 310.586 -6.7602 -6.09055 0.483931
415.7 309.912 -6.74753 -6.07841 0.483823
415.8 309.239 -6.73488 -6.0663 0.483715
415.9 308.567 -6.72225 -6.05421 0.483607
416 307.897 -6.70964 -6.04215 0.483499
416.1 307.228 -6.69706 -6.0301 0.483391
416.2 306.56 -6.6845 -6.01808 0.483283
416.3 305.894 -6.67196 -6.00608 0.483175
416.4 305.228 -6.65945 -5.99411 0.483067
416.5 304.564 -6.64695 -5.98216 0.48296
416.6 303.901 -6.63448 -5.97022 0.482852
416.7 303.24 -6.62204 -5.95832 0.482744
416.8 302.579 -6.60961 -5.94643 0.482637
416.9 301.92 -6.59721 -5.93457 0.482529
417 301.262 -6.58484 -5.92272 0.482422
417.1 300.606 -6.57248 -5.91091 0.482315
417.2 299.95 -6.56015 -5.89911 0.482208
417.3 299.296 -6.54784 -5.88733 0.4821
417.4 298.643 -6.53555 -5.87558 0.481993
417.5 297.992 -6.52328 -5.86385 0.481886
417.6 297.341 -6.51104 -5.85214 0.481779
417.7 296.692 -6.49882 -5.84045 0.481672
417.8 296.044 -6.48662 -5.82879 0.481566
417.9 295.397 -6.47444 -5.81715 0.481459
418 294.751 -6.46228 -5.80552 0.481352
418.1 294.107 -6.45015 -5.79393 0.481245
418.2 293.464 -6.43804 -5.78235 0.481139
418.3 292.822 -6.42595 -5.77079 0.481032
418.4 292.181 -6.41389 -5.75926 0.480926
418.5 291.541 -6.40184 -5.74775 0.480819
418.6 290.903 -6.38982 -5.73625 0.480713
418.7 290.266 -6.37782 -5.72479 0.480607
418.8 289.63 -6.36584 -5.71334 0.480501
418.9 288.995 -6.35388 -5.70191 0.480395
419 288.361 -6.34195 -5.69051 0.480288
419.1 287.729 -6.33004 -5.67912 0.480182
419.2 287.098 -6.31814 -5.66776 0.480076
419.3 286.468 -6.30627 -5.65642 0.479971
419.4 285.839 -6.29443 -5.6451 0.479865
419.5 285.211 -6.2826 -5.6338 0.479759
419.6 284.585 -6.27079 -5.62253 0.479653
419.7 283.959 -6.25901 -5.61127 0.479548
419.8 283.335 -6.24725 -5.60004 0.479442
419.9 282.712 -6.23551 -5.58882 0.479337
420 282.091 -6.22379 -5.57763 0.479231
420.1 281.47 -6.21209 -5.56646 0.479126
420.2 280.85 -6.20041 -5.55531 0.479021
420.3 280.232 -6.18876 -5.54418 0.478915
420.4 279.615 -6.17712 -5.53307 0.47881
420.5 278.999 -6.16551 -5.52198 0.478705
420.6 278.384 -6.15392 -5.51092 0.4786
420.7 277.771 -6.14235 -5.49987 0.478495
420.8 277.158 -6.1308 -5.48885 0.47839
420.9 276.547 -6.11927 -5.47784 0.478285
421 275.937 -6.10776 -5.46686 0.47818
421.1 275.328 -6.09627 -5.4559 0.478076
421.2 274.72 -6.08481 -5.44495 0.477971
421.3 274.113 -6.07336 -5.43403 0.477866
421.4 273.507 -6.06194 -5.42313 0.477762
421.5 272.903 -6.05054 -5.41225 0.477657
421.6 272.299 -6.03915 -5.40139 0.477553
421.7 271.697 -6.02779 -5.39055 0.477448
421.8 271.096 -6.01645 -5.37973 0.477344
421.9 270.496 -6.00513 -5.36893 0.47724
422 269.897 -5.99383 -5.35815 0.477136
422.1 269.3 -5.98255 -5.34739 0.477032
422.2 268.703 -5.97129 -5.33666 0.476927
422.3 268.108 -5.96005 -5.32594 0.476823
422.4 267.513 -5.94884 -5.31524 0.47672
422.5 266.92 -5.93764 -5.30456 0.476616
422.6 266.328 -5.92646 -5.2939 0.476512
422.7 265.737 -5.91531 -5.28327 0.476408
422.8 265.147 -5.90417 -5.27265 0.476304
422.9 264.558 -5.89306 -5.26205 0.476201
423 263.971 -5.88196 -5.25147 0.476097
423.1 263.384 -5.87088 -5.24092 0.475994
423.2 262.799 -5.85983 -5.23038 0.47589
423.3 262.215 -5.84879 -5.21986 0.475787
423.4 261.631 -5.83778 -5.20936 0.475683
423.5 261.049 -5.82679 -5.19888 0.47558
423.6 260.468 -5.81581 -5.18843 0.475477
423.7 259.888 -5.80486 -5.17799 0.475374
423.8 259.309 -5.79392 -5.16757 0.475271
423.9 258.732 -5.78301 -5.15717 0.475168
424 258.155 -5.77211 -5.14679 0.475065
424.1 257.579 -5.76124 -5.13643 0.474962
424.2 257.005 -5.75038 -5.12609 0.474859
424.3 256.431 -5.73955 -5.11577 0.474756
424.4 255.859 -5.72873 -5.10546 0.474653
424.5 255.288 -5.71793 -5.09518 0.474551
424.6 254.718 -5.70716 -5.08492 0.474448
424.7 254.149 -5.6964 -5.07467 0.474345
424.8 253.581 -5.68566 -5.06445 0.474243
424.9 253.014 -5.67495 -5.05424 0.474141
425 252.448 -5.66425 -5.04406 0.474038
425.1 251.883 -5.65357 -5.03389 0.473936
425.2 251.319 -5.64291 -5.02374 0.473834
425.3 250.756 -5.63227 -5.01362 0.473731
425.4 250.195 -5.62165 -5.00351 0.473629
425.5 249.634 -5.61105 -4.99342 0.473527
425.6 249.075 -5.60047 -4.98334 0.473425
425.7 248.516 -5.58991 -4.97329 0.473323
425.8 247.959 -5.57936 -4.96326 0.473221
425.9 247.402 -5.56884 -4.95324 0.473119
426 246.847 -5.55834 -4.94325 0.473018
426.1 246.293 -5.54785 -4.93327 0.472916
426.2 245.74 -5.53738 -4.92331 0.472814
426.3 245.187 -5.52694 -4.91337 0.472712
426.4 244.636 -5.51651 -4.90345 0.472611
426.5 244.086 -5.5061 -4.89355 0.472509
426.6 243.537 -5.49571 -4.88367 0.472408
426.7 242.989 -5.48534 -4.87381 0.472307
426.8 242.442 -5.47499 -4.86396 0.472205
426.9 241.896 -5.46465 -4.85413 0.472104
427 241.351 -5.45434 -4.84432 0.472003
427.1 240.807 -5.44404 -4.83453 0.471902
427.2 240.265 -5.43376 -4.82476 0.4718
427.3 239.723 -5.42351 -4.81501 0.471699
427.4 239.182 -5.41327 -4.80527 0.471598
427.5 238.642 -5.40305 -4.79556 0.471498
427.6 238.103 -5.39284 -4.78586 0.471397
427.7 237.566 -5.38266 -4.77618 0.471296
427.8 237.029 -5.37249 -4.76652 0.471195
427.9 236.493 -5.36235 -4.75688 0.471094
428 235.958 -5.35222 -4.74725 0.470994
428.1 235.425 -5.34211 -4.73764 0.470893
428.2 234.892 -5.33202 -4.72806 0.470793
428.3 234.36 -5.32195 -4.71849 0.470692
428.4 233.83 -5.31189 -4.70893 0.470592
428.5 233.3 -5.30186 -4.6994 0.470491
428.6 232.771 -5.29184 -4.68988 0.470391
428.7 232.244 -5.28184 -4.68038 0.470291
428.8 231.717 -5.27186 -4.6709 0.470191
428.9 231.191 -5.26189 -4.66144 0.47009
429 230.667 -5.25195 -4.652 0.46999
429.1 230.143 -5.24202 -4.64257 0.46989
429.2 229.62 -5.23211 -4.63316 0.46979
429.3 229.098 -5.22222 -4.62377 0.46969
429.4 228.578 -5.21235 -4.6144 0.469591
429.5 228.058 -5.2025 -4.60504 0.469491
429.6 227.539 -5.19266 -4.5957 0.469391
429.7 227.021 -5.18284 -4.58638 0.469291
429.8 226.504 -5.17304 -4.57708 0.469192
429.9 225.989 -5.16326 -4.5678 0.469092
430 225.474 -5.15349 -4.55853 0.468993
430.1 224.96 -5.14374 -4.54928 0.468893
430.2 224.447 -5.13401 -4.54005 0.468794
430.3 223.935 -5.1243 -4.53083 0.468694
430.4 223.424 -5.11461 -4.52163 0.468595
430.5 222.914 -5.10493 -4.51245 0.468496
430.6 222.405 -5.09527 -4.50329 0.468397
430.7 221.897 -5.08563 -4.49414 0.468297
430.8 221.39 -5.07601 -4.48502 0.468198
430.9 220.884 -5.0664 -4.47591 0.468099
431 220.378 -5.05681 -4.46681 0.468
431.1 219.874 -5.04724 -4.45774 0.467901
431.2 219.371 -5.03769 -4.44868 0.467803
431.3 218.869 -5.02815 -4.43963 0.467704
431.4 218.367 -5.01863 -4.43061 0.467605
431.5 217.867 -5.00913 -4.4216 0.467506
431.6 217.367 -4.99965 -4.41261 0.467408
431.7 216.869 -4.99018 -4.40364 0.467309
431.8 216.371 -4.98073 -4.39468 0.46721
431.9 215.874 -4.9713 -4.38574 0.467112
432 215.379 -4.96188 -4.37682 0.467014
432.1 214.884 -4.95249 -4.36791 0.466915
432.2 214.39 -4.94311 -4.35902 0.466817
432.3 213.897 -4.93374 -4.35015 0.466719
432.4 213.405 -4.9244 -4.34129 0.46662
432.5 212.914 -4.91507 -4.33246 0.466522
432.6 212.424 -4.90575 -4.32363 0.466424
432.7 211.935 -4.89646 -4.31483 0.466326
432.8 211.447 -4.88718 -4.30604 0.466228
432.9 210.959 -4.87792 -4.29727 0.46613
433 210.473 -4.86867 -4.28851 0.466032
433.1 209.987 -4.85944 -4.27977 0.465934
433.2 209.503 -4.85023 -4.27105 0.465836
433.3 209.019 -4.84104 -4.26235 0.465739
433.4 208.536 -4.83186 -4.25366 0.465641
433.5 208.055 -4.8227 -4.24498 0.465543
433.6 207.574 -4.81356 -4.23633 0.465446
433.7 207.094 -4.80443 -4.22769 0.465348
433.8 206.615 -4.79532 -4.21906 0.465251
433.9 206.137 -4.78622 -4.21046 0.465153
434 205.659 -4.77715 -4.20187 0.465056
434.1 205.183 -4.76809 -4.19329 0.464959
434.2 204.707 -4.75904 -4.18473 0.464861
434.3 204.233 -4.75001 -4.17619 0.464764
434.4 203.759 -4.741 -4.16767 0.464667
434.5 203.287 -4.73201 -4.15916 0.46457
434.6 202.815 -4.72303 -4.15066 0.464473
434.7 202.344 -4.71407 -4.14219 0.464376
434.8 201.874 -4.70512 -4.13373 0.464279
434.9 201.404 -4.69619 -4.12528 0.464182
435 200.936 -4.68728 -4.11685 0.464085
435.1 200.469 -4.67838 -4.10844 0.463988
435.2 200.002 -4.6695 -4.10004 0.463892
435.3 199.537 -4.66063 -4.09166 0.463795
435.4 199.072 -4.65179 -4.08329 0.463698
435.5 198.608 -4.64295 -4.07495 0.463602
435.6 198.145 -4.63414 -4.06661 0.463505
435.7 197.683 -4.62534 -4.05829 0.463409
435.8 197.222 -4.61655 -4.04999 0.463312
435.9 196.761 -4.60779 -4.04171 0.463216
436 196.302 -4.59903 -4.03344 0.463119
436.1 195.843 -4.5903 -4.02518 0.463023
436.2 195.386 -4.58158 -4.01694 0.462927
436.3 194.929 -4.57287 -4.00872 0.462831
436.4 194.473 -4.56418 -4.00051 0.462735
436.5 194.018 -4.55551 -3.99232 0.462639
436.6 193.563 -4.54685 -3.98414 0.462543
436.7 193.11 -4.53821 -3.97598 0.462447
436.8 192.658 -4.52959 -3.96784 0.462351
436.9 192.206 -4.52098 -3.95971 0.462255
437 191.755 -4.51239 -3.95159 0.462159
437.1 191.305 -4.50381 -3.94349 0.462063
437.2 190.856 -4.49525 -3.93541 0.461967
437.3 190.408 -4.4867 -3.92734 0.461872
437.4 189.96 -4.47817 -3.91929 0.461776
437.5 189.514 -4.46965 -3.91125 0.461681
437.6 189.068 -4.46115 -3.90323 0.461585
437.7 188.623 -4.45267 -3.89522 0.46149
437.8 188.179 -4.4442 -3.88723 0.461394
437.9 187.736 -4.43574 -3.87925 0.461299
438 187.294 -4.42731 -3.87129 0.461203
438.1 186.852 -4.41888 -3.86334 0.461108
438.2 186.412 -4.41048 -3.85541 0.461013
438.3 185.972 -4.40208 -3.8475 0.460918
438.4 185.533 -4.39371 -3.83959 0.460823
438.5 185.095 -4.38535 -3.83171 0.460727
438.6 184.658 -4.377 -3.82384 0.460632
438.7 184.221 -4.36867 -3.81598 0.460537
438.8 183.786 -4.36035 -3.80814 0.460443
438.9 183.351 -4.35205 -3.80031 0.460348
439 182.917 -4.34377 -3.7925 0.460253
439.1 182.484 -4.3355 -3.78471 0.460158
439.2 182.051 -4.32724 -3.77692 0.460063
439.3 181.62 -4.319 -3.76916 0.459969
439.4 181.189 -4.31078 -3.76141 0.459874
439.5 180.759 -4.30256 -3.75367 0.459779
439.6 180.33 -4.29437 -3.74595 0.459685
439.7 179.902 -4.28619 -3.73824 0.45959
439.8 179.475 -4.27802 -3.73054 0.459496
439.9 179.048 -4.26987 -3.72287 0.459401
440 178.622 -4.26174 -3.7152 0.459307
440.1 178.197 -4.25362 -3.70755 0.459213
440.2 177.773 -4.24551 -3.69992 0.459119
440.3 177.35 -4.23742 -3.6923 0.459024
440.4 176.927 -4.22934 -3.68469 0.45893
440.5 176.506 -4.22128 -3.6771 0.458836
440.6 176.085 -4.21324 -3.66953 0.458742
440.7 175.665 -4.2052 -3.66196 0.458648
440.8 175.245 -4.19719 -3.65442 0.458554
440.9 174.827 -4.18918 -3.64688 0.45846
441 174.409 -4.18119 -3.63936 0.458366
441.1 173.992 -4.17322 -3.63186 0.458272
441.2 173.576 -4.16526 -3.62437 0.458179
441.3 173.161 -4.15732 -3.61689 0.458085
441.4 172.746 -4.14939 -3.60943 0.457991
441.5 172.332 -4.14147 -3.60198 0.457898
441.6 171.919 -4.13357 -3.59455 0.457804
441.7 171.507 -4.12568 -3.58713 0.457711
441.8 171.096 -4.11781 -3.57973 0.457617
441.9 170.685 -4.10995 -3.57233 0.457524
442 170.275 -4.10211 -3.56496 0.45743
442.1 169.866 -4.09428 -3.5576 0.457337
442.2 169.458 -4.08646 -3.55025 0.457244
442.3 169.051 -4.07866 -3.54291 0.45715
442.4 168.644 -4.07088 -3.53559 0.457057
442.5 168.238 -4.0631 -3.52828 0.456964
442.6 167.833 -4.05535 -3.52099 0.456871
442.7 167.429 -4.0476 -3.51371 0.456778
442.8 167.025 -4.03987 -3.50645 0.456685
442.9 166.622 -4.03216 -3.4992 0.456592
443 166.22 -4.02446 -3.49196 0.456499
443.1 165.819 -4.01677 -3.48474 0.456406
443.2 165.418 -4.00909 -3.47753 0.456313
443.3 165.018 -4.00143 -3.47033 0.45622
443.4 164.619 -3.99379 -3.46315 0.456128
443.5 164.221 -3.98616 -3.45598 0.456035
443.6 163.824 -3.97854 -3.44883 0.455942
443.7 163.427 -3.97094 -3.44169 0.45585
443.8 163.031 -3.96335 -3.43456 0.455757
443.9 162.636 -3.95577 -3.42745 0.455665
444 162.241 -3.94821 -3.42035 0.455572
444.1 161.848 -3.94066 -3.41326 0.45548
444.2 161.455 -3.93312 -3.40619 0.455387
444.3 161.063 -3.9256 -3.39913 0.455295
444.4 160.671 -3.9181 -3.39208 0.455203
444.5 160.281 -3.9106 -3.38505 0.455111
444.6 159.891 -3.90312 -3.37803 0.455018
444.7 159.501 -3.89566 -3.37102 0.454926
444.8 159.113 -3.8882 -3.36403 0.454834
444.9 158.725 -3.88076 -3.35705 0.454742
445 158.338 -3.87334 -3.35009 0.45465
445.1 157.952 -3.86593 -3.34314 0.454558
445.2 157.567 -3.85853 -3.3362 0.454466
445.3 157.182 -3.85114 -3.32927 0.454374
445.4 156.798 -3.84377 -3.32236 0.454283
445.5 156.415 -3.83642 -3.31546 0.454191
445.6 156.032 -3.82907 -3.30858 0.454099
445.7 155.65 -3.82174 -3.3017 0.454007
445.8 155.269 -3.81442 -3.29484 0.453916
445.9 154.889 -3.80712 -3.288 0.453824
446 154.509 -3.79983 -3.28116 0.453733
446.1 154.13 -3.79255 -3.27434 0.453641
446.2 153.752 -3.78529 -3.26754 0.45355
446.3 153.375 -3.77803 -3.26074 0.453458
446.4 152.998 -3.7708 -3.25396 0.453367
446.5 152.622 -3.76357 -3.24719 0.453276
446.6 152.247 -3.75636 -3.24044 0.453184
446.7 151.872 -3.74916 -3.2337 0.453093
446.8 151.498 -3.74198 -3.22697 0.453002
446.9 151.125 -3.73481 -3.22025 0.452911
447 150.753 -3.72765 -3.21355 0.45282
447.1 150.381 -3.7205 -3.20686 0.452728
447.2 150.01 -3.71337 -3.20018 0.452637
447.3 149.64 -3.70625 -3.19352 0.452546
447.4 149.27 -3.69914 -3.18686 0.452456
447.5 148.901 -3.69205 -3.18022 0.452365
447.6 148.533 -3.68497 -3.1736 0.452274
447.7 148.166 -3.6779 -3.16698 0.452183
447.8 147.799 -3.67084 -3.16038 0.452092
447.9 147.433 -3.6638 -3.15379 0.452002
448 147.068 -3.65677 -3.14722 0.451911
448.1 146.703 -3.64976 -3.14066 0.45182
448.2 146.339 -3.64275 -3.1341 0.45173
448.3 145.976 -3.63576 -3.12757 0.451639
448.4 145.613 -3.62878 -3.12104 0.451549
448.5 145.252 -3.62182 -3.11453 0.451458
448.6 144.89 -3.61487 -3.10803 0.451368
448.7 144.53 -3.60793 -3.10154 0.451277
448.8 144.17 -3.601 -3.09506 0.451187
448.9 143.811 -3.59408 -3.0886 0.451097
449 143.453 -3.58718 -3.08215 0.451007
449.1 143.095 -3.58029 -3.07571 0.450916
449.2 142.738 -3.57342 -3.06929 0.450826
449.3 142.382 -3.56655 -3.06287 0.450736
449.4 142.026 -3.5597 -3.05647 0.450646
449.5 141.671 -3.55286 -3.05008 0.450556
449.6 141.317 -3.54604 -3.04371 0.450466
449.7 140.963 -3.53922 -3.03734 0.450376
449.8 140.61 -3.53242 -3.03099 0.450286
449.9 140.258 -3.52563 -3.02465 0.450196
450 139.907 -3.51885 -3.01832 0.450107
450.1 139.556 -3.51209 -3.012 0.450017
450.2 139.206 -3.50534 -3.0057 0.449927
450.3 138.856 -3.4986 -2.99941 0.449837
450.4 138.507 -3.49187 -2.99313 0.449748
450.5 138.159 -3.48515 -2.98686 0.449658
450.6 137.812 -3.47845 -2.98061 0.449569
450.7 137.465 -3.47176 -2.97437 0.449479
450.8 137.119 -3.46508 -2.96813 0.44939
450.9 136.773 -3.45842 -2.96191 0.4493
451 136.428 -3.45176 -2.95571 0.449211
451.1 136.084 -3.44512 -2.94951 0.449121
451.2 135.741 -3.43849 -2.94333 0.449032
451.3 135.398 -3.43187 -2.93716 0.448943
451.4 135.055 -3.42527 -2.931 0.448854
451.5 134.714 -3.41867 -2.92485 0.448765
451.6 134.373 -3.41209 -2.91871 0.448675
451.7 134.033 -3.40552 -2.91259 0.448586
451.8 133.693 -3.39896 -2.90648 0.448497
451.9 133.354 -3.39242 -2.90038 0.448408
452 133.016 -3.38589 -2.89429 0.448319
452.1 132.678 -3.37936 -2.88821 0.44823
452.2 132.341 -3.37285 -2.88215 0.448141
452.3 132.005 -3.36636 -2.87609 0.448053
452.4 131.67 -3.35987 -2.87005 0.447964
452.5 131.334 -3.3534 -2.86402 0.447875
452.6 131 -3.34693 -2.858 0.447786
452.7 130.666 -3.34048 -2.852 0.447698
452.8 130.333 -3.33404 -2.846 0.447609
452.9 130.001 -3.32762 -2.84002 0.44752
453 129.669 -3.3212 -2.83404 0.447432
453.1 129.338 -3.3148 -2.82808 0.447343
453.2 129.007 -3.30841 -2.82213 0.447255
453.3 128.678 -3.30203 -2.8162 0.447166
453.4 128.348 -3.29566 -2.81027 0.447078
453.5 128.02 -3.2893 -2.80435 0.44699
453.6 127.692 -3.28296 -2.79845 0.446901
453.7 127.364 -3.27662 -2.79256 0.446813
453.8 127.038 -3.2703 -2.78668 0.446725
453.9 126.712 -3.26399 -2.78081 0.446637
454 126.386 -3.25769 -2.77495 0.446549
454.1 126.061 -3.2514 -2.7691 0.44646
454.2 125.737 -3.24513 -2.76327 0.446372
454.3 125.413 -3.23886 -2.75744 0.446284
454.4 125.091 -3.23261 -2.75163 0.446196
454.5 124.768 -3.22637 -2.74583 0.446108
454.6 124.446 -3.22014 -2.74004 0.44602
454.7 124.125 -3.21392 -2.73426 0.445933
454.8 123.805 -3.20771 -2.72849 0.445845
454.9 123.485 -3.20152 -2.72273 0.445757
455 123.166 -3.19533 -2.71699 0.445669
455.1 122.847 -3.18916 -2.71125 0.445582
455.2 122.529 -3.183 -2.70553 0.445494
455.3 122.212 -3.17685 -2.69981 0.445406
455.4 121.895 -3.17071 -2.69411 0.445319
455.5 121.579 -3.16458 -2.68842 0.445231
455.6 121.263 -3.15846 -2.68274 0.445144
455.7 120.949 -3.15235 -2.67707 0.445056
455.8 120.634 -3.14626 -2.67142 0.444969
455.9 120.32 -3.14018 -2.66577 0.444881
456 120.007 -3.1341 -2.66013 0.444794
456.1 119.695 -3.12804 -2.65451 0.444707
456.2 119.383 -3.12199 -2.64889 0.444619
456.3 119.072 -3.11595 -2.64329 0.444532
456.4 118.761 -3.10992 -2.6377 0.444445
456.5 118.451 -3.10391 -2.63212 0.444358
456.6 118.141 -3.0979 -2.62655 0.444271
456.7 117.833 -3.0919 -2.62099 0.444184
456.8 117.524 -3.08592 -2.61544 0.444097
456.9 117.217 -3.07995 -2.6099 0.44401
457 116.909 -3.07398 -2.60437 0.443923
457.1 116.603 -3.06803 -2.59885 0.443836
457.2 116.297 -3.06209 -2.59335 0.443749
457.3 115.992 -3.05616 -2.58785 0.443662
457.4 115.687 -3.05024 -2.58237 0.443575
457.5 115.383 -3.04433 -2.57689 0.443488
457.6 115.079 -3.03844 -2.57143 0.443402
457.7 114.776 -3.03255 -2.56597 0.443315
457.8 114.474 -3.02667 -2.56053 0.443228
457.9 114.172 -3.02081 -2.5551 0.443142
458 113.871 -3.01495 -2.54968 0.443055
458.1 113.57 -3.00911 -2.54427 0.442969
458.2 113.27 -3.00328 -2.53887 0.442882
458.3 112.971 -2.99745 -2.53348 0.442796
458.4 112.672 -2.99164 -2.5281 0.442709
458.5 112.374 -2.98584 -2.52273 0.442623
458.6 112.076 -2.98005 -2.51737 0.442536
458.7 111.779 -2.97427 -2.51202 0.44245
458.8 111.482 -2.9685 -2.50668 0.442364
458.9 111.186 -2.96274 -2.50135 0.442278
459 110.891 -2.95699 -2.49604 0.442191
459.1 110.596 -2.95125 -2.49073 0.442105
459.2 110.302 -2.94553 -2.48543 0.442019
459.3 110.008 -2.93981 -2.48015 0.441933
459.4 109.715 -2.9341 -2.47487 0.441847
459.5 109.422 -2.92841 -2.4696 0.441761
459.6 109.13 -2.92272 -2.46435 0.441675
459.7 108.839 -2.91705 -2.4591 0.441589
459.8 108.548 -2.91138 -2.45387 0.441503
459.9 108.258 -2.90573 -2.44864 0.441417
460 107.968 -2.90008 -2.44343 0.441331
460.1 107.679 -2.89445 -2.43822 0.441246
460.2 107.39 -2.88883 -2.43303 0.44116
460.3 107.102 -2.88321 -2.42784 0.441074
460.4 106.815 -2.87761 -2.42267 0.440989
460.5 106.528 -2.87202 -2.4175 0.440903
460.6 106.242 -2.86643 -2.41235 0.440817
460.7 105.956 -2.86086 -2.4072 0.440732
460.8 105.67 -2.8553 -2.40207 0.440646
460.9 105.386 -2.84975 -2.39694 0.440561
461 105.102 -2.84421 -2.39183 0.440475
461.1 104.818 -2.83867 -2.38672 0.44039
461.2 104.535 -2.83315 -2.38163 0.440305
461.3 104.253 -2.82764 -2.37655 0.440219
461.4 103.971 -2.82214 -2.37147 0.440134
461.5 103.689 -2.81665 -2.36641 0.440049
461.6 103.408 -2.81117 -2.36135 0.439963
461.7 103.128 -2.8057 -2.3563 0.439878
461.8 102.848 -2.80023 -2.35127 0.439793
461.9 102.569 -2.79478 -2.34624 0.439708
462 102.29 -2.78934 -2.34123 0.439623
462.1 102.012 -2.78391 -2.33622 0.439538
462.2 101.735 -2.77849 -2.33123 0.439453
462.3 101.458 -2.77308 -2.32624 0.439368
462.4 101.181 -2.76768 -2.32126 0.439283
462.5 100.905 -2.76228 -2.31629 0.439198
462.6 100.63 -2.7569 -2.31134 0.439113
462.7 100.355 -2.75153 -2.30639 0.439028
462.8 100.081 -2.74617 -2.30145 0.438944
462.9 99.8068 -2.74082 -2.29652 0.438859
463 99.5335 -2.73547 -2.2916 0.438774
463.1 99.2607 -2.73014 -2.28669 0.438689
463.2 98.9885 -2.72482 -2.28179 0.438605
463.3 98.7168 -2.7195 -2.2769 0.43852
463.4 98.4457 -2.7142 -2.27202 0.438436
463.5 98.1751 -2.70891 -2.26715 0.438351
463.6 97.905 -2.70362 -2.26229 0.438266
463.7 97.6354 -2.69835 -2.25744 0.438182
463.8 97.3663 -2.69308 -2.25259 0.438098
463.9 97.0978 -2.68783 -2.24776 0.438013
464 96.8298 -2.68258 -2.24294 0.437929
464.1 96.5624 -2.67734 -2.23812 0.437845
464.2 96.2954 -2.67212 -2.23332 0.43776
464.3 96.029 -2.6669 -2.22852 0.437676
464.4 95.7631 -2.66169 -2.22374 0.437592
464.5 95.4977 -2.6565 -2.21896 0.437508
464.6 95.2328 -2.65131 -2.21419 0.437423
464.7 94.9684 -2.64613 -2.20943 0.437339
464.8 94.7046 -2.64096 -2.20468 0.437255
464.9 94.4413 -2.6358 -2.19994 0.437171
465 94.1785 -2.63065 -2.19521 0.437087
465.1 93.9162 -2.62551 -2.19049 0.437003
465.2 93.6544 -2.62038 -2.18578 0.436919
465.3 93.3931 -2.61525 -2.18108 0.436835
465.4 93.1324 -2.61014 -2.17638 0.436751
465.5 92.8721 -2.60504 -2.1717 0.436668
465.6 92.6124 -2.59994 -2.16702 0.436584
465.7 92.3532 -2.59486 -2.16236 0.4365
465.8 92.0944 -2.58978 -2.1577 0.436416
465.9 91.8362 -2.58472 -2.15305 0.436333
466 91.5785 -2.57966 -2.14841 0.436249
466.1 91.3213 -2.57461 -2.14378 0.436165
466.2 91.0646 -2.56957 -2.13916 0.436082
466.3 90.8084 -2.56454 -2.13455 0.435998
466.4 90.5527 -2.55952 -2.12995 0.435915
466.5 90.2975 -2.55451 -2.12535 0.435831
466.6 90.0428 -2.54951 -2.12077 0.435748
466.7 89.7886 -2.54452 -2.11619 0.435664
466.8 89.5349 -2.53953 -2.11163 0.435581
466.9 89.2817 -2.53456 -2.10707 0.435498
467 89.029 -2.52959 -2.10252 0.435414
467.1 88.7767 -2.52464 -2.09798 0.435331
467.2 88.525 -2.51969 -2.09345 0.435248
467.3 88.2738 -2.51475 -2.08893 0.435165
467.4 88.0231 -2.50982 -2.08441 0.435081
467.5 87.7728 -2.5049 -2.07991 0.434998
467.6 87.5231 -2.49999 -2.07541 0.434915
467.7 87.2738 -2.49509 -2.07093 0.434832
467.8 87.025 -2.4902 -2.06645 0.434749
467.9 86.7767 -2.48531 -2.06198 0.434666
468 86.5289 -2.48044 -2.05752 0.434583
468.1 86.2816 -2.47557 -2.05307 0.4345
468.2 86.0348 -2.47071 -2.04863 0.434417
468.3 85.7884 -2.46586 -2.04419 0.434334
468.4 85.5426 -2.46102 -2.03977 0.434251
468.5 85.2972 -2.45619 -2.03535 0.434169
468.6 85.0523 -2.45137 -2.03094 0.434086
468.7 84.8079 -2.44656 -2.02654 0.434003
468.8 84.564 -2.44175 -2.02215 0.43392
468.9 84.3205 -2.43696 -2.01777 0.433838
469 84.0775 -2.43217 -2.0134 0.433755
469.1 83.835 -2.42739 -2.00903 0.433673
469.2 83.593 -2.42262 -2.00467 0.43359
469.3 83.3514 -2.41786 -2.00033 0.433507
469.4 83.1104 -2.41311 -1.99599 0.433425
469.5 82.8698 -2.40837 -1.99166 0.433342
469.6 82.6296 -2.40363 -1.98733 0.43326
469.7 82.39 -2.39891 -1.98302 0.433178
469.8 82.1508 -2.39419 -1.97871 0.433095
469.9 81.9121 -2.38948 -1.97442 0.433013
470 81.6739 -2.38478 -1.97013 0.432931
470.1 81.4361 -2.38009 -1.96585 0.432848
470.2 81.1988 -2.37541 -1.96158 0.432766
470.3 80.9619 -2.37073 -1.95731 0.432684
470.4 80.7256 -2.36607 -1.95306 0.432602
470.5 80.4896 -2.36141 -1.94881 0.43252
470.6 80.2542 -2.35676 -1.94458 0.432437
470.7 80.0192 -2.35212 -1.94035 0.432355
470.8 79.7847 -2.34749 -1.93612 0.432273
470.9 79.5507 -2.34287 -1.93191 0.432191
471 79.3171 -2.33825 -1.92771 0.432109
471.1 79.0839 -2.33365 -1.92351 0.432027
471.2 78.8512 -2.32905 -1.91932 0.431945
471.3 78.619 -2.32446 -1.91514 0.431864
471.4 78.3873 -2.31988 -1.91097 0.431782
471.5 78.156 -2.31531 -1.90681 0.4317
471.6 77.9251 -2.31074 -1.90265 0.431618
471.7 77.6947 -2.30619 -1.89851 0.431536
471.8 77.4648 -2.30164 -1.89437 0.431455
471.9 77.2353 -2.2971 -1.89024 0.431373
472 77.0063 -2.29257 -1.88611 0.431291
472.1 76.7777 -2.28805 -1.882 0.43121
472.2 76.5496 -2.28353 -1.87789 0.431128
472.3 76.3219 -2.27903 -1.87379 0.431047
472.4 76.0947 -2.27453 -1.8697 0.430965
472.5 75.8679 -2.27004 -1.86562 0.430883
472.6 75.6416 -2.26556 -1.86155 0.430802
472.7 75.4157 -2.26109 -1.85748 0.430721
472.8 75.1902 -2.25662 -1.85342 0.430639
472.9 74.9652 -2.25216 -1.84937 0.430558
473 74.7407 -2.24771 -1.84533 0.430476
473.1 74.5166 -2.24327 -1.8413 0.430395
473.2 74.2929 -2.23884 -1.83727 0.430314
473.3 74.0697 -2.23442 -1.83325 0.430233
473.4 73.8469 -2.23 -1.82924 0.430151
473.5 73.6246 -2.22559 -1.82524 0.43007
473.6 73.4027 -2.22119 -1.82125 0.429989
473.7 73.1812 -2.2168 -1.81726 0.429908
473.8 72.9602 -2.21242 -1.81328 0.429827
473.9 72.7396 -2.20804 -1.80931 0.429746
474 72.5195 -2.20367 -1.80535 0.429665
474.1 72.2997 -2.19931 -1.8014 0.429584
474.2 72.0805 -2.19496 -1.79745 0.429503
474.3 71.8616 -2.19062 -1.79351 0.429422
474.4 71.6432 -2.18628 -1.78958 0.429341
474.5 71.4252 -2.18196 -1.78565 0.42926
474.6 71.2077 -2.17764 -1.78174 0.429179
474.7 70.9906 -2.17332 -1.77783 0.429099
474.8 70.7739 -2.16902 -1.77393 0.429018
474.9 70.5576 -2.16472 -1.77004 0.428937
475 70.3418 -2.16043 -1.76615 0.428856
475.1 70.1264 -2.15615 -1.76228 0.428776
475.2 69.9114 -2.15188 -1.75841 0.428695
475.3 69.6969 -2.14762 -1.75454 0.428614
475.4 69.4827 -2.14336 -1.75069 0.428534
475.5 69.269 -2.13911 -1.74684 0.428453
475.6 69.0558 -2.13487 -1.743 0.428373
475.7 68.8429 -2.13063 -1.73917 0.428292
475.8 68.6305 -2.12641 -1.73535 0.428212
475.9 68.4185 -2.12219 -1.73153 0.428131
476 68.2069 -2.11798 -1.72772 0.428051
476.1 67.9957 -2.11378 -1.72392 0.427971
476.2 67.785 -2.10958 -1.72013 0.42789
476.3 67.5746 -2.10539 -1.71634 0.42781
476.4 67.3647 -2.10121 -1.71257 0.42773
476.5 67.1552 -2.09704 -1.70879 0.427649
476.6 66.9462 -2.09288 -1.70503 0.427569
476.7 66.7375 -2.08872 -1.70127 0.427489
476.8 66.5292 -2.08457 -1.69753 0.427409
476.9 66.3214 -2.08043 -1.69379 0.427329
477 66.114 -2.0763 -1.69005 0.427249
477.1 65.907 -2.07217 -1.68633 0.427169
477.2 65.7004 -2.06805 -1.68261 0.427089
477.3 65.4942 -2.06394 -1.6789 0.427009
477.4 65.2884 -2.05983 -1.67519 0.426929
477.5 65.083 -2.05574 -1.67149 0.426849
477.6 64.8781 -2.05165 -1.66781 0.426769
477.7 64.6735 -2.04757 -1.66412 0.426689
477.8 64.4694 -2.04349 -1.66045 0.426609
477.9 64.2656 -2.03943 -1.65678 0.426529
478 64.0623 -2.03537 -1.65312 0.426449
478.1 63.8594 -2.03132 -1.64947 0.42637
478.2 63.6569 -2.02727 -1.64582 0.42629
478.3 63.4547 -2.02324 -1.64219 0.42621
478.4 63.253 -2.01921 -1.63855 0.426131
478.5 63.0517 -2.01519 -1.63493 0.426051
478.6 62.8508 -2.01117 -1.63131 0.425971
478.7 62.6503 -2.00716 -1.6277 0.425892
478.8 62.4501 -2.00316 -1.6241 0.425812
478.9 62.2504 -1.99917 -1.62051 0.425733
479 62.0511 -1.99519 -1.61692 0.425653
479.1 61.8522 -1.99121 -1.61334 0.425574
479.2 61.6537 -1.98724 -1.60977 0.425494
479.3 61.4555 -1.98327 -1.6062 0.425415
479.4 61.2578 -1.97932 -1.60264 0.425335
479.5 61.0605 -1.97537 -1.59909 0.425256
479.6 60.8635 -1.97143 -1.59554 0.425177
479.7 60.667 -1.96749 -1.59201 0.425098
479.8 60.4708 -1.96357 -1.58847 0.425018
479.9 60.275 -1.95965 -1.58495 0.424939
480 60.0797 -1.95573 -1.58143 0.42486
480.1 59.8847 -1.95183 -1.57792 0.424781
480.2 59.6901 -1.94793 -1.57442 0.424701
480.3 59.4959 -1.94404 -1.57093 0.424622
480.4 59.302 -1.94015 -1.56744 0.424543
480.5 59.1086 -1.93628 -1.56395 0.424464
480.6 58.9156 -1.93241 -1.56048 0.424385
480.7 58.7229 -1.92854 -1.55701 0.424306
480.8 58.5306 -1.92469 -1.55355 0.424227
480.9 58.3387 -1.92084 -1.5501 0.424148
481 58.1472 -1.917 -1.54665 0.424069
481.1 57.9561 -1.91316 -1.54321 0.423991
481.2 57.7654 -1.90933 -1.53978 0.423912
481.3 57.575 -1.90551 -1.53635 0.423833
481.4 57.385 -1.9017 -1.53293 0.423754
481.5 57.1954 -1.89789 -1.52952 0.423675
481.6 57.0062 -1.89409 -1.52611 0.423597
481.7 56.8174 -1.8903 -1.52271 0.423518
481.8 56.6289 -1.88652 -1.51932 0.423439
481.9 56.4408 -1.88274 -1.51593 0.423361
482 56.2531 -1.87897 -1.51256 0.423282
482.1 56.0658 -1.8752 -1.50918 0.423203
482.2 55.8788 -1.87144 -1.50582 0.423125
482.3 55.6922 -1.86769 -1.50246 0.423046
482.4 55.506 -1.86395 -1.49911 0.422968
482.5 55.3202 -1.86021 -1.49576 0.422889
482.6 55.1347 -1.85648 -1.49243 0.422811
482.7 54.9496 -1.85276 -1.48909 0.422732
482.8 54.7649 -1.84904 -1.48577 0.422654
482.9 54.5806 -1.84533 -1.48245 0.422576
483 54.3966 -1.84162 -1.47914 0.422497
483.1 54.213 -1.83793 -1.47583 0.422419
483.2 54.0297 -1.83424 -1.47254 0.422341
483.3 53.8469 -1.83056 -1.46924 0.422262
483.4 53.6644 -1.82688 -1.46596 0.422184
483.5 53.4822 -1.82321 -1.46268 0.422106
483.6 53.3005 -1.81955 -1.45941 0.422028
483.7 53.1191 -1.81589 -1.45614 0.42195
483.8 52.938 -1.81224 -1.45288 0.421872
483.9 52.7573 -1.8086 -1.44963 0.421793
484 52.577 -1.80496 -1.44639 0.421715
484.1 52.3971 -1.80133 -1.44315 0.421637
484.2 52.2175 -1.79771 -1.43991 0.421559
484.3 52.0382 -1.7941 -1.43669 0.421481
484.4 51.8594 -1.79049 -1.43347 0.421403
484.5 51.6809 -1.78688 -1.43026 0.421326
484.6 51.5027 -1.78329 -1.42705 0.421248
484.7 51.3249 -1.7797 -1.42385 0.42117
484.8 51.1475 -1.77611 -1.42065 0.421092
484.9 50.9704 -1.77254 -1.41747 0.421014
485 50.7937 -1.76897 -1.41429 0.420936
485.1 50.6173 -1.7654 -1.41111 0.420859
485.2 50.4413 -1.76185 -1.40794 0.420781
485.3 50.2657 -1.7583 -1.40478 0.420703
485.4 50.0904 -1.75475 -1.40163 0.420625
485.5 49.9154 -1.75122 -1.39848 0.420548
485.6 49.7408 -1.74769 -1.39534 0.42047
485.7 49.5666 -1.74416 -1.3922 0.420393
485.8 49.3927 -1.74064 -1.38907 0.420315
485.9 49.2192 -1.73713 -1.38595 0.420238
486 49.046 -1.73363 -1.38283 0.42016
486.1 48.8732 -1.73013 -1.37972 0.420083
486.2 48.7007 -1.72664 -1.37661 0.420005
486.3 48.5285 -1.72315 -1.37351 0.419928
486.4 48.3567 -1.71967 -1.37042 0.41985
486.5 48.1853 -1.7162 -1.36734 0.419773
486.6 48.0142 -1.71273 -1.36426 0.419696
486.7 47.8434 -1.70927 -1.36118 0.419618
486.8 47.673 -1.70582 -1.35811 0.419541
486.9 47.503 -1.70237 -1.35505 0.419464
487 47.3332 -1.69893 -1.352 0.419386
487.1 47.1639 -1.6955 -1.34895 0.419309
487.2 46.9948 -1.69207 -1.34591 0.419232
487.3 46.8261 -1.68864 -1.34287 0.419155
487.4 46.6578 -1.68523 -1.33984 0.419078
487.5 46.4898 -1.68182 -1.33682 0.419001
487.6 46.3221 -1.67842 -1.3338 0.418924
487.7 46.1548 -1.67502 -1.33079 0.418847
487.8 45.9878 -1.67163 -1.32778 0.41877
487.9 45.8211 -1.66824 -1.32478 0.418693
488 45.6548 -1.66486 -1.32179 0.418616
488.1 45.4888 -1.66149 -1.3188 0.418539
488.2 45.3232 -1.65813 -1.31582 0.418462
488.3 45.1579 -1.65477 -1.31284 0.418385
488.4 44.9929 -1.65141 -1.30987 0.418308
488.5 44.8282 -1.64806 -1.30691 0.418231
488.6 44.6639 -1.64472 -1.30395 0.418154
488.7 44.5 -1.64139 -1.301 0.418078
488.8 44.3363 -1.63806 -1.29805 0.418001
488.9 44.173 -1.63473 -1.29511 0.417924
489 44.01 -1.63142 -1.29218 0.417847
489.1 43.8474 -1.62811 -1.28925 0.417771
489.2 43.6851 -1.6248 -1.28633 0.417694
489.3 43.5231 -1.6215 -1.28342 0.417617
489.4 43.3614 -1.61821 -1.28051 0.417541
489.5 43.2001 -1.61492 -1.2776 0.417464
489.6 43.0391 -1.61164 -1.2747 0.417388
489.7 42.8784 -1.60837 -1.27181 0.417311
489.8 42.7181 -1.6051 -1.26893 0.417235
489.9 42.5581 -1.60184 -1.26605 0.417158
490 42.3984 -1.59858 -1.26317 0.417082
490.1 42.239 -1.59533 -1.2603 0.417005
490.2 42.08 -1.59208 -1.25744 0.416929
490.3 41.9212 -1.58885 -1.25458 0.416853
490.4 41.7628 -1.58561 -1.25173 0.416776
490.5 41.6048 -1.58239 -1.24889 0.4167
490.6 41.447 -1.57916 -1.24605 0.416624
490.7 41.2896 -1.57595 -1.24321 0.416547
490.8 41.1325 -1.57274 -1.24038 0.416471
490.9 40.9757 -1.56954 -1.23756 0.416395
491 40.8192 -1.56634 -1.23475 0.416319
491.1 40.663 -1.56315 -1.23193 0.416243
491.2 40.5072 -1.55996 -1.22913 0.416167
491.3 40.3517 -1.55678 -1.22633 0.41609
491.4 40.1965 -1.55361 -1.22354 0.416014
491.5 40.0416 -1.55044 -1.22075 0.415938
491.6 39.887 -1.54728 -1.21797 0.415862
491.7 39.7328 -1.54412 -1.21519 0.415786
491.8 39.5788 -1.54097 -1.21242 0.41571
491.9 39.4252 -1.53783 -1.20965 0.415634
492 39.2719 -1.53469 -1.20689 0.415558
492.1 39.1189 -1.53155 -1.20414 0.415483
492.2 38.9662 -1.52842 -1.20139 0.415407
492.3 38.8138 -1.5253 -1.19865 0.415331
492.4 38.6618 -1.52219 -1.19591 0.415255
492.5 38.51 -1.51908 -1.19318 0.415179
492.6 38.3586 -1.51597 -1.19045 0.415103
492.7 38.2074 -1.51287 -1.18773 0.415028
492.8 38.0566 -1.50978 -1.18502 0.414952
492.9 37.9061 -1.50669 -1.18231 0.414876
493 37.7559 -1.50361 -1.17961 0.414801
493.1 37.606 -1.50053 -1.17691 0.414725
493.2 37.4564 -1.49746 -1.17422 0.414649
493.3 37.3071 -1.4944 -1.17153 0.414574
493.4 37.1581 -1.49134 -1.16885 0.414498
493.5 37.0095 -1.48828 -1.16617 0.414423
493.6 36.8611 -1.48524 -1.1635 0.414347
493.7 36.713 -1.48219 -1.16083 0.414272
493.8 36.5653 -1.47916 -1.15817 0.414196
493.9 36.4178 -1.47612 -1.15552 0.414121
494 36.2706 -1.4731 -1.15287 0.414045
494.1 36.1238 -1.47008 -1.15023 0.41397
494.2 35.9772 -1.46706 -1.14759 0.413894
494.3 35.831 -1.46405 -1.14496 0.413819
494.4 35.685 -1.46105 -1.14233 0.413744
494.5 35.5394 -1.45805 -1.13971 0.413669
494.6 35.394 -1.45506 -1.13709 0.413593
494.7 35.2489 -1.45207 -1.13448 0.413518
494.8 35.1042 -1.44909 -1.13188 0.413443
494.9 34.9597 -1.44611 -1.12928 0.413368
495 34.8156 -1.44314 -1.12668 0.413292
495.1 34.6717 -1.44018 -1.12409 0.413217
495.2 34.5281 -1.43722 -1.12151 0.413142
495.3 34.3848 -1.43426 -1.11893 0.413067
495.4 34.2419 -1.43131 -1.11635 0.412992
495.5 34.0992 -1.42837 -1.11378 0.412917
495.6 33.9568 -1.42543 -1.11122 0.412842
495.7 33.8147 -1.4225 -1.10866 0.412767
495.8 33.6729 -1.41957 -1.10611 0.412692
495.9 33.5313 -1.41665 -1.10356 0.412617
496 33.3901 -1.41373 -1.10102 0.412542
496.1 33.2492 -1.41082 -1.09849 0.412467
496.2 33.1085 -1.40791 -1.09595 0.412392
496.3 32.9682 -1.40501 -1.09343 0.412317
496.4 32.8281 -1.40212 -1.09091 0.412243
496.5 32.6883 -1.39923 -1.08839 0.412168
496.6 32.5488 -1.39634 -1.08588 0.412093
496.7 32.4096 -1.39346 -1.08337 0.412018
496.8 32.2707 -1.39059 -1.08087 0.411944
496.9 32.1321 -1.38772 -1.07838 0.411869
497 31.9937 -1.38486 -1.07589 0.411794
497.1 31.8557 -1.382 -1.0734 0.411719
497.2 31.7179 -1.37915 -1.07092 0.411645
497.3 31.5804 -1.3763 -1.06845 0.41157
497.4 31.4432 -1.37346 -1.06598 0.411496
497.5 31.3063 -1.37062 -1.06351 0.411421
497.6 31.1697 -1.36779 -1.06105 0.411347
497.7 31.0333 -1.36496 -1.0586 0.411272
497.8 30.8972 -1.36214 -1.05615 0.411198
497.9 30.7614 -1.35932 -1.05371 0.411123
498 30.6259 -1.35651 -1.05127 0.411049
498.1 30.4907 -1.3537 -1.04883 0.410974
498.2 30.3558 -1.3509 -1.0464 0.4109
498.3 30.2211 -1.34811 -1.04398 0.410825
498.4 30.0867 -1.34532 -1.04156 0.410751
498.5 29.9526 -1.34253 -1.03915 0.410677
498.6 29.8187 -1.33975 -1.03674 0.410602
498.7 29.6852 -1.33697 -1.03433 0.410528
498.8 29.5519 -1.3342 -1.03193 0.410454
498.9 29.4189 -1.33144 -1.02954 0.41038
499 29.2862 -1.32868 -1.02715 0.410305
499.1 29.1537 -1.32592 -1.02477 0.410231
499.2 29.0215 -1.32317 -1.02239 0.410157
499.3 28.8896 -1.32043 -1.02001 0.410083
499.4 28.758 -1.31769 -1.01764 0.410009
499.5 28.6266 -1.31495 -1.01528 0.409935
499.6 28.4955 -1.31222 -1.01292 0.409861
499.7 28.3647 -1.3095 -1.01057 0.409787
499.8 28.2342 -1.30678 -1.00822 0.409713
499.9 28.1039 -1.30406 -1.00587 0.409639
500 27.9739 -1.30135 -1.00353 0.409565
500.1 27.8442 -1.29865 -1.0012 0.409491
500.2 27.7147 -1.29595 -0.998865 0.409417
500.3 27.5855 -1.29325 -0.99654 0.409343
500.4 27.4566 -1.29056 -0.994219 0.409269
500.5 27.328 -1.28788 -0.991903 0.409195
500.6 27.1996 -1.2852 -0.989592 0.409121
500.7 27.0715 -1.28252 -0.987286 0.409048
500.8 26.9436 -1.27985 -0.984985 0.408974
500.9 26.816 -1.27719 -0.982688 0.4089
501 26.6887 -1.27453 -0.980397 0.408826
501.1 26.5616 -1.27187 -0.97811 0.408753
501.2 26.4349 -1.26922 -0.975827 0.408679
501.3 26.3083 -1.26658 -0.97355 0.408605
501.4 26.1821 -1.26393 -0.971277 0.408532
501.5 26.0561 -1.2613 -0.969009 0.408458
501.6 25.9303 -1.25867 -0.966746 0.408384
501.7 25.8049 -1.25604 -0.964488 0.408311
501.8 25.6797 -1.25342 -0.962234 0.408237
501.9 25.5547 -1.2508 -0.959985 0.408164
502 25.43 -1.24819 -0.95774 0.40809
502.1 25.3056 -1.24558 -0.955501 0.408017
502.2 25.1814 -1.24298 -0.953265 0.407943
502.3 25.0575 -1.24038 -0.951035 0.40787
502.4 24.9339 -1.23779 -0.948809 0.407796
502.5 24.8105 -1.2352 -0.946588 0.407723
502.6 24.6873 -1.23262 -0.944372 0.40765
502.7 24.5645 -1.23004 -0.94216 0.407576
502.8 24.4418 -1.22747 -0.939953 0.407503
502.9 24.3195 -1.2249 -0.937751 0.40743
503 24.1974 -1.22233 -0.935553 0.407356
503.1 24.0755 -1.21977 -0.933359 0.407283
503.2 23.9539 -1.21722 -0.931171 0.40721
503.3 23.8326 -1.21467 -0.928987 0.407137
503.4 23.7115 -1.21212 -0.926807 0.407063
503.5 23.5907 -1.20958 -0.924632 0.40699
503.6 23.4701 -1.20705 -0.922462 0.406917
503.7 23.3498 -1.20452 -0.920296 0.406844
503.8 23.2297 -1.20199 -0.918135 0.406771
503.9 23.1099 -1.19947 -0.915978 0.406698
504 22.9903 -1.19695 -0.913826 0.406625
504.1 22.871 -1.19444 -0.911678 0.406552
504.2 22.7519 -1.19193 -0.909535 0.406479
504.3 22.6331 -1.18942 -0.907396 0.406406
504.4 22.5145 -1.18693 -0.905262 0.406333
504.5 22.3962 -1.18443 -0.903132 0.40626
504.6 22.2781 -1.18194 -0.901007 0.406187
504.7 22.1603 -1.17946 -0.898886 0.406114
504.8 22.0428 -1.17697 -0.89677 0.406041
504.9 21.9254 -1.1745 -0.894658 0.405968
505 21.8083 -1.17203 -0.89255 0.405895
505.1 21.6915 -1.16956 -0.890447 0.405823
505.2 21.5749 -1.1671 -0.888349 0.40575
505.3 21.4586 -1.16464 -0.886255 0.405677
505.4 21.3425 -1.16219 -0.884165 0.405604
505.5 21.2266 -1.15974 -0.88208 0.405532
505.6 21.111 -1.15729 -0.879999 0.405459
505.7 20.9957 -1.15485 -0.877922 0.405386
505.8 20.8806 -1.15242 -0.87585 0.405314
505.9 20.7657 -1.14999 -0.873782 0.405241
506 20.651 -1.14756 -0.871719 0.405168
506.1 20.5366 -1.14514 -0.86966 0.405096
506.2 20.4225 -1.14272 -0.867605 0.405023
506.3 20.3086 -1.14031 -0.865555 0.404951
506.4 20.1949 -1.1379 -0.863508 0.404878
506.5 20.0815 -1.13549 -0.861467 0.404806
506.6 19.9683 -1.13309 -0.859429 0.404733
506.7 19.8553 -1.1307 -0.857396 0.404661
506.8 19.7426 -1.12831 -0.855367 0.404588
506.9 19.6302 -1.12592 -0.853343 0.404516
507 19.5179 -1.12354 -0.851323 0.404443
507.1 19.4059 -1.12116 -0.849307 0.404371
507.2 19.2942 -1.11879 -0.847295 0.404299
507.3 19.1826 -1.11642 -0.845288 0.404226
507.4 19.0714 -1.11405 -0.843284 0.404154
507.5 18.9603 -1.11169 -0.841286 0.404082
507.6 18.8495 -1.10934 -0.839291 0.404009
507.7 18.7389 -1.10699 -0.8373 0.403937
507.8 18.6286 -1.10464 -0.835314 0.403865
507.9 18.5184 -1.1023 -0.833332 0.403793
508 18.4086 -1.09996 -0.831354 0.403721
508.1 18.2989 -1.09762 -0.829381 0.403648
508.2 18.1895 -1.09529 -0.827411 0.403576
508.3 18.0803 -1.09297 -0.825446 0.403504
508.4 17.9714 -1.09065 -0.823485 0.403432
508.5 17.8627 -1.08833 -0.821528 0.40336
508.6 17.7542 -1.08602 -0.819575 0.403288
508.7 17.6459 -1.08371 -0.817627 0.403216
508.8 17.5379 -1.0814 -0.815682 0.403144
508.9 17.4301 -1.0791 -0.813742 0.403072
509 17.3225 -1.07681 -0.811806 0.403
509.1 17.2152 -1.07451 -0.809874 0.402928
509.2 17.1081 -1.07223 -0.807946 0.402856
509.3 17.0012 -1.06994 -0.806022 0.402784
509.4 16.8946 -1.06766 -0.804102 0.402712
509.5 16.7881 -1.06539 -0.802186 0.40264
509.6 16.6819 -1.06312 -0.800275 0.402569
509.7 16.576 -1.06085 -0.798367 0.402497
509.8 16.4702 -1.05859 -0.796464 0.402425
509.9 16.3647 -1.05633 -0.794565 0.402353
510 16.2594 -1.05408 -0.792669 0.402282
510.1 16.1543 -1.05183 -0.790778 0.40221
510.2 16.0495 -1.04958 -0.788891 0.402138
510.3 15.9449 -1.04734 -0.787008 0.402066
510.4 15.8405 -1.0451 -0.785128 0.401995
510.5 15.7363 -1.04287 -0.783253 0.401923
510.6 15.6323 -1.04064 -0.781382 0.401851
510.7 15.5286 -1.03841 -0.779515 0.40178
510.8 15.4251 -1.03619 -0.777652 0.401708
510.9 15.3218 -1.03398 -0.775793 0.401637
511 15.2187 -1.03176 -0.773937 0.401565
511.1 15.1159 -1.02955 -0.772086 0.401494
511.2 15.0133 -1.02735 -0.770239 0.401422
511.3 14.9109 -1.02515 -0.768396 0.401351
511.4 14.8087 -1.02295 -0.766556 0.401279
511.5 14.7067 -1.02076 -0.764721 0.401208
511.6 14.605 -1.01857 -0.76289 0.401136
511.7 14.5034 -1.01639 -0.761062 0.401065
511.8 14.4021 -1.01421 -0.759238 0.400994
511.9 14.301 -1.01203 -0.757419 0.400922
512 14.2002 -1.00986 -0.755603 0.400851
512.1 14.0995 -1.00769 -0.753791 0.40078
512.2 13.9991 -1.00552 -0.751983 0.400708
512.3 13.8988 -1.00336 -0.750179 0.400637
512.4 13.7988 -1.00121 -0.748379 0.400566
512.5 13.699 -0.999055 -0.746582 0.400495
512.6 13.5994 -0.996906 -0.74479 0.400423
512.7 13.5001 -0.994762 -0.743001 0.400352
512.8 13.4009 -0.992621 -0.741216 0.400281
512.9 13.302 -0.990484 -0.739435 0.40021
513 13.2032 -0.988352 -0.737658 0.400139
513.1 13.1047 -0.986223 -0.735885 0.400068
513.2 13.0064 -0.984098 -0.734116 0.399996
513.3 12.9083 -0.981977 -0.73235 0.399925
513.4 12.8104 -0.97986 -0.730588 0.399854
513.5 12.7128 -0.977747 -0.72883 0.399783
513.6 12.6153 -0.975637 -0.727076 0.399712
513.7 12.5181 -0.973532 -0.725325 0.399641
513.8 12.421 -0.971431 -0.723579 0.39957
513.9 12.3242 -0.969333 -0.721836 0.399499
514 12.2276 -0.967239 -0.720097 0.399429
514.1 12.1312 -0.965149 -0.718361 0.399358
514.2 12.035 -0.963063 -0.71663 0.399287
514.3 11.939 -0.960981 -0.714902 0.399216
514.4 11.8432 -0.958903 -0.713177 0.399145
514.5 11.7476 -0.956828 -0.711457 0.399074
514.6 11.6522 -0.954757 -0.70974 0.399003
514.7 11.5571 -0.95269 -0.708027 0.398933
514.8 11.4621 -0.950627 -0.706318 0.398862
514.9 11.3674 -0.948568 -0.704613 0.398791
515 11.2728 -0.946513 -0.702911 0.39872
515.1 11.1785 -0.944461 -0.701212 0.39865
515.2 11.0843 -0.942413 -0.699518 0.398579
515.3 10.9904 -0.940369 -0.697827 0.398508
515.4 10.8967 -0.938328 -0.69614 0.398438
515.5 10.8031 -0.936292 -0.694456 0.398367
515.6 10.7098 -0.934259 -0.692777 0.398296
515.7 10.6167 -0.93223 -0.6911 0.398226
515.8 10.5238 -0.930205 -0.689428 0.398155
515.9 10.4311 -0.928183 -0.687759 0.398085
516 10.3385 -0.926165 -0.686094 0.398014
516.1 10.2462 -0.924151 -0.684432 0.397944
516.2 10.1541 -0.92214 -0.682774 0.397873
516.3 10.0622 -0.920134 -0.68112 0.397803
516.4 9.97048 -0.918131 -0.679469 0.397732
516.5 9.87897 -0.916131 -0.677821 0.397662
516.6 9.78766 -0.914136 -0.676178 0.397592
516.7 9.69654 -0.912144 -0.674538 0.397521
516.8 9.60563 -0.910155 -0.672901 0.397451
516.9 9.51491 -0.908171 -0.671268 0.39738
517 9.42439 -0.90619 -0.669639 0.39731
517.1 9.33407 -0.904212 -0.668013 0.39724
517.2 9.24394 -0.902239 -0.666391 0.39717
517.3 9.15401 -0.900269 -0.664772 0.397099
517.4 9.06428 -0.898302 -0.663157 0.397029
517.5 8.97474 -0.896339 -0.661545 0.396959
517.6 8.8854 -0.89438 -0.659937 0.396889
517.7 8.79626 -0.892425 -0.658333 0.396818
517.8 8.70731 -0.890473 -0.656732 0.396748
517.9 8.61855 -0.888525 -0.655134 0.396678
518 8.52999 -0.88658 -0.65354 0.396608
518.1 8.44163 -0.884639 -0.651949 0.396538
518.2 8.35345 -0.882701 -0.650362 0.396468
518.3 8.26547 -0.880767 -0.648779 0.396398
518.4 8.17769 -0.878837 -0.647198 0.396328
518.5 8.09009 -0.87691 -0.645622 0.396258
518.6 8.00269 -0.874987 -0.644048 0.396188
518.7 7.91548 -0.873067 -0.642479 0.396118
518.8 7.82846 -0.871151 -0.640912 0.396048
518.9 7.74163 -0.869238 -0.639349 0.395978
519 7.65499 -0.867329 -0.63779 0.395908
519.1 7.56855 -0.865423 -0.636234 0.395838
519.2 7.48229 -0.863521 -0.634681 0.395768
519.3 7.39622 -0.861622 -0.633132 0.395698
519.4 7.31034 -0.859727 -0.631586 0.395628
519.5 7.22465 -0.857836 -0.630044 0.395558
519.6 7.13915 -0.855948 -0.628505 0.395489
519.7 7.05384 -0.854063 -0.626969 0.395419
519.8 6.96872 -0.852182 -0.625437 0.395349
519.9 6.88378 -0.850304 -0.623908 0.395279
520 6.79903 -0.84843 -0.622383 0.395209
520.1 6.71447 -0.846559 -0.62086 0.39514
520.2 6.63009 -0.844692 -0.619342 0.39507
520.3 6.5459 -0.842828 -0.617826 0.395
520.4 6.4619 -0.840968 -0.616314 0.394931
520.5 6.37808 -0.839111 -0.614805 0.394861
520.6 6.29445 -0.837257 -0.6133 0.394791
520.7 6.211 -0.835407 -0.611798 0.394722
520.8 6.12774 -0.833561 -0.610299 0.394652
520.9 6.04466 -0.831717 -0.608804 0.394583
521 5.96176 -0.829877 -0.607312 0.394513
521.1 5.87905 -0.828041 -0.605823 0.394444
521.2 5.79652 -0.826208 -0.604337 0.394374
521.3 5.71417 -0.824378 -0.602855 0.394305
521.4 5.63201 -0.822552 -0.601376 0.394235
521.5 5.55003 -0.820729 -0.5999 0.394166
521.6 5.46823 -0.818909 -0.598428 0.394096
521.7 5.38661 -0.817093 -0.596959 0.394027
521.8 5.30517 -0.81528 -0.595493 0.393957
521.9 5.22391 -0.813471 -0.59403 0.393888
522 5.14284 -0.811664 -0.592571 0.393819
522.1 5.06194 -0.809862 -0.591115 0.393749
522.2 4.98123 -0.808062 -0.589662 0.39368
522.3 4.90069 -0.806266 -0.588212 0.393611
522.4 4.82033 -0.804473 -0.586766 0.393541
522.5 4.74015 -0.802684 -0.585323 0.393472
522.6 4.66015 -0.800897 -0.583883 0.393403
522.7 4.58033 -0.799114 -0.582446 0.393334
522.8 4.50068 -0.797335 -0.581012 0.393264
522.9 4.42122 -0.795558 -0.579582 0.393195
523 4.34193 -0.793785 -0.578155 0.393126
523.1 4.26281 -0.792015 -0.576731 0.393057
523.2 4.18388 -0.790249 -0.57531 0.392988
523.3 4.10512 -0.788486 -0.573892 0.392919
523.4 4.02653 -0.786726 -0.572478 0.39285
523.5 3.94812 -0.784969 -0.571066 0.392781
523.6 3.86989 -0.783215 -0.569658 0.392711
523.7 3.79183 -0.781465 -0.568253 0.392642
523.8 3.71395 -0.779718 -0.566851 0.392573
523.9 3.63624 -0.777974 -0.565452 0.392504
524 3.5587 -0.776234 -0.564057 0.392435
524.1 3.48134 -0.774496 -0.562664 0.392366
524.2 3.40415 -0.772762 -0.561275 0.392297
524.3 3.32713 -0.771031 -0.559888 0.392229
524.4 3.25029 -0.769303 -0.558505 0.39216
524.5 3.17361 -0.767579 -0.557125 0.392091
524.6 3.09711 -0.765857 -0.555748 0.392022
524.7 3.02079 -0.764139 -0.554374 0.391953
524.8 2.94463 -0.762424 -0.553003 0.391884
524.9 2.86864 -0.760712 -0.551636 0.391815
525 2.79283 -0.759004 -0.550271 0.391747
525.1 2.71718 -0.757298 -0.548909 0.391678
525.2 2.64171 -0.755596 -0.547551 0.391609
525.3 2.56641 -0.753896 -0.546195 0.39154
525.4 2.49127 -0.7522 -0.544843 0.391471
525.5 2.4163 -0.750507 -0.543493 0.391403
525.6 2.34151 -0.748818 -0.542147 0.391334
525.7 2.26688 -0.747131 -0.540804 0.391265
525.8 2.19242 -0.745447 -0.539464 0.391197
525.9 2.11812 -0.743767 -0.538126 0.391128
526 2.044 -0.742089 -0.536792 0.391059
526.1 1.97004 -0.740415 -0.535461 0.390991
526.2 1.89625 -0.738744 -0.534133 0.390922
526.3 1.82263 -0.737076 -0.532807 0.390854
526.4 1.74917 -0.735411 -0.531485 0.390785
526.5 1.67588 -0.733749 -0.530166 0.390717
526.6 1.60275 -0.73209 -0.528849 0.390648
526.7 1.52979 -0.730434 -0.527536 0.39058
526.8 1.45699 -0.728782 -0.526226 0.390511
526.9 1.38436 -0.727132 -0.524919 0.390443
527 1.3119 -0.725486 -0.523614 0.390374
527.1 1.23959 -0.723842 -0.522313 0.390306
527.2 1.16746 -0.722201 -0.521014 0.390237
527.3 1.09548 -0.720564 -0.519719 0.390169
527.4 1.02367 -0.71893 -0.518426 0.390101
527.5 0.952022 -0.717298 -0.517136 0.390032
527.6 0.880536 -0.71567 -0.51585 0.389964
527.7 0.809213 -0.714044 -0.514566 0.389896
527.8 0.738052 -0.712422 -0.513285 0.389827
527.9 0.667052 -0.710803 -0.512007 0.389759
528 0.596215 -0.709186 -0.510732 0.389691
528.1 0.525538 -0.707573 -0.50946 0.389623
528.2 0.455022 -0.705962 -0.50819 0.389554
